Methanol Destruction 1020 cm-1,,,,,,,,,,,,,,,,,,,,,,,,,,,,,,,,,,,,,,,,,,,,,,,,,,,,,,,,,,,,,,,,,,,,,,,,,,,,,,,,,,,,,,,,,,,,,,,,,,,,,,,,,,,,,,,,,,,,,,,,,,,,
100% Methanol,,,,,,,,,,,,,,,,,,,,,,,,,,,,,,,,,,,,,,11-16% Methanol,,,,,,,,,,,,,,,,,,,,,,,,,,,,,,,,,,,,1020 cm-1,,,,,,,,,,,,,,,,,,,,,,,,,,,,,,,,,,,,,,,,,,,,,,,,,,
0min 100W,,,,60min 100W,,,,,,,,,,,,,,0min 50W,,,,,,,,,,,,75min 50W,,,,,,,,0 min 100W,,,,,,,,60 min 100W,,,,,,,,,,,,,,0min 50W,,,,,,,,75min 50W,,,,,,0 min 100W 100%,60 min 100W 100%,,,,,0 min 50W 100%,,,,,75 min 50W 100%,,,0min 100W 11-16%,,,60min 100W 11-16%,,,,,,0min 50W 11-16%,,,75min 50W 11-16%,,,,1020,,,,,,,,,,,60 min 100W,absolute error ,0 min 100 W,error,75min 50W,error,0 min 50 W,error,,
,,110923,,,,101223,,092823 - IR out,,91523,,83123,,102824,,Average,st. dev.,,,010324 -2nd good,,122123 -power surge,,122723 -purge,,121823 -oscillate,,Average,st. dev.,,,010523,,122923 -purge,,Average,st. dev.,,,81524,,81624,,Average,st. dev.,,,71824,,090324 -purge,,92424,,100824 -purge,,101524,,Average,st. dev.,,,82724,,083024 -purge,,Average,st. dev.,,,91724,,,,110923,101223,92823,91523,83123,ave,10324,122123,122723,121823,ave,10524,122923,ave,81524,81624,ave,71824,90324,92424,100824,101524,ave,82724,83024,ave,91724,,,,100%,,,,14-19%,,,,percentage,thickness,,0,0,0,0,0,0,0,0,,
Temp,Fluence,Integrated Absorbance,Normalized,Time/Temp,Fluence,Integrated Absorbance,Normalized,Integrated Absorbance,Normalized,Integrated Absorbance,Normalized,Integrated Absorbance,Normalized,Integrated Absorbance,Normalized,Normalized,Normalized,Temp,Fluence,Integrated Absorbance,Normalized,Integrated Absorbance,Normalized,Integrated Absorbance,Normalized,Integrated Absorbance,Normalized,Normalized,Normalized,Time/Temp,Fluence,Integrated Absorbance,Normalized,Integrated Absorbance,Normalized,Normalized,Normalized,Temp,Fluence,Integrated Absorbance,Normalized,Integrated Absorbance,Normalized,Normalized,Normalized,Time/Temp,Fluence,Integrated Absorbance,Normalized,Integrated Absorbance,Normalized,Integrated Absorbance,Normalized,Integrated Absorbance,Normalized,Integrated Absorbance,Normalized,Normalized,Normalized,Temp,Fluence,Integrated Absorbance,Normalized,Integrated Absorbance,Normalized,Normalized,Normalized,Time/Temp,Fluence,Integrated Absorbance,Normalized,,,Propagated 1sigma error,Propagated 1sigma error,Propagated 1sigma error,Propagated 1sigma error,Propagated 1sigma error,Propagated 1sigma error,Propagated 1sigma error,Propagated 1sigma error,Propagated 1sigma error,Propagated 1sigma error,Propagated 1sigma error,Propagated 1sigma error,Propagated 1sigma error,Propagated 1sigma error,Propagated 1sigma error,Propagated 1sigma error,Propagated 1sigma error,Propagated 1sigma error,Propagated 1sigma error,Propagated 1sigma error,Propagated 1sigma error,Propagated 1sigma error,Propagated 1sigma error,Propagated 1sigma error,Propagated 1sigma error,Propagated 1sigma error,Propagated 1sigma error,,,,temp,fluence,norm. int. absorbance,error,temp,fluence,norm. int. absorbance,error,,,,1.62E+17,4.2E+16,1.62E+17,4.2E+16,1.515E+17,2.25E+16,1.515E+17,2.25E+16,,0
10,0,6.471,1,10,0,6.463,1,5.384,1,5.751,1,2.6934,1,,0,1,,10K,0,6.895,1,6.384,1,6.764,1,6.659,1,1,,0,0,6.465,1,6.11,1,1,,10K,0,0.8415,1,1.0293,1,1,,0,0,1.0936,1,0.7488,1,0.9395,1,0.8657,1,0.9733,1,1,,10K,0,0.6921,1,0.8721,1,1,,0,0,0.8675,1,,,0.048647448,0.03439894,0.048647448,0.048647448,0.048647448,0.045085321,0.048647448,0.048647448,0.048647448,0.048647448,0.048647448,0.048647448,0.048647448,0.048647448,0.048647448,0.048647448,0.048647448,0.048647448,0.048647448,0.048647448,0.048647448,0.048647448,0.048647448,0.048647448,0.048647448,0.048647448,0.048647448,,0,1,20,1.54E+17,0.8627,0.041967357,20,1.54E+17,0.7612,0.037031854,16.7,1010,,3.24E+17,8.4E+16,3.24E+17,8.4E+16,3.03E+17,4.5E+16,3.03E+17,4.5E+16,,1.62E+17
20,1.62E+17,5.76,0.890125174,10,1.62E+17,5.015,0.775955439,4.711,0.875,5.101,0.886976178,2.3906,0.88757704,,1.62E+17,0.856377164,,20K,1.515E+17,6.262,0.908194344,5.805,0.909304511,6.116,0.904198699,5.971,0.896681183,0.904594684,,12.5,1.515E+17,5.819,0.90007734,5.554,0.909001637,0.904539489,,20K,1.62E+17,0.6893,0.819132502,0.863,0.838433887,0.828783195,,10,1.62E+17,0.9014,0.824250183,0.6239,0.833199786,0.7913,0.842256519,0.6762,0.781101998,0.8093,0.831501079,0.822461913,,20K,1.515E+17,0.6239,0.901459327,0.7815,0.896112831,0.898786079,,12.5,1.515E+17,0.7666,0.883688761,,,0.043302318,0.026692045,0.042566517,0.043149127,0.043178358,0.038896512,0.044181337,0.044235344,0.043986959,0.043621251,0.044006223,0.043786465,0.04422061,0.044003537,0.039848706,0.040787669,0.040318187,0.040097668,0.040533043,0.04097363,0.037998619,0.040450405,0.040010673,0.043853695,0.043593602,0.043723649,0.042989203,,1.62E+17,0.856377164,50,6.17E+17,0.7525,0.036608079,50,6.17E+17,0.4482,0.02180353,17.7,784,,4.86E+17,1.26E+17,4.86E+17,1.26E+17,4.545E+17,6.75E+16,4.545E+17,6.75E+16,,3.24E+17
30,3.24E+17,5.449,0.842064596,10,3.24E+17,4.56,0.705554696,4.426,0.822065379,4.854,0.844027126,2.2378,0.830845771,,3.24E+17,0.800623243,,30K,3.03E+17,5.941,0.861638869,5.533,0.866697995,5.836,0.862803075,5.682,0.853281274,0.861105303,,25,3.03E+17,5.432,0.840216551,5.242,0.857937807,0.849077179,,30K,3.24E+17,0.6085,0.723113488,0.8115,0.788399883,0.755756686,,20,3.24E+17,0.8141,0.744422092,0.5712,0.762820513,0.724,0.770622672,0.605,0.698856417,0.7356,0.755779308,0.7465002,,30K,3.03E+17,0.5889,0.8508886,0.7325,0.839926614,0.845407607,,25,3.03E+17,0.7193,0.829164265,,,0.040964293,0.024270334,0.039991383,0.041059765,0.040418526,0.036435002,0.041916532,0.042162645,0.041973167,0.041509956,0.041890575,0.040874391,0.041736485,0.041305438,0.035177626,0.038353642,0.036765634,0.036214235,0.037109271,0.037488826,0.033997581,0.036766734,0.036315329,0.041393559,0.040860286,0.041126922,0.040336725,,3.24E+17,0.800623243,100,1.39E+18,0.6218,0.030250627,70,9.26E+17,0.409,0.019895835,14.6,879,,6.48E+17,1.68E+17,6.48E+17,1.68E+17,6.06E+17,9E+16,6.06E+17,9E+16,,4.86E+17
40,4.86E+17,5.191,0.802194406,10,4.86E+17,4.212,0.651709732,4.192,0.778603269,4.657,0.809772214,2.1074,0.782431128,,4.86E+17,0.755629086,,40K,4.545E+17,5.688,0.824945613,5.316,0.832706767,5.587,0.825990538,5.414,0.81303499,0.824169477,,37.5,4.545E+17,5.145,0.795823666,5.001,0.818494272,0.807158969,,40K,4.86E+17,0.54,0.64171123,0.7593,0.737685806,0.689698518,,30,4.86E+17,0.7557,0.691020483,0.5329,0.711672009,0.6615,0.704097924,0.5464,0.631165531,0.6844,0.703174766,0.688226143,,40K,4.545E+17,0.5608,0.810287531,0.695,0.796926958,0.803607245,,37.5,4.545E+17,0.6857,0.790432277,,,0.03902471,0.022418124,0.037877062,0.039393351,0.038063277,0.034437954,0.040131499,0.040509059,0.040182332,0.039552077,0.040093742,0.03871479,0.039817657,0.039266224,0.031217613,0.035886532,0.033552073,0.033616383,0.034621027,0.034252567,0.030704592,0.034207658,0.033480445,0.03941842,0.038768463,0.039093441,0.038452513,,4.86E+17,0.755629086,130,1.85E+18,0.5575,0.027119972,100,1.39E+18,0.202,0.010550288,14.7,856,,8.1E+17,2.1E+17,8.1E+17,2.1E+17,7.575E+17,1.125E+17,7.575E+17,1.125E+17,,6.48E+17
50,6.48E+17,4.965,0.767269356,10,6.48E+17,3.699,0.572334829,4.01,0.744799406,4.496,0.781777082,2.009,0.745897379,,6.48E+17,0.711202174,,50K,6.06E+17,5.454,0.791007977,5.127,0.803101504,5.371,0.794056771,5.184,0.77849527,0.791665381,,50,6.06E+17,4.922,0.76133024,4.78,0.782324059,0.77182715,,50K,6.48E+17,0.4887,0.580748663,0.7112,0.690955018,0.635851841,,40,6.48E+17,0.7066,0.646122897,0.4996,0.667200855,0.6215,0.661522086,0.5015,0.579299988,0.6431,0.660741806,0.642977526,,50K,6.06E+17,0.531,0.767230169,0.6638,0.761151244,0.764190707,,50,6.06E+17,0.65,0.749279539,,,0.037325696,0.019687712,0.03623259,0.03803146,0.036286004,0.032559441,0.038480519,0.039068838,0.038628835,0.037871808,0.0385125,0.037036773,0.038058069,0.037547421,0.02825194,0.033613198,0.030932569,0.03143223,0.032457619,0.032181361,0.028181466,0.032143402,0.031279216,0.03732379,0.037028065,0.037175927,0.036450537,,6.48E+17,0.711202174,150,2.16E+18,0.2009,0.009775275,130,1.85E+18,0.3154,0.015344783,18.3,1020,,9.72E+17,2.52E+17,9.72E+17,2.52E+17,9.09E+17,1.35E+17,9.09E+17,1.35E+17,,8.1E+17
60,8.1E+17,4.729,0.730798949,10,8.1E+17,,0.557635773,3.855,0.716010401,4.333,0.753434185,1.9092,0.708843841,,8.1E+17,0.68398105,,60K,7.575E+17,5.241,0.760116026,4.949,0.775219298,5.184,0.766410408,4.986,0.748761075,0.762626702,,62.5,7.575E+17,4.725,0.730858469,4.624,0.756792144,0.743825307,,60K,8.1E+17,0.4413,0.524420677,0.6712,0.652093656,0.588257167,,50,8.1E+17,0.6648,0.607900512,0.48,0.641025641,0.5883,0.626184141,0.4638,0.535751415,0.6093,0.62601459,0.60737526,,60K,7.575E+17,0.5187,0.749458171,0.6331,0.725948859,0.737703515,,62.5,7.575E+17,0.6244,0.719769452,,,0.035551504,,0.034832079,0.03665265,0.034483444,,0.036977705,0.03771244,0.03728391,0.036425315,0.037099843,0.035554399,0.036816006,0.036185203,0.025511727,0.031722692,0.02861721,0.029572808,0.031184261,0.03046226,0.026062939,0.030454012,0.029547256,0.036459227,0.035315559,0.035887393,0.035014947,,8.1E+17,0.68398105,,,,,150,2.16E+18,0.0964,0.004688684,20.3,981,,1.134E+18,2.94E+17,1.134E+18,2.94E+17,1.0605E+18,1.575E+17,1.0605E+18,1.575E+17,,9.72E+17
70,9.72E+17,4.438,0.685829084,10,9.72E+17,3.509,0.542936717,3.741,0.694836553,4.207,0.731524952,1.8378,0.682334596,,9.72E+17,0.662908205,,70K,9.09E+17,5.031,0.729659173,4.769,0.74702381,4.986,0.737137788,4.78,0.717825499,0.732911568,,75,9.09E+17,4.555,0.704563032,4.492,0.735188216,0.719875624,,70K,9.72E+17,0.4016,0.477243018,0.6295,0.611580686,0.544411852,,60,9.72E+17,0.6268,0.57315289,0.4586,0.612446581,0.5576,0.593507185,0.4407,0.509067806,0.5786,0.594472413,0.576529375,,70K,9.09E+17,0.4983,0.719982662,0.6037,0.692237129,0.706109896,,75,9.09E+17,0.6011,0.692910663,,,0.033363834,0.018676448,0.033802025,0.035586822,0.033193837,0.030314783,0.035496056,0.036340802,0.035859872,0.034920378,0.035654277,0.034275193,0.03576503,0.035020112,0.023216655,0.029751839,0.026484247,0.027882425,0.029793963,0.02887261,0.024764849,0.028919566,0.028046683,0.035025319,0.03367557,0.034350444,0.033708335,,9.72E+17,0.662908205,,,,,,,,,,,,1.296E+18,3.36E+17,1.296E+18,3.36E+17,1.212E+18,1.8E+17,1.212E+18,1.8E+17,,1.296E+18
80,1.134E+18,4.26,0.658321743,20,1.134E+18,,,,,,,,,,,,,80K,1.0605E+18,4.826,0.699927484,4.599,0.720394737,4.794,0.708752218,4.593,0.689743205,0.704704411,,20K,1.0605E+18,4.415,0.682907966,4.366,0.714566285,0.698737126,,80K,1.134E+18,0.3613,0.429352347,0.5934,0.576508307,0.502930327,,20K,1.134E+18,,,0.4396,0.58707265,0.5247,0.558488558,0.4132,0.477301606,0.5539,0.569094832,0.547989412,,80K,1.0605E+18,0.4778,0.690362664,0.5758,0.660245385,0.675304025,,20K,1.0605E+18,0.5807,0.669394813,,,0.032025673,,,,,,0.034049686,0.035045365,0.034478986,0.033554246,0.034282071,0.03322173,0.034761826,0.033991778,0.020886896,0.028045658,0.024466277,,0.028559586,0.027169043,0.023219505,0.027685011,0.026658286,0.033584382,0.032119253,0.032851817,0.032564349,,1.296E+18,0.63204206,,,,,,,,,,,,1.458E+18,3.78E+17,1.458E+18,3.78E+17,1.3635E+18,2.025E+17,1.3635E+18,2.025E+17,,1.62E+18
90,1.296E+18,4.085,0.63127801,30,1.296E+18,3.247,0.502398267,3.576,0.664190193,4.081,0.709615719,1.756,0.65196406,,1.296E+18,0.63204206,,90K,1.212E+18,4.611,0.668745468,4.42,0.69235589,4.599,0.679923122,4.38,0.65775642,0.674695225,,30K,1.212E+18,4.334,0.670378964,4.296,0.703109656,0.68674431,,90K,1.296E+18,0.3252,0.386452763,0.5611,0.545127757,0.46579026,,30K,1.296E+18,0.5663,0.517831017,0.4187,0.559161325,0.5055,0.538052155,0.3911,0.451773132,0.5354,0.550087332,0.523380992,,90K,1.212E+18,0.4646,0.671290276,0.5495,0.630088293,0.650689285,,30K,1.212E+18,0.5614,0.647146974,,,0.030710064,0.017281968,0.032311158,0.034520994,0.031716388,0.028957627,0.03253276,0.033681347,0.033076525,0.031998171,0.032822201,0.032612226,0.03420449,0.033408358,0.018799941,0.026519074,0.022659507,0.025191157,0.027201771,0.026174864,0.02197761,0.026760345,0.025461149,0.032656559,0.030652187,0.031654373,0.031482049,,1.62E+18,0.593702413,,,,,,,,,,,,1.62E+18,4.2E+17,1.62E+18,4.2E+17,1.515E+18,2.25E+17,1.515E+18,2.25E+17,,1.944E+18
100,1.458E+18,3.898,0.602379849,40,1.458E+18,,,,,,,,,,,,,100K,1.3635E+18,4.401,0.638288615,4.259,0.667136592,4.403,0.650946186,4.209,0.632076888,0.64711207,,40K,1.3635E+18,4.255,0.658159319,4.24,0.693944354,0.676051837,,100K,1.458E+18,0.2899,0.344503862,0.5246,0.509666764,0.427085313,,40K,1.458E+18,,,0.4033,0.538595086,0.485,0.516232038,0.367,0.423934388,0.518,0.532210007,0.50274288,,100K,1.3635E+18,0.4429,0.639936425,0.5236,0.600389864,0.620163145,,40K,1.3635E+18,0.5493,0.633198847,,,0.029304242,,,,,,0.031051112,0.032454492,0.031666871,0.030748927,0.031480351,0.032017771,0.033758622,0.032888196,0.016759234,0.024793987,0.02077661,,0.026201276,0.025113371,0.020623326,0.025890658,0.024457158,0.031131274,0.029207434,0.030169354,0.030803508,,1.944E+18,0.55333375,,,,,,,,,,,,1.782E+18,4.62E+17,1.782E+18,4.62E+17,1.6665E+18,2.475E+17,1.6665E+18,2.475E+17,,2.268E+18
110,1.62E+18,3.73,0.576417864,50,1.62E+18,2.923,0.452266749,3.404,0.632243685,3.929,0.683185533,1.6352,0.607113685,,1.62E+18,0.593702413,,110K,1.515E+18,4.192,0.607976795,3.89,0.60933584,4.207,0.621969249,4.02,0.603694248,0.610744033,,50K,1.515E+18,4.16,0.643464811,4.151,0.679378069,0.66142144,,110K,1.62E+18,0.2582,0.306833036,0.486,0.472165549,0.389499293,,50K,1.62E+18,0.4996,0.456839795,0.3911,0.52230235,0.4654,0.495369878,0.3501,0.404412614,0.4946,0.508168088,0.477418545,,110K,1.515E+18,0.4183,0.604392429,0.4934,0.565760807,0.585076618,,50K,1.515E+18,0.5283,0.608991355,,,0.028041258,0.015557497,0.030757042,0.033235232,0.029534531,0.027271076,0.029576519,0.029642633,0.030257217,0.029368184,0.029711138,0.031302921,0.033050009,0.032176465,0.014926644,0.022969649,0.018948146,0.02222409,0.025408676,0.02409848,0.019673641,0.02472108,0.023225194,0.029402149,0.027522819,0.028462484,0.029625875,,2.268E+18,0.507485847,,,,,,,,,,,,1.944E+18,5.04E+17,1.944E+18,5.04E+17,1.818E+18,2.7E+17,1.818E+18,2.7E+17,,2.592E+18
120,1.782E+18,3.567,0.551228558,60,1.782E+18,,,,,,,,,,,,,120K,1.6665E+18,4.053,0.587817259,3.796,0.594611529,4.102,0.60644589,3.91,0.587175252,0.594012483,,60K,1.6665E+18,4.057,0.627532869,4.057,0.663993453,0.645763161,,120K,1.782E+18,0.2284,0.271420083,0.4408,0.42825221,0.349836147,,60K,1.782E+18,,,0.3796,0.506944444,0.4461,0.474827036,0.3347,0.386623542,0.4759,0.488955101,0.464337531,,120K,1.6665E+18,0.3813,0.550931946,0.4531,0.51955051,0.535241228,,60K,1.6665E+18,0.5137,0.592161383,,,0.026815862,,,,,,0.028595809,0.028926333,0.029502045,0.028564577,0.028897191,0.030527872,0.032301587,0.03141473,0.013203894,0.020833377,0.017018636,,0.024661553,0.023099123,0.018808249,0.023786418,0.022588836,0.026801433,0.025274806,0.02603812,0.02880714,,2.592E+18,0.456717445,,,,,,,,,,,,2.106E+18,5.46E+17,2.106E+18,5.46E+17,1.9695E+18,2.925E+17,1.9695E+18,2.925E+17,,2.916E+18
130,1.944E+18,3.452,0.533456962,70,1.944E+18,2.614,0.404456135,3.203,0.594910847,3.755,0.652929925,1.5111,0.561038093,,1.944E+18,0.55333375,,130K,1.818E+18,3.866,0.560696157,3.634,0.569235589,3.937,0.58205204,3.798,0.570355909,0.570584924,,70K,1.818E+18,3.928,0.607579273,3.955,0.647299509,0.627439391,,130K,1.944E+18,0.2003,0.238027332,0.392,0.380841349,0.309434341,,70K,1.944E+18,0.4556,0.416605706,0.3594,0.479967949,0.425,0.452368281,0.3149,0.363751877,0.4552,0.46768725,0.436076213,,130K,1.818E+18,0.336,0.485478977,0.405,0.464396285,0.474937631,,70K,1.818E+18,0.4947,0.570259366,,,0.02595132,0.013912862,0.028940894,0.031763374,0.027293071,0.025477551,0.027276437,0.027691859,0.028315346,0.027746359,0.0277575,0.029557181,0.031489469,0.030523325,0.011579422,0.01852696,0.015053191,0.020266804,0.023349216,0.022006562,0.0176956,0.022751791,0.021213995,0.023617313,0.022591694,0.023104504,0.027741663,,2.916E+18,0.410147585,,,,,,,,,,,,2.268E+18,5.88E+17,2.268E+18,5.88E+17,2.121E+18,3.15E+17,2.121E+18,3.15E+17,,3.24E+18
140,2.106E+18,3.109,0.480451244,80,2.106E+18,,,,,,,,,,,,,140K,1.9695E+18,3.532,0.512255257,3.354,0.52537594,3.585,0.530011827,3.463,0.520048055,0.52192277,,80K,1.9695E+18,3.781,0.584841454,3.833,0.627332242,0.606086848,,140K,2.106E+18,0.1543,0.183363042,0.2989,0.290391528,0.236877285,,80K,2.106E+18,,,0.345,0.46073718,0.406,0.432144758,0.2991,0.345500751,0.438,0.450015412,0.422099525,,140K,1.9695E+18,0.2185,0.315705823,0.2934,0.336429309,0.326067566,,80K,1.9695E+18,0.4782,0.551239193,,,0.023372727,,,,,,0.024919911,0.025558199,0.025783723,0.025299011,0.025390211,0.028451044,0.030518112,0.029484578,0.008920144,0.014126807,0.011523475,,0.022413688,0.02102274,0.01680773,0.021892101,0.020534065,0.015358283,0.016366427,0.015862355,0.02681638,,3.24E+18,0.273211494,,,,,,,,,,,,2.43E+18,6.3E+17,2.43E+18,6.3E+17,2.2725E+18,3.375E+17,2.2725E+18,3.375E+17,,3.564E+18
150,2.268E+18,2.823,0.436254057,90,2.268E+18,2.281,0.352932075,2.973,0.552191679,3.528,0.613458529,1.3773,0.511361105,,2.268E+18,0.507485847,,150K,2.121E+18,3.072,0.445540247,2.828,0.442982456,3.077,0.454908338,3.068,0.460729839,0.45104022,,90K,2.121E+18,3.632,0.561794277,3.711,0.607364976,0.584579627,,150K,2.268E+18,0.1004,0.119310755,0.1835,0.178276499,0.148793627,,90K,2.268E+18,0.4147,0.379206291,0.3256,0.43482906,0.384,0.408728047,0.2748,0.317430981,0.4154,0.426795438,0.393397963,,150K,2.121E+18,0.1093,0.157925155,0.1559,0.178763903,0.168344529,,90K,2.121E+18,0.4634,0.534178674,,,0.021222646,0.012140489,0.026862716,0.029843192,0.024876413,0.023430702,0.021674396,0.021549966,0.02213013,0.022413331,0.021941956,0.027329858,0.029546756,0.028438307,0.005804164,0.008672697,0.00723843,0.018447418,0.021153324,0.019883576,0.015442207,0.020762509,0.019137807,0.007682656,0.008696408,0.008189532,0.025986429,,3.564E+18,0.1593093,,,,,,,,,,,,2.592E+18,6.72E+17,2.592E+18,6.72E+17,2.424E+18,3.6E+17,2.424E+18,3.6E+17,,3.888E+18
160,2.43E+18,2.1102,0.326101066,100,2.43E+18,,,,,,,,,,,,,160K,2.2725E+18,2.212,0.320812183,1.996,0.312656642,2.09,0.308988764,2.132,0.320168193,0.315656446,,100K,2.2725E+18,3.478,0.537973705,3.572,0.584615385,0.561294545,,160K,2.43E+18,0.0475,0.056446821,0.0967,0.093947343,0.075197082,,100K,2.43E+18,,,0.3095,0.413327992,0.364,0.387440128,0.2571,0.296985099,0.3948,0.40563033,0.375845887,,160K,2.2725E+18,0.0361,0.052160092,0.0483,0.055383557,0.053771825,,100K,2.2725E+18,0.4441,0.511930836,,,0.015863985,,,,,,0.015606694,0.015209948,0.015031515,0.015575365,0.01535588,0.026171048,0.028440046,0.027305547,0.002745994,0.004570298,0.003658146,,0.020107352,0.018847973,0.014447567,0.01973288,0.018283943,0.002537455,0.002694269,0.002615862,0.024904129,,3.888E+18,0.090574054,,,,,,,,,,,,2.754E+18,7.14E+17,2.754E+18,7.14E+17,2.5755E+18,3.825E+17,2.5755E+18,3.825E+17,,4.212E+18
170,2.592E+18,1.459,0.22546747,110,2.592E+18,1.96,0.303264738,2.709,0.503157504,3.219,0.559728743,1.2409,0.460718794,,2.592E+18,0.456717445,,170K,2.424E+18,1.542,0.223640319,1.367,0.214129073,1.414,0.209047901,1.145,0.17194774,0.204691258,,110K,2.424E+18,3.304,0.511059551,3.429,0.561211129,0.53613534,,170K,2.592E+18,0.0161,0.019132501,0.0441,0.042844652,0.030988577,,110K,2.592E+18,0.3694,0.337783467,0.2929,0.391159188,0.3394,0.361255987,0.2277,0.263024142,0.3696,0.379739032,0.346592363,,170K,2.424E+18,0.0122,0.01762751,0.006,0.006879945,0.012253728,,110K,2.424E+18,0.4219,0.486340058,,,0.010968417,0.010431986,0.024477328,0.027229375,0.022412793,0.021137871,0.010879531,0.010416833,0.010169647,0.008364819,0.009957707,0.024861743,0.027301489,0.026081616,0.000930747,0.002084283,0.001507515,0.016432304,0.019028896,0.017574182,0.012795453,0.018473335,0.016860834,0.000857533,0.000334692,0.000596113,0.023659203,,4.212E+18,0.058302571,,,,,,,,,,,,2.916E+18,7.56E+17,2.916E+18,7.56E+17,2.727E+18,4.05E+17,2.727E+18,4.05E+17,,4.536E+18
180,2.754E+18,0.972,0.150208623,120,2.754E+18,,,,,,,,,,,,,180K,2.5755E+18,1.077,0.156200145,0.917,0.143640351,1.004,0.14843288,0.96,0.144165791,0.148109792,,120K,2.5755E+18,3.206,0.495901005,3.365,0.550736498,0.523318752,,180K,2.754E+18,0.0278,0.033036245,0.0341,0.033129311,0.033082778,,120K,2.754E+18,,,0.2713,0.362313034,0.3107,0.330707823,0.2039,0.23553194,0.3395,0.348813316,0.319341528,,180K,2.5755E+18,0.0084,0.012136974,0.0105,0.012039904,0.012088439,,120K,2.5755E+18,0.3932,0.453256484,,,0.007307266,,,,,,0.007598738,0.006987736,0.007220881,0.007013298,0.007205163,0.024124318,0.026791925,0.025458122,0.001607129,0.001611656,0.001609393,,0.017625604,0.016088092,0.011458028,0.016968878,0.01553515,0.000590433,0.000585711,0.000588072,0.022049771,,4.536E+18,0.051995607,,,,,,,,,,,,3.078E+18,7.98E+17,3.078E+18,7.98E+17,2.8785E+18,4.275E+17,2.8785E+18,4.275E+17,,4.86E+18
190,2.916E+18,0.7085,0.109488487,130,2.916E+18,1.649,0.25514467,2.487,0.46192422,2.943,0.511737089,1.1091,0.411784362,,2.916E+18,0.410147585,,190K,2.727E+18,0.793,0.115010877,0.664,0.104010025,0.732,0.108219988,0.694,0.104219853,0.107865186,,130K,2.727E+18,3.106,0.480433101,3.312,0.542062193,0.511247647,,190K,2.916E+18,0.0305,0.036244801,0.0264,0.025648499,0.03094665,,130K,2.916E+18,0.3022,0.27633504,0.2331,0.311298077,0.2741,0.291750931,0.1725,0.199260714,0.2985,0.306688585,0.277066669,,190K,2.727E+18,0.0096,0.013870828,0.0056,0.006421282,0.010146055,,130K,2.727E+18,0.3571,0.411642651,,,0.005326335,0.008776706,0.022471434,0.024894703,0.020032258,0.019043776,0.005594986,0.005059822,0.005264626,0.00507003,0.005247366,0.023371844,0.026369942,0.024870893,0.001763217,0.001247734,0.001505476,0.013442994,0.015143857,0.014192938,0.009693525,0.014919617,0.013478586,0.00067478,0.000312379,0.00049358,0.020025364,,4.86E+18,0.018333268,,,,,,,,,,,,3.24E+18,8.4E+17,3.24E+18,8.4E+17,3.03E+18,4.5E+17,3.03E+18,4.5E+17,,5.184E+18
200,3.078E+18,0.5697,0.088038943,140,3.078E+18,,,,,,,,,,,,,200K,2.8785E+18,0.603,0.087454677,0.522,0.081766917,0.56,0.082791248,0.544,0.081693948,0.083426698,,140K,2.8785E+18,2.841,0.439443156,,,0.439443156,,200K,3.078E+18,0.0223,0.026500297,0.0169,0.016418925,0.021459611,,140K,3.078E+18,,,0.1677,0.223958333,0.2027,0.21575306,0.1308,0.151091602,0.224,0.230144868,0.205236966,,200K,2.8785E+18,0.0052,0.007513365,0.0069,0.007911937,0.007712651,,140K,2.8785E+18,0.2637,0.303976945,,,0.00428287,,,,,,0.004254447,0.003977752,0.004027583,0.003974202,0.004058496,0.021377788,,0.021377788,0.001289172,0.000798739,0.001043955,,0.010895001,0.010495836,0.007350221,0.01119596,0.009984255,0.000365506,0.000384896,0.000375201,0.014787703,,5.184E+18,0.011784242,,,,,,,,,,,,3.402E+18,8.82E+17,3.402E+18,8.82E+17,3.1815E+18,4.725E+17,3.1815E+18,4.725E+17,,5.508E+18
210,3.24E+18,0.4423,0.068351105,150,3.24E+18,1.297,0.200680798,1.6783,0.311719911,1.8958,0.329647018,0.6755,0.250798248,,3.24E+18,0.273211494,,210K,3.03E+18,0.465,0.067440174,0.398,0.062343358,0.429,0.063424009,0.426,0.06397357,0.064295278,,150K,3.03E+18,2.459,0.380355762,2.4,0.392798691,0.386577227,,210K,3.24E+18,0.0178,0.021152704,0.0132,0.012824249,0.016988477,,150K,3.24E+18,0.1715,0.156821507,0.0818,0.109241453,0.1077,0.114635444,0.0652,0.075314774,0.129,0.132538786,0.117710393,,210K,3.03E+18,0.006,0.008669267,0.0022,0.002522646,0.005595957,,150K,3.03E+18,0.1548,0.178443804,,,0.003325107,0.006903207,0.015164378,0.016036486,0.012200695,0.012576191,0.003280792,0.003032845,0.003085416,0.003112151,0.003127801,0.018503337,0.019108654,0.018805995,0.001029025,0.000623867,0.000826446,0.007628966,0.005314318,0.005576722,0.003663872,0.006447674,0.00572631,0.000421738,0.00012272,0.000272229,0.008680836,,5.508E+18,0.007207052,,,,,,,,,,,,3.564E+18,9.24E+17,3.564E+18,9.24E+17,3.333E+18,4.95E+17,3.333E+18,4.95E+17,,5.832E+18
220,3.402E+18,0.4006,0.06190697,160,3.402E+18,,,,,,,,,,,,,220K,3.1815E+18,0.368,0.053372009,0.315,0.049342105,0.337,0.04982259,0.338,0.050758372,0.050823769,,160K,3.1815E+18,1.911,0.295591647,1.8667,0.305515548,0.300553598,,220K,3.402E+18,0.013,0.015448604,0.0092,0.008938113,0.012193359,,160K,3.402E+18,,,0.023,0.030715812,0.0347,0.03693454,0.0177,0.020445882,0.0531,0.054556663,0.035663224,,220K,3.1815E+18,0.0043,0.006212975,0.0035,0.004013301,0.005113138,,160K,3.1815E+18,0.0624,0.071930836,,,0.003011616,,,,,,0.002596412,0.002400367,0.002423742,0.002469265,0.002472447,0.014379779,0.014862552,0.014621165,0.000751535,0.000434816,0.000593176,,0.001494246,0.001796771,0.00099464,0.002654042,0.001734925,0.000302245,0.000195237,0.000248741,0.003499252,,5.832E+18,0.004486175,,,,,,,,,,,,3.726E+18,9.66E+17,3.726E+18,9.66E+17,3.4845E+18,5.175E+17,3.4845E+18,5.175E+17,,
230,3.564E+18,0.3286,0.050780405,170,3.564E+18,0.953,0.147454742,0.9119,0.169372214,1.0661,0.185376456,0.3637,0.135033786,,3.564E+18,0.1593093,,230K,3.333E+18,0.305,0.044234953,0.26,0.040726817,0.28,0.041395624,0.273,0.040997147,0.041838635,,170K,3.333E+18,1.354,0.209435422,1.2742,0.208543372,0.208989397,,230K,3.564E+18,0.005,0.005941771,0.0069,0.006703585,0.006322678,,170K,3.564E+18,0.0489,0.044714704,0.0173,0.023103632,0.0084,0.008940926,0.0012,0.001386161,0.0107,0.010993527,0.01782779,,230K,3.333E+18,0,0,-0.004,-0.00458663,-0.002293315,,170K,3.333E+18,0.0258,0.029740634,,,0.002470337,0.005072287,0.008239526,0.009018091,0.006569049,0.007224738,0.002151918,0.001981256,0.002013791,0.001994407,0.002035343,0.010188499,0.010145103,0.010166801,0.000289052,0.000326112,0.000307582,0.002175256,0.001123933,0.000434953,6.74332E-05,0.000534807,0.000867276,7.02896E-07,0.000223128,0.000111915,0.001446806,,,,,,,,,,,,,,,3.888E+18,1.008E+18,3.888E+18,1.008E+18,3.636E+18,5.4E+17,3.636E+18,5.4E+17,,
240,3.726E+18,0.2906,0.044908051,180,3.726E+18,,,,,,,,,,,,,240K,3.4845E+18,0.254,0.036838289,0.209,0.032738095,0.241,0.035629805,0.233,0.034990239,0.035049107,,180K,3.4845E+18,0.855,0.13225058,0.8845,0.144762684,0.138506632,,240K,3.726E+18,0.0057,0.006773619,0.0028,0.002720295,0.004746957,,180K,3.726E+18,,,0.0182,0.024305556,0.0111,0.011814795,0.0052,0.0060067,0.0126,0.012945649,0.013768175,,240K,3.4845E+18,0.0024,0.003467707,-0.008,-0.00917326,-0.002852777,,180K,3.4845E+18,0.0251,0.028933718,,,0.002184662,,,,,,0.001792089,0.001592625,0.001733299,0.001702186,0.00170505,0.006433653,0.007042335,0.006737994,0.000329519,0.000132335,0.000230927,,0.001182403,0.00057476,0.000292211,0.000629773,0.000669787,0.000168695,0.000446256,0.000307475,0.001407552,,,,,,,,,,,,,,,4.05E+18,1.05E+18,4.05E+18,1.05E+18,3.7875E+18,5.625E+17,3.7875E+18,5.625E+17,,
250,3.888E+18,0.2335,0.036084067,190,3.888E+18,0.504,0.077982361,0.6242,0.115936107,0.5603,0.097426535,0.1911,0.070951214,,3.888E+18,0.090574054,,250K,3.636E+18,0.211,0.030601885,0.173,0.027098997,0.19,0.028089888,0.185,0.027781949,0.02839318,,190K,3.636E+18,0.685,0.105955143,0.6477,0.106006547,0.105980845,,250K,3.888E+18,0.0023,0.002733214,0.0017,0.001651608,0.002192411,,190K,3.888E+18,0.0203,0.018562546,0.0177,0.023637821,0.0084,0.008940926,0.0035,0.004042971,0.0073,0.007500257,0.012536904,,250K,3.636E+18,0.0002,0.000288976,-0.0017,-0.001949318,-0.000830171,,190K,3.636E+18,0.0239,0.027550432,,,0.001755398,0.002682511,0.005639996,0.004739552,0.003451595,0.004128413,0.001488704,0.001318297,0.001366501,0.001351521,0.001381256,0.005154447,0.005156948,0.005155698,0.000132964,8.03465E-05,0.000106655,0.00090302,0.00114992,0.000434953,0.00019668,0.000364868,0.000609888,1.40579E-05,9.48293E-05,5.44436E-05,0.001340258,,,,,,,,,,,,,,,4.212E+18,1.092E+18,4.212E+18,1.092E+18,3.939E+18,5.85E+17,3.939E+18,5.85E+17,,
260,4.05E+18,0.14925,0.023064441,200,4.05E+18,,,,,,,,,,,,,260K,3.7875E+18,0.168,0.024365482,0.132,0.020676692,0.151,0.022324069,0.15,0.022525905,0.022473037,,200K,3.7875E+18,0.525,0.081206497,0.4961,0.081194763,0.08120063,,260K,4.05E+18,0.0025,0.002970885,0.001,0.000971534,0.00197121,,200K,4.05E+18,,,0.0134,0.017895299,-0.003,-0.003193188,-0.0004,-0.000462054,0.0043,0.00441796,0.004664504,,260K,3.7875E+18,-0.0002,-0.000288976,-0.0033,-0.00378397,-0.002036473,,200K,3.7875E+18,0.0188,0.02167147,,,0.001122026,,,,,,0.001185319,0.001005868,0.001086009,0.001095828,0.001093256,0.003950489,0.003949918,0.003950203,0.000144526,4.72627E-05,9.58943E-05,,0.000870561,0.00015534,2.24777E-05,0.000214922,0.000315825,1.40579E-05,0.00018408,9.90692E-05,0.001054262,,,,,,,,,,,,,,,4.374E+18,1.134E+18,4.374E+18,1.134E+18,4.0905E+18,6.075E+17,4.0905E+18,6.075E+17,,
270,4.212E+18,0.10993,0.016988101,210,4.212E+18,0.273,0.042240446,0.4806,0.089264487,0.3274,0.05692923,0.1206,0.044776119,,4.212E+18,0.058302571,,270K,3.939E+18,0.131,0.018999275,0.104,0.016290727,0.121,0.017888823,0.118,0.017720378,0.017724801,,210K,3.939E+18,0.413,0.063882444,0.3896,0.063764321,0.063823383,,270K,4.212E+18,-0.0011,-0.00130719,-0.0019,-0.001845915,-0.001576553,,210K,4.212E+18,0.0011,0.001005852,0.0076,0.010149573,-0.0034,-0.003618946,-0.0021,-0.002425783,0.002,0.002054865,0.001433112,,270K,3.939E+18,0.002,0.002889756,-0.0036,-0.004127967,-0.000619106,,210K,3.939E+18,0.0136,0.015677233,,,0.000826428,0.001453027,0.004342489,0.002769462,0.002178244,0.002685805,0.000924266,0.000792502,0.000870246,0.000862051,0.000862266,0.003107718,0.003101971,0.003104845,6.35914E-05,8.9799E-05,7.66952E-05,4.89321E-05,0.000493751,0.000176052,0.000118008,9.99639E-05,0.000187342,0.000140579,0.000200815,0.000170697,0.000762657,,,,,,,,,,,,,,,4.536E+18,1.176E+18,4.536E+18,1.176E+18,4.242E+18,6.3E+17,4.242E+18,6.3E+17,,
280,4.374E+18,0.07486,0.011568537,220,4.374E+18,,,,,,,,,,,,,280K,4.0905E+18,0.103,0.014938361,0.087,0.01362782,0.09,0.013305736,0.093,0.013966061,0.013959495,,220K,4.0905E+18,0.336,0.051972158,0.3015,0.049345336,0.050658747,,280K,4.374E+18,-0.0029,-0.003446227,-0.0007,-0.000680074,-0.002063151,,220K,4.374E+18,,,0.0055,0.007345085,-0.0082,-0.008728047,-0.0006,-0.000693081,0.0024,0.002465838,9.74488E-05,,280K,4.0905E+18,-0.0032,-0.004623609,-0.0011,-0.001261323,-0.002942466,,220K,4.0905E+18,0.0081,0.009337176,,,0.00056278,,,,,,0.000726713,0.000662959,0.00064729,0.000679413,0.000679094,0.002528313,0.002400525,0.002464419,0.00016765,3.30839E-05,0.000100367,,0.00035732,0.000424597,3.37166E-05,0.000119957,0.000233898,0.000224927,6.13602E-05,0.000143143,0.00045423,,,,,,,,,,,,,,,4.698E+18,1.218E+18,4.698E+18,1.218E+18,4.3935E+18,6.525E+17,4.3935E+18,6.525E+17,,
290,4.536E+18,0.05947,0.009190233,230,4.536E+18,0.161,0.024911032,0.6454,0.1198737,0.1937,0.033681099,0.0795,0.029516596,,4.536E+18,0.051995607,,290K,4.242E+18,0.074,0.010732415,0.061,0.009555138,0.068,0.010053223,0.064,0.009611053,0.009987957,,230K,4.242E+18,0.28,0.043310131,0.2519,0.041227496,0.042268814,,290K,4.536E+18,-0.003,-0.003565062,-0.0035,-0.003400369,-0.003482716,,230K,4.536E+18,-0.0031,-0.002834674,0.0045,0.006009615,-0.0106,-0.011282597,-0.0036,-0.004158484,0.0014,0.001438405,-0.002165547,,290K,4.242E+18,-0.0047,-0.006790926,-0.0022,-0.002522646,-0.004656786,,230K,4.242E+18,0.0077,0.008876081,,,0.000447081,0.000856913,0.00583155,0.001638499,0.001435907,0.002440717,0.000522105,0.000464833,0.000489064,0.000467553,0.000485889,0.002106927,0.002005612,0.00205627,0.000173431,0.000165419,0.000169425,0.0001379,0.000292352,0.00054887,0.0002023,6.99748E-05,0.000250279,0.000330361,0.00012272,0.000226541,0.000431799,,,,,,,,,,,,,,,4.86E+18,1.26E+18,4.86E+18,1.26E+18,4.545E+18,6.75E+17,4.545E+18,6.75E+17,,
300,4.698E+18,0.044,0.006799567,240,4.698E+18,,,,,,,,,,,,,300K,4.3935E+18,0.053,0.00768673,0.04,0.006265664,0.048,0.007096393,0.05,0.007508635,0.007139356,,240K,4.3935E+18,0.23,0.035576179,0.219,0.035842881,0.03570953,,300K,4.698E+18,-0.005,-0.005941771,-0.0019,-0.001845915,-0.003893843,,240K,4.698E+18,,,-0.0009,-0.001201923,-0.0103,-0.010963278,-0.0035,-0.004042971,-0.0024,-0.002465838,-0.004668503,,300K,4.3935E+18,-0.0043,-0.006212975,-0.0023,-0.002637312,-0.004425144,,240K,4.3935E+18,0.0047,0.005417867,,,0.000330782,,,,,,0.00037394,0.000304809,0.000345221,0.000365276,0.000347311,0.00173069,0.001743665,0.001737177,0.000289052,8.9799E-05,0.000189426,,5.84705E-05,0.000533336,0.00019668,0.000119957,0.000227111,0.000302245,0.000128299,0.000215272,0.000263565,,,,,,,,,,,,,,,5.022E+18,1.302E+18,,,4.6965E+18,6.975E+17,,,,
310,4.86E+18,0.03803,0.00587699,250,4.86E+18,0.096,0.014853783,0.11812,0.021939079,0.12025,0.020909407,0.0421,0.015630801,,4.86E+18,0.018333268,,310K,4.545E+18,0.035,0.005076142,0.023,0.003602757,0.033,0.00487877,0.034,0.005105872,0.004665885,,250K,4.545E+18,0.182,0.028151585,0.178,0.02913257,0.028642078,,310K,4.86E+18,-0.0061,-0.00724896,-0.0028,,-0.00724896,,250K,4.86E+18,-0.0028,-0.002560351,-0.002,-0.00267094,-0.0086,-0.009153805,-0.0024,-0.002772323,-0.0031,-0.003185041,-0.004068492,,310K,4.545E+18,-0.0034,-0.004912585,-0.0041,-0.004701296,-0.004806941,,250K,4.545E+18,0.0016,0.00184438,,,0.000285901,0.000510954,0.00106728,0.001017189,0.000760399,0.000838956,0.000246941,0.000175265,0.00023734,0.000248388,0.000226983,0.001369503,0.001417225,0.001393364,0.000352643,0.000132335,0.000242489,0.000124555,0.000129934,0.000445309,0.000134866,0.000154944,0.000197922,0.000238985,0.000228706,0.000233845,8.97244E-05,,,,,,,,,,,,,,,5.184E+18,1.344E+18,,,4.848E+18,7.2E+17,,,,
,,,,260,5.022E+18,,,,,,,,,,,,,,,,,,,,,,,,,260K,4.6965E+18,0.145,0.022428461,0.14405,0.023576105,0.023002283,,,,,,,,,,260K,5.022E+18,,,-0.0019,-0.002537393,-0.0089,-0.009473124,-0.0027,-0.003118863,-0.0029,-0.002979554,-0.004527234,,,,,,,,,,260K,4.6965E+18,0.002,0.002305476,,,,,,,,,,,,,,0.001091087,0.001146917,0.001119002,,,,,0.000123438,0.000460843,0.000151725,0.000144948,0.000220238,,,,0.000112155,,,,,,,,,,,,,,,5.346E+18,1.386E+18,,,4.9995E+18,7.425E+17,,,,
,,,,270,5.184E+18,0.044,0.006807984,0.08598,0.015969539,0.07232,0.012575204,,,,5.184E+18,0.011784242,,,,,,,,,,,,,,270K,4.848E+18,0.124,0.019180201,0.11511,0.018839607,0.019009904,,,,,,,,,,270K,5.184E+18,-0.0035,-0.003200439,-0.0023,-0.003071581,-0.0097,-0.010324641,-0.0044,-0.005082592,-0.0058,-0.005959108,-0.005527672,,,,,,,,,,270K,4.848E+18,-0.0001,-0.000115274,,,,0.000234187,0.000776877,0.000611752,,0.000540939,,,,,,0.000933068,0.000916499,0.000924783,,,,0.000155693,0.000149425,0.000502267,0.000247255,0.000289895,0.000268907,,,,5.60777E-06,,,,,,,,,,,,,,,5.508E+18,1.428E+18,,,5.151E+18,7.65E+17,,,,
,,,,280,5.346E+18,,,,,,,,,,,,,,,,,,,,,,,,,280K,4.9995E+18,0.095,0.014694509,0.0934,0.015286416,0.014990463,,,,,,,,,,280K,5.346E+18,,,-0.0038,-0.005074786,-0.0085,-0.009047366,-0.0031,-0.003580917,-0.0062,-0.006370081,-0.006018288,,,,,,,,,,280K,4.9995E+18,-0.0047,-0.005417867,,,,,,,,,,,,,,0.00071485,0.000743645,0.000729248,,,,,0.000246875,0.000440131,0.000174202,0.000309888,0.000292774,,,,0.000263565,,,,,,,,,,,,,,,5.67E+18,1.47E+18,,,5.3025E+18,7.875E+17,,,,
,,,,290,5.508E+18,0.035,0.005415442,0.04209,0.007817608,0.04824,0.008388106,,,,5.508E+18,0.007207052,,,,,,,,,,,,,,290K,5.151E+18,0.076,0.011755607,0.07119,0.011651391,0.011703499,,,,,,,,,,290K,5.508E+18,-0.0047,-0.004297732,-0.0035,-0.004674145,-0.0102,-0.010856839,-0.0051,-0.005891186,-0.0072,-0.007397514,-0.006623483,,,,,,,,,,290K,5.151E+18,-0.004,-0.004610951,,,,0.000186285,0.000380307,0.00040806,,0.000324884,,,,,,0.00057188,0.00056681,0.000569345,,,,0.000209074,0.000227385,0.000528157,0.000286591,0.00035987,0.000322216,,,,0.000224311,,,,,,,,,,,,,,,5.832E+18,1.512E+18,,,5.454E+18,8.1E+17,,,,
,,,,300,5.67E+18,,,,,,,,,,,,,,,,,,,,,,,,,300K,5.3025E+18,0.06,0.009280742,0.05346,0.008749591,0.009015167,,,,,,,,,,300K,5.67E+18,,,-0.0045,-0.006009615,-0.0096,-0.010218201,-0.0069,-0.007970429,-0.0051,-0.005239905,-0.007359538,,,,,,,,,,300K,5.3025E+18,-0.0064,-0.007377522,,,,,,,,,,,,,,0.000451484,0.000425645,0.000438565,,,,,0.000292352,0.000497089,0.000387741,0.000254908,0.000358023,,,,0.000358898,,,,,,,,,,,,,,,,,,,,,,,,
,,,,310,5.832E+18,0.023,0.003558719,0.03145,0.005841382,0.02334,0.004058425,,,,5.832E+18,0.004486175,,,,,,,,,,,,,,310K,5.454E+18,0.047,0.007269915,0.0396,0.006481178,0.006875547,,,,,,,,,,310K,5.832E+18,-0.0094,-0.008595465,-0.0025,-0.003338675,-0.0092,-0.009792443,-0.0063,-0.007277348,-0.0084,-0.008630433,-0.007526873,,,,,,,,,,310K,5.454E+18,-0.0073,-0.008414986,,,,0.000122416,0.000284168,0.000197432,,0.000201339,,,,,,0.000353663,0.000315293,0.000334478,,,,0.000418147,0.000162418,0.000476377,0.000354024,0.000419849,0.000366163,,,,0.000409368,,,,,,,,,,,,,,,,,,,,,,,,
,,,,,,,,,,,,,,,,,,,,,,,,,,,,,,,,,,,,,,,,,,,,,,,,,,,,,,,,,,,,,,,,,,,,,,,,,,,,,,,,,,,,,,,,,,,,,,,,,,,,,,,,,,,,,,,,,,,,,,,,,,,,
,,,,,,,,,,,,,,,,,,,,,,,,,,10,1.62E-17,,,,,,,,,,,,,,,,,,,,,,,,,,,,,,,,,,,,,,,,,,,,,,,,,,,,,,,,,,,,,,,,,,,,,,,,,,,,,,,,,,,,,,,,,,,,,,,,,
,,,,,,,,,,,,,,,,,,,,,,,,,,50,1.8E-17,,,,,,,,,,,,,,,,,,,,,,,,,,,,,,,,,,,,,,,,,,,,,,,,,,,,,,,,,,,,,,,,,,,,,,,,,,,,,,,,,,,,,,,,,,,,,,,,,
,,,,,,,,,,,,,,,,,,,,,,,,,,80,1.75E-17,,,,,,,,,,,,,,,,,,,,,,,,,,,,,,,,,,,,,,,,,,,,,,,,,,,,,,,,,,,,,,,,,,,,,,,,,,,,,,,,,,,,,,,,,,,,,,,,,
,,,,,,,,,,,,,,,,,,,,,,,,,,120,1.37E-17,,,,,,,,,,,,,,,,,,,,,,,,,,,,,,,,,,,,,,,,,,,,,,,,,,,,,,,,,,,,,,,,,,,,,,,,,,,,,,,,,,,,,,,,,,,,,,,,,
,,,,,,,,,,,,,,,,,,,,,,,,,,,,,,,,,,,,,,,,,,,,,,,,,,,,,,,,,,,,,,,,,,,,,,,,,,,,,,,,,,,,,,,,,,,,,,,,,,,,,,,,,,,,,,,,,,,,,,,,,,,,
,,,,,,,,,,,,,,,,,,,,,,,,,,,,,,,,,,,,,,,,,,,,,,,,,,,,,,,,,,,,,,,,,,,,,,,,,,,,,,,,,,,,,,,,,,,,,,,,,,,,,,,,,,,,,,,,,,,,,,,,,,,,
,,,,,,,,,,,,,,,,,,,,,,,,,,,,,,,,,,,,,,,,,,,,,,,,,,,,,,,,,,,,,,,,,,,,,,,,,,,,,,,,,,,,,,,,,,,,,,,,,,,,,,,,,,,,,,,,,,,,,,,,,,,,
,,,,,,,,,,,,,,,,,,,,,,,,,,,,,,,,,,,,,,,,,,,,,,,,,,,,,,,,,,,,,,,,,,,,,,,,,,,,,,,,,,,,,,,,,,,,,,,,,,,,,,,,,,,,,,,,,,,,,,,,,,,,
,,,,,,,,,,,,,,,,,,,,,,,,,,,,,,,,,,,,,,,,,,,,,,,,,,,,,,,,,,,,,,,,,,,,,,,,,,,,,,,,,,,,,,,,,,,,,,,,,,,,,,,,,,,,,,,,,,,,,,,,,,,,
,,,,,,,,,,,,,,,,,,,,,,,,,,,,,,,,,,,,,,,,,,,,,,,,,,,,,,,,,,,,,,,,,,,,,,,,,,,,,,,,,,,,,,,,,,,,,,,,,,,,,,,,,,,,,,,,,,,,,,,,,,,,
,,,,,,,,,,,,,,,,,,,,,,,,,,,,,,,,,,,,,,,,,,,,,,,,,,,,,,,,,,,,,,,,,,,,,,,,,,,,,,,,,,,,,,,,,,,,,,,,,,,,,,,,,,,,,,,,,,,,,,,,,,,,
,,,,,,,,,,,,,,,,,,,,,,,,,,,,,,,,,,,,,,,,,,,,,,,,,,,,,,,,,,,,,,,,,,,,,,,,,,,,,,,,,,,,,,,,,,,,,,,,,,,,,,,,,,,,,,,,,,,,,,,,,,,,
,,,,,,,,,,,,,,,,,,,,,,,,,,,,,,,,,,,,,,,,,,,,,,,,,,,,,,,,,,,,,,,,,,,,,,,,,,,,,,,,,,,,,,,,,,,,,,,,,,,,,,,,,,,,,,,,,,,,,,,,,,,,
,,,,,,,,,,,,,,,,,,,,,,,,,,,,,,,,,,,,,,,,,,,,,,,,,,,,,,,,,,,,,,,,,,,,,,,,,,,,,,,,,,,,,,,,,,,,,,,,,,,,,,,,,,,,,,,,,,,,,,,,,,,,
,,,,,,,,,,,,,,,,,,,,,,,,,,,,,,,,,,,,,,,,,,,,,,,,,,,,,,,,,,,,,,,,,,,,,,,,,,,,,,,,,,,,,,,,,,,,,,,,,,,,,,,,,,,,,,,,,,,,,,,,,,,,
Methane Production/Sublimation 1305 cm-1,,,,,,,,,,,,,,,,,,,,,,,,,,,,,,,,,,,,,,,,,,,,,,,,,,,,,,,,,,,,,,,,,,,,,,,,,,,,,,,,,,,,,,,,,,,,,,,,,,,,,,,,,,,,,,,,,,,,,,,,,,,,
100% Methanol,,,,,,,,,,,,,,,,,,,,,,,,,,,,,,,,,,,,,,11-16% Methanol,,,,,,,,,,,,,,,,,,,,,,,,,,,,,,,,,,,,1305 cm-1,,,,,,,,,,,,,,,,,,,,,,,,,,,,,,,,,,,,,,,,,,,,,,,,,,
0min 100W,,,,60min 100W,,,,,,,,,,,,,,0min 50W,,,,,,,,,,,,75min 50W,,,,,,,,0 min 100W,,,,,,,,60 min 100W,,,,,,,,,,,,,,0min 50W,,,,,,,,75min 50W,,,,,,0 min 100W 100%,60 min 100W 100%,,,,,0 min 50W 100%,,,,,75 min 50W 100%,,,0min 100W 11-16%,,,60min 100W 11-16%,,,,,,0min 50W 11-16%,,,75min 50W 11-16%,,,,1300,,,,,,,,,,,,,,,,,,,,
,,110923,,,,101223,,092823 - IR out,,91523,,83123,,102824,,Average,st. dev.,,,010324 -2nd good,,122123 -power surge,,122723 -purge,,121823 -oscillate,,Average,st. dev.,,,010523,,122923 -purge,,Average,st. dev.,,,81524,,81624,,Average,st. dev.,,,71824,,090324 -purge,,92424,,100824 -purge,,101524,,Average,st. dev.,,,82724,,083024 -purge,,Average,st. dev.,,,91724,,,,110923,101223,92823,91523,83123,ave,10324,122123,122723,121823,ave,10524,122923,ave,81524,81624,ave,71824,90324,92424,100824,101524,ave,82724,83024,ave,91724,,,,100%,,,,14-19%,,,,,,,,,,,,,,,,
Temp,Fluence,Integrated Absorbance,Normalized,Time/Temp,Fluence,Integrated Absorbance,Normalized,Integrated Absorbance,Normalized,Integrated Absorbance,Normalized,Integrated Absorbance,Normalized,Integrated Absorbance,Normalized,Normalized,Normalized,Temp,Fluence,Integrated Absorbance,Normalized,Integrated Absorbance,Normalized,Integrated Absorbance,Normalized,Integrated Absorbance,Normalized,Normalized,Normalized,Time/Temp,Fluence,Integrated Absorbance,Normalized,Integrated Absorbance,Normalized,Normalized,Normalized,Temp,Fluence,Integrated Absorbance,Normalized,Integrated Absorbance,Normalized,Normalized,Normalized,Time/Temp,Fluence,Integrated Absorbance,Normalized,Integrated Absorbance,Normalized,Integrated Absorbance,Normalized,Integrated Absorbance,Normalized,Integrated Absorbance,Normalized,Normalized,Normalized,Temp,Fluence,Integrated Absorbance,Normalized,Integrated Absorbance,Normalized,Normalized,Normalized,Time/Temp,Fluence,Integrated Absorbance,Normalized,,,Propagated 1sigma error,Propagated 1sigma error,Propagated 1sigma error,Propagated 1sigma error,Propagated 1sigma error,Propagated 1sigma error,Propagated 1sigma error,Propagated 1sigma error,Propagated 1sigma error,Propagated 1sigma error,Propagated 1sigma error,Propagated 1sigma error,Propagated 1sigma error,Propagated 1sigma error,Propagated 1sigma error,Propagated 1sigma error,Propagated 1sigma error,Propagated 1sigma error,Propagated 1sigma error,Propagated 1sigma error,Propagated 1sigma error,Propagated 1sigma error,Propagated 1sigma error,Propagated 1sigma error,Propagated 1sigma error,Propagated 1sigma error,Propagated 1sigma error,,,,temp,fluence,norm. int. absorbance,error,temp,fluence,norm. int. absorbance,error,,,,,,,,,,,,,
10K,0,-0.0008,-0.000123628,0,0,-0.0004,-6.18908E-05,-0.00185,-0.000343611,0.0004,6.95531E-05,-0.00522,-0.001938071,,,-0.000737376,,10K,0,0.00005,7.25163E-06,-0.0012,-0.00018797,-0.0015,-0.000221762,-0.0004,-6.00691E-05,-0.000115637,,0,0,-0.00198,-0.000306265,-0.00168,-0.000274959,-0.000290612,,10K,0,-0.00066,-0.000784314,-0.00074,-0.000718935,-0.000751624,,0,0,0.0003,0.000274323,-0.00017,-0.00022703,0.00037,0.000393827,0.00058,0.000669978,-0.0003,-0.00030823,0.000132136,,10K,0,-0.00048,-0.000693541,0.00014,0.000160532,-0.000266505,,0,0,0.00001,1.15274E-05,,,6.01421E-06,3.01083E-06,1.67158E-05,3.38358E-06,9.42822E-05,3.81272E-05,3.52773E-07,9.14426E-06,1.07882E-05,2.92221E-06,5.80185E-06,1.4899E-05,1.33761E-05,1.41375E-05,3.81549E-05,2.40266E-05,3.10907E-05,1.33451E-05,1.10444E-05,1.91587E-05,3.25927E-05,1.49946E-05,1.94476E-05,3.3739E-05,7.80947E-06,2.07742E-05,5.60777E-07,,0,-0.000737376,20,1.54E+17,0.00867189,0.000188682,20,1.54E+17,0.006002855,0.000292024,,,,,,,,,,,,,
20K,1.62E+17,0.0419,0.006475042,10,1.62E+17,0.0432,0.006684202,0.03818,0.007091382,0.0371,0.006451052,0.01107,0.004110047,,,0.00588416,,20K,1.515E+17,0.04018,0.005827411,0.0285,0.004464286,0.0365,0.005396215,0.0396,0.005946839,0.005408688,,12.5,1.515E+17,0.03683,0.005696829,0.02901,0.004747954,0.005222392,,20K,1.62E+17,0.00467,0.005549614,0.00434,0.004216458,0.004883036,,10,1.62E+17,0.00035,0.000320044,0.00211,0.002817842,0.00123,0.001309207,0.00301,0.003476955,0.00162,0.001664441,0.002317111,,20K,1.515E+17,0.00122,0.001762751,0.0008,0.000917326,0.001340039,,12.5,1.515E+17,0.00121,0.001394813,,,0.000314994,0.000325169,0.000344978,0.000313827,0.000199943,0.000286249,0.000283489,0.000217176,0.000262512,0.000289299,0.000263119,0.000277136,0.000230976,0.000254056,0.000269975,0.00020512,0.000237547,1.55693E-05,0.000137081,6.36896E-05,0.000169145,8.09708E-05,0.000112722,8.57533E-05,4.46256E-05,6.51895E-05,6.78541E-05,,1.62E+17,0.00588416,50,6.17E+17,0.014913669,0.000725512,50,6.17E+17,0.012263476,0.000596587,,,,,,,,,,,,,
30K,3.24E+17,0.0617,0.009534848,20,3.24E+17,0.0594,0.009190778,0.0556,0.010326895,0.0502,0.008728917,0.02189,0.008127274,,,0.009061028,,30K,3.03E+17,0.06156,0.008928209,0.045,0.007048872,0.0549,0.008116499,0.0589,0.008845172,0.008234688,,25,3.03E+17,0.06067,0.009384377,0.04977,0.008145663,0.00876502,,30K,3.24E+17,0.0062,0.007367796,0.0049,0.004760517,0.006064156,,20,3.24E+17,0.00074,0.000676664,0.00287,0.003832799,0.00215,0.002288451,0.004,0.004620538,0.00282,0.002897359,0.003409787,,30K,3.03E+17,0.00183,0.002644127,0.00205,0.002350648,0.002497387,,25,3.03E+17,0.00213,0.002455331,,,0.000463846,0.000447108,0.000502377,0.00042464,0.000395371,0.000440796,0.000434335,0.00034291,0.000394847,0.000430295,0.000400597,0.000456526,0.000396266,0.000426396,0.000358424,0.000231587,0.000295006,3.2918E-05,0.000186456,0.000111327,0.000224777,0.000140949,0.000165877,0.00012863,0.000114353,0.000121492,0.000119446,,3.24E+17,0.009061028,100,1.39E+18,0.015754703,0.000578278,70,9.26E+17,0.009800443,0.000476767,,,,,,,,,,,,,
40K,4.86E+17,0.0732,0.011312007,30,4.86E+17,0.0729,0.011279592,0.06972,0.01294948,0.0614,0.010676404,0.02919,0.010837603,,,0.011487829,,40K,4.545E+17,0.07613,0.011041334,0.0562,0.008803258,0.0658,0.009727972,0.0718,0.0107824,0.010088741,,37.5,4.545E+17,0.07719,0.011939675,0.06301,0.010312602,0.011126139,,40K,4.86E+17,0.0063,0.007486631,0.00511,0.004964539,0.006225585,,30,4.86E+17,0.00119,0.001088149,0.00279,0.003725962,0.00367,0.003906333,0.00482,0.005567749,0.00454,0.004664543,0.004466147,,40K,4.545E+17,0.00202,0.002918653,0.0019,0.002178649,0.002548651,,37.5,4.545E+17,0.00248,0.00285879,,,0.0005503,0.000548723,0.000629959,0.00051938,0.000527222,0.000558854,0.000537133,0.000428256,0.000473241,0.000524536,0.000490791,0.000580835,0.000501682,0.000541258,0.000364205,0.000241512,0.000302859,5.29357E-05,0.000181259,0.000190033,0.000270857,0.000226918,0.000217267,0.000141985,0.000105986,0.000123985,0.000139073,,4.86E+17,0.011487829,130,1.85E+18,0.013869812,0.000116353,100,1.39E+18,0.011768031,0.000573457,,,,,,,,,,,,,
50K,6.48E+17,0.0762,0.011775614,40,6.48E+17,0.0891,0.013786167,0.07918,0.014706538,0.0699,0.012154408,0.03684,0.013677879,,,0.013512942,,50K,6.06E+17,0.08337,0.012091371,0.0612,0.009586466,0.0717,0.010600237,0.0786,0.011803574,0.011020412,,50,6.06E+17,0.09097,0.014071152,0.07609,0.012453355,0.013262254,,50K,6.48E+17,0.00647,0.007688651,0.00537,0.005217138,0.006452895,,40,6.48E+17,0.00118,0.001079005,0.00292,0.003899573,0.00399,0.00424694,0.00567,0.006549613,0.00506,0.005198808,0.004973733,,50K,6.06E+17,0.00173,0.002499639,0.00215,0.002465314,0.002482476,,50,6.06E+17,0.00295,0.003400576,,,0.000572854,0.000670662,0.000715436,0.000591281,0.000665394,0.00065737,0.000588214,0.000466357,0.000515674,0.000574214,0.000536115,0.000684526,0.000605824,0.000645175,0.000374033,0.0002538,0.000313917,5.24908E-05,0.000189704,0.000206603,0.000318622,0.000252909,0.000241959,0.000121601,0.000119931,0.000120766,0.000165429,,6.48E+17,0.013512942,150,2.16E+18,0.000467227,2.27294E-05,130,1.85E+18,0.004782368,0.00023265,,,,,,,,,,,,,
60K,8.1E+17,0.0785,0.012131046,50,8.1E+17,,,0.08784,0.016315007,0.0781,0.013580247,0.0409,0.015185268,,,0.015026841,,60K,7.575E+17,0.08589,0.012456853,0.063,0.009868421,0.072,0.010644589,0.08,0.012013816,0.01124592,,62.5,7.575E+17,0.10178,0.015743233,0.08576,0.014036007,0.01488962,,60K,8.1E+17,0.00642,0.007629234,0.00539,0.005236569,0.006432901,,50,8.1E+17,0.00172,0.001572787,0.00357,0.004767628,0.00491,0.005226184,0.00652,0.007531477,0.00558,0.005733073,0.005814591,,60K,7.575E+17,0.00153,0.002210663,0.00192,0.002201582,0.002206123,,62.5,7.575E+17,0.00348,0.004011527,,,0.000590144,,0.000793683,0.000660644,0.000738725,0.000731017,0.000605994,0.000480073,0.000517832,0.000584441,0.000547085,0.000765868,0.000682816,0.000724342,0.000371143,0.000254746,0.000312944,7.65121E-05,0.000231933,0.000254241,0.000366387,0.000278899,0.000282865,0.000107543,0.000107101,0.000107322,0.000195151,,8.1E+17,0.015026841,,,,,150,2.16E+18,0.002091211,0.000101732,,,,,,,,,,,,,
70K,9.72E+17,0.0786,0.0121465,60,9.72E+17,0.0934,0.014451493,0.09266,0.017210253,0.0816,0.014188837,0.0462,0.017153041,,,0.016184043,,70K,9.09E+17,0.08428,0.01222335,0.0641,0.010040727,0.073,0.010792431,0.0802,0.01204385,0.01127509,,75,9.09E+17,0.10963,0.016957463,0.09636,0.015770867,0.016364165,,70K,9.72E+17,0.00747,0.008877005,0.00444,0.004313611,0.006595308,,60,9.72E+17,0.00171,0.001563643,0.00412,0.005502137,0.00541,0.005758382,0.00697,0.008051288,0.00656,0.006739957,0.006512941,,70K,9.09E+17,0.00151,0.002181766,0.0015,0.001719986,0.001950876,,75,9.09E+17,0.00404,0.004657061,,,0.000590896,0.000703028,0.000837235,0.000690251,0.000834452,0.000787312,0.000594635,0.000488456,0.000525024,0.000585903,0.000548504,0.000824937,0.000767212,0.000796075,0.000431844,0.000209846,0.000320845,7.60672E-05,0.000267665,0.000280131,0.000391675,0.000327882,0.000316838,0.000106137,8.36729E-05,9.49051E-05,0.000226554,,9.72E+17,0.016184043,,,,,,,,,,,,,,,,,,,,,
80K,1.134E+18,0.0771,0.011914696,20K,1.134E+18,,,,,,,,,,,,,80K,1.0605E+18,0.08259,0.011978245,0.0619,0.009696115,0.0692,0.010230633,0.0791,0.01187866,0.010945913,,20K,1.0605E+18,0.1178,0.018221191,0.10117,0.016558101,0.017389646,,80K,1.134E+18,0.0069,0.008199643,0.00443,0.004303896,0.00625177,,20K,1.134E+18,,0.001595647,0.00449,0.005996261,0.00592,0.006301224,0.00793,0.009160217,0.00727,0.007469434,0.007231784,,80K,1.0605E+18,0.002,0.002889756,0.00201,0.002304782,0.002597269,,20K,1.0605E+18,0.00502,0.005786744,,,0.00057962,,,,,,0.000582711,0.000471691,0.000497694,0.000577867,0.000532491,0.000886414,0.000805509,0.000845962,0.000398892,0.000209374,0.000304133,,0.000291703,,,0.000363369,0.000327536,0.000140579,0.000112122,0.00012635,0.00028151,,1.296E+18,0.017788765,,,,,,,,,,,,,,,,,,,,,
90K,1.296E+18,0.0717,0.011080204,30K,1.296E+18,0.0981,0.01517871,0.09697,0.018010773,0.0898,0.015614676,0.05317,0.019740848,,,0.017788765,,90K,1.212E+18,0.07966,0.011553299,0.0607,0.009508145,0.0658,0.009727972,0.0743,0.011157832,0.010486812,,30K,1.212E+18,0.1202,0.018592421,0.10685,0.017487725,0.018040073,,90K,1.296E+18,0.00616,0.007320261,0.00423,0.004109589,0.005714925,,30K,1.296E+18,0.00178,0.001627652,0.0046,0.006143162,0.00632,0.006726982,0.00816,0.009425898,0.00735,0.007551628,0.007461918,,90K,1.212E+18,0.0014,0.002022829,0.00197,0.002258915,0.002140872,,30K,1.212E+18,0.00492,0.00567147,,,0.000539024,0.000738405,0.000876178,0.000759614,0.000960342,0.000865378,0.000562039,0.000462547,0.000473241,0.0005428,0.000510157,0.000904474,0.000850733,0.000877604,0.000356112,0.000199921,0.000278017,7.91811E-05,0.000298849,0.000327251,0.000458546,0.000367367,0.000363003,9.84055E-05,0.00010989,0.000104148,0.000275903,,1.62E+18,0.015334618,,,,,,,,,,,,,,,,,,,,,
100K,1.458E+18,0.0666,0.010292072,40K,1.458E+18,,,,,,,,,,,,,100K,1.3635E+18,0.07437,0.010786077,0.0545,0.008536967,0.0597,0.008826138,0.0698,0.010482054,0.009657809,,40K,1.3635E+18,0.1186,0.018344934,0.10689,0.017494272,0.017919603,,100K,1.458E+18,0.00621,0.007379679,0.00384,0.003730691,0.005555185,,40K,1.458E+18,,0.00180139,0.00511,0.006824252,0.00671,0.007142097,0.00826,0.009541412,0.00774,0.007952327,0.007865022,,100K,1.3635E+18,0.00177,0.002557434,0.00168,0.001926385,0.002241909,,40K,1.3635E+18,0.00453,0.005221902,,,0.000500683,,,,,,0.000524715,0.000415302,0.000429369,0.000509925,0.000469828,0.000892434,0.000851052,0.000871743,0.000359003,0.000181489,0.000270246,,0.000331982,,,0.00038686,0.000359421,0.000124413,9.37137E-05,0.000109063,0.000254032,,1.944E+18,0.01358552,,,,,,,,,,,,,,,,,,,,,
110K,1.62E+18,0.056,0.008653995,50K,1.62E+18,0.0857,0.013260096,0.08742,0.016236999,0.0823,0.014310555,0.04163,0.015456301,,,0.015334618,,110K,1.515E+18,0.06627,0.009611313,0.0471,0.00737782,0.0514,0.007599054,0.0614,0.009220604,0.008452197,,50K,1.515E+18,0.1112,0.017200309,0.10408,0.01703437,0.01711734,,110K,1.62E+18,0.00565,0.006714201,0.0036,0.003497523,0.005105862,,50K,1.62E+18,0.00216,0.001975128,0.00442,0.005902778,0.00649,0.00690793,0.00828,0.009564514,0.0073,0.007500257,0.00746887,,110K,1.515E+18,0.00106,0.001531571,0.0016,0.001834652,0.001683111,,50K,1.515E+18,0.00526,0.006063401,,,0.000420995,0.00064507,0.000789889,0.000696172,0.00075191,0.00074599,0.000467566,0.000358912,0.000369675,0.000448559,0.000411178,0.000836751,0.000828679,0.000832715,0.000326629,0.000170146,0.000248387,9.60849E-05,0.000287155,0.000336053,0.000465289,0.000364868,0.000363341,7.4507E-05,8.92511E-05,8.18791E-05,0.000294969,,2.268E+18,0.011754842,,,,,,,,,,,,,,,,,,,,,
120K,1.782E+18,0.0379,0.0058569,60K,1.782E+18,,,,,,,,,,,,,120K,1.6665E+18,0.05075,0.007360406,0.034,0.005325815,0.038,0.005617978,0.047,0.007058117,0.006340579,,60K,1.6665E+18,0.10253,0.015859242,0.09879,0.016168576,0.016013909,,120K,1.782E+18,0.0047,0.005585264,0.00307,0.00298261,0.004283937,,60K,1.782E+18,,0.002066569,0.00379,0.005061432,0.00582,0.006194784,0.00772,0.008917639,0.0067,0.006883797,0.006764413,,120K,1.6665E+18,0.0013,0.001878341,0.0012,0.001375989,0.001627165,,60K,1.6665E+18,0.00424,0.004887608,,,0.000284923,,,,,,0.000358065,0.000259087,0.0002733,0.000343359,0.000308453,0.000771512,0.00078656,0.000779036,0.000271709,0.000145096,0.000208403,,0.000246226,,,0.000334879,0.000290552,9.13765E-05,6.69384E-05,7.91574E-05,0.00023777,,2.592E+18,0.008604219,,,,,,,,,,,,,,,,,,,,,
130K,1.944E+18,0.0243,0.003755216,70K,1.944E+18,0.0761,0.011774718,0.07832,0.014546805,0.0719,0.012502174,0.03692,0.013707582,,,0.01358552,,130K,1.818E+18,0.02975,0.004314721,0.0173,0.0027099,0.0208,0.003075103,0.0275,0.004129749,0.003557368,,70K,1.818E+18,0.09694,0.014994586,0.09735,0.015932897,0.015463742,,130K,1.944E+18,0.00325,0.003862151,0.00201,0.001952783,0.002907467,,70K,1.944E+18,0.00236,0.00215801,0.0031,0.004139957,0.00572,0.006088345,0.00756,0.008732817,0.00629,0.00646255,0.006355917,,130K,1.818E+18,0.00045,0.000650195,0.00063,0.000722394,0.000686295,,70K,1.818E+18,0.00416,0.004795389,,,0.000182682,0.00057281,0.000707665,0.000608199,0.000666839,0.000660901,0.0002099,0.00013183,0.000149596,0.000200902,0.000173057,0.000729448,0.000775095,0.000752272,0.000187884,9.49979E-05,0.000141441,0.000104982,0.000201398,0.000296182,0.000424829,0.000314387,0.000309199,3.16303E-05,3.51426E-05,3.33865E-05,0.000233283,,2.916E+18,0.003328344,,,,,,,,,,,,,,,,,,,,,
140K,2.106E+18,0.0057,0.000880853,80K,2.106E+18,,,,,,,,5,,,,,140K,1.9695E+18,0.01344,0.001949239,0.0046,0.000720551,0.0077,0.00113838,0.0101,0.001516744,0.001331228,,80K,1.9695E+18,0.09139,0.014136118,0.09459,0.015481178,0.014808648,,140K,2.106E+18,0.00196,0.002329174,0.00088,0.00085495,0.001592062,,80K,2.106E+18,,0.002043709,0.00264,0.003525641,0.00549,0.005843534,0.00747,0.008628855,0.00647,0.006647488,0.00616138,,140K,1.9695E+18,-0.00007,-0.000101141,0.00067,0.000768261,0.00033356,,80K,1.9695E+18,0.00404,0.004657061,,,4.28513E-05,,,,,,9.48255E-05,3.5053E-05,5.53793E-05,7.37857E-05,6.47609E-05,0.000687686,0.00075312,0.000720403,0.000113308,4.15911E-05,7.74498E-05,,0.000171513,,,0.000323383,0.000247448,4.92027E-06,3.73739E-05,2.11471E-05,0.000226554,,3.24E+18,0.000188704,,,,,,,,,,,,,,,,,,,,,
150K,2.268E+18,0.0009,0.000139082,90K,2.268E+18,0.0643,0.00994894,0.06656,0.012362556,0.0624,0.010850287,0.03246,0.012051682,,,0.011754842,,150K,2.121E+18,0.00192,0.000278463,-0.0033,-0.000516917,0.0011,0.000162626,0.0017,0.000255294,4.48662E-05,,90K,2.121E+18,0.08507,0.013158546,0.08895,0.014558101,0.013858324,,150K,2.268E+18,0.00081,0.000962567,0.00063,0.000612066,0.000787317,,90K,2.268E+18,0.00211,0.001929407,0.00251,0.00335203,0.00548,0.00583289,0.00664,0.007670094,0.00588,0.006041303,0.005724079,,150K,2.121E+18,-0.00005,-7.22439E-05,0.00007,8.0266E-05,4.01106E-06,,90K,2.121E+18,0.00326,0.003757925,,,6.76599E-06,0.000483991,0.000601407,0.000527839,0.000586284,0.000571843,1.35465E-05,2.51467E-05,7.91132E-06,1.24194E-05,1.4756E-05,0.00064013,0.000708214,0.000674172,4.68264E-05,2.97755E-05,3.83009E-05,9.38607E-05,0.000163068,0.000283755,0.00037313,0.000293894,0.000278462,3.51448E-06,3.90474E-06,3.70961E-06,0.000182813,,3.564E+18,-0.000960936,,,,,,,,,,,,,,,,,,,,,
160K,2.43E+18,-0.0014,-0.00021635,100K,2.43E+18,,,,,,,,,,,,,160K,2.2725E+18,0.0006,8.70196E-05,-0.004,-0.000626566,-0.003,-0.000443525,-0.0012,-0.000180207,-0.00029082,,100K,2.2725E+18,0.07723,0.011945862,0.08342,0.013653028,0.012799445,,160K,2.43E+18,0.00075,0.000891266,0.00001,9.71534E-06,0.00045049,,100K,2.43E+18,,0.002039137,0.00196,0.002617521,0.00445,0.004736562,0.00638,0.007369759,0.00521,0.005352923,0.005019191,,160K,2.2725E+18,-0.00012,-0.000173385,-0.00018,-0.000206398,-0.000189892,,100K,2.2725E+18,0.00285,0.003285303,,,1.05249E-05,,,,,,4.23328E-06,3.04809E-05,2.15763E-05,8.76662E-06,1.62643E-05,0.000581136,0.000664185,0.00062266,4.33578E-05,4.72627E-07,2.19152E-05,,0.000127336,,,0.000260406,0.000193871,8.43475E-06,1.00408E-05,9.23775E-06,0.000159822,,3.888E+18,-0.000817484,,,,,,,,,,,,,,,,,,,,,
170K,2.592E+18,-0.0018,-0.000278164,110K,2.592E+18,0.0508,0.007860127,0.05008,0.009301634,0.0464,0.008068162,0.02274,0.00844286,,,0.008604219,,170K,2.424E+18,-0.00149,-0.000216099,-0.0052,-0.000814536,-0.0036,-0.000532229,-0.0024,-0.000360414,-0.00048082,,110K,2.424E+18,0.06636,0.010264501,0.07485,0.012250409,0.011257455,,170K,2.592E+18,-0.00019,-0.000225787,-0.00017,-0.000165161,-0.000195474,,110K,2.592E+18,0.00235,0.002148866,0.00206,0.002751068,0.00428,0.004555615,0.00574,0.006630472,0.00463,0.004757012,0.004673542,,170K,2.424E+18,0.00001,1.44488E-05,0.00004,4.58663E-05,3.01575E-05,,110K,2.424E+18,0.00249,0.002870317,,,1.3532E-05,0.000382375,0.000452501,0.000392495,0.000410724,0.000418573,-1.05126E-05,3.96251E-05,2.58916E-05,1.75332E-05,1.81343E-05,0.000499342,0.000595951,0.000547646,1.0984E-05,8.03465E-06,9.50931E-06,0.000104537,0.000133832,0.000221619,0.000322556,0.000231417,0.000227356,7.02896E-07,2.23128E-06,1.46709E-06,0.000139634,,4.212E+18,-0.000889787,,,,,,,,,,,,,,,,,,,,,
180K,2.754E+18,-0.0024,-0.000370885,120K,2.754E+18,,,,,,,,,,,,,180K,2.5755E+18,-0.0031,-0.000449601,-0.0067,-0.001049499,-0.0054,-0.000798344,-0.0038,-0.000570656,-0.000717025,,120K,2.5755E+18,0.05003,0.007738592,0.06123,0.010021277,0.008879935,,180K,2.754E+18,-0.00033,-0.000392157,-0.00029,-0.000281745,-0.000336951,,120K,2.754E+18,,0.001961412,0.00211,0.002817842,0.0035,0.003725386,0.00483,0.0055793,0.00389,0.003996712,0.00402981,,180K,2.5755E+18,-0.00021,-0.000303424,-0.00055,-0.000630662,-0.000467043,,120K,2.5755E+18,0.00197,0.002270893,,,1.80426E-05,,,,,,-2.18719E-05,5.10554E-05,3.88374E-05,2.7761E-05,2.39455E-05,0.000376463,0.00048751,0.000431986,1.90774E-05,1.37062E-05,1.63918E-05,,0.000137081,,,0.00019443,0.000165755,1.47608E-05,3.06801E-05,2.27204E-05,0.000110473,,4.536E+18,9.34873E-05,,,,,,,,,,,,,,,,,,,,,
190K,2.916E+18,-0.0036,-0.000556328,130K,2.916E+18,0.0275,0.00425499,0.02168,0.004026746,0.0168,0.002921231,0.00818,0.003037054,,,0.003328344,,190K,2.727E+18,-0.00245,-0.00035533,-0.0072,-0.00112782,-0.0049,-0.000724423,-0.0025,-0.000375432,-0.000645751,,130K,2.727E+18,0.02907,0.00449652,0.03498,0.005725041,0.00511078,,190K,2.916E+18,-0.00024,-0.000285205,0.00033,0.000320606,1.77006E-05,,130K,2.916E+18,0.00194,0.001773958,0.00127,0.001696047,0.00294,0.003129324,0.00384,0.004435717,0.00277,0.002845988,0.003026769,,190K,2.727E+18,-0.0001,-0.000144488,-0.00026,-0.000298131,-0.000221309,,130K,2.727E+18,0.00129,0.001487032,,,2.70639E-05,0.000206994,0.000195891,0.00014211,0.000147745,0.000161915,-1.72859E-05,5.48655E-05,3.52414E-05,1.82638E-05,2.27712E-05,0.000218744,0.000278509,0.000248626,1.38745E-05,1.55967E-05,1.47356E-05,8.62985E-05,8.25084E-05,0.000152234,0.000215786,0.00013845,0.000147245,7.02896E-06,1.45033E-05,1.07661E-05,7.23403E-05,,4.86E+18,-0.000180308,,,,,,,,,,,,,,,,,,,,,
200K,3.078E+18,-0.0039,-0.000602689,140K,3.078E+18,,,,,,,,,,,,,200K,2.8785E+18,-0.00227,-0.000329224,-0.0061,-0.000955514,-0.0052,-0.000768776,-0.0028,-0.000420484,-0.000618499,,140K,2.8785E+18,0.01237,0.00191338,,,0.00191338,,200K,3.078E+18,-0.00035,-0.000415924,-0.00012,-0.000116584,-0.000266254,,140K,3.078E+18,,0.001275604,0.00114,0.001522436,0.00183,0.001947845,0.00252,0.002910939,0.00186,0.001911024,0.002073061,,200K,2.8785E+18,-0.00069,-0.000996966,-0.00008,-9.17326E-05,-0.000544349,,140K,2.8785E+18,0.00024,0.000276657,,,2.93193E-05,,,,,,-1.60159E-05,4.64833E-05,3.7399E-05,2.04555E-05,2.20805E-05,9.3081E-05,,9.3081E-05,2.02336E-05,5.67152E-06,1.29526E-05,,7.40626E-05,,,9.29665E-05,8.35145E-05,4.84998E-05,4.46256E-06,2.64812E-05,1.34587E-05,,5.184E+18,-0.000126141,,,,,,,,,,,,,,,,,,,,,
210K,3.24E+18,-0.0041,-0.000633596,150K,3.24E+18,0.0099,0.001531796,0.00227,0.00042162,0.0035,0.00060859,-0.00125,-0.000464097,,,0.000188704,,210K,3.03E+18,-0.00206,-0.000298767,-0.0065,-0.00101817,-0.005,-0.000739208,-0.0031,-0.000465535,-0.00063042,,150K,3.03E+18,0.00238,0.000368136,0.02081,0.003405892,0.001887014,,210K,3.24E+18,-0.0007,-0.000831848,-0.00023,-0.000223453,-0.00052765,,150K,3.24E+18,0.00085,0.000777249,0.00041,0.000547543,0.00082,0.000872805,0.00178,0.00205614,0.00048,0.000493168,0.000992414,,210K,3.03E+18,-0.00057,-0.00082358,-0.00025,-0.000286664,-0.000555122,,150K,3.03E+18,0.00016,0.000184438,,,3.08228E-05,7.4518E-05,2.05107E-05,2.96063E-05,2.25772E-05,2.42314E-05,-1.45343E-05,4.95314E-05,3.59606E-05,2.26471E-05,2.34012E-05,1.79089E-05,0.000165688,9.17984E-05,4.04673E-05,1.08704E-05,2.56688E-05,3.78112E-05,2.66366E-05,4.24597E-05,0.000100026,2.39913E-05,4.82784E-05,4.00651E-05,1.39455E-05,2.70053E-05,8.97244E-06,,5.508E+18,-9.56162E-06,,,,,,,,,,,,,,,,,,,,,
220K,3.402E+18,-0.0028,-0.0004327,160K,3.402E+18,,,,,,,,,,,,,220K,3.1815E+18,-0.00067,-9.71719E-05,-0.0051,-0.000798872,-0.0056,-0.000827912,-0.0024,-0.000360414,-0.000521093,,160K,3.1815E+18,-0.0096,-0.001484919,0.01642,0.002687398,0.000601239,,220K,3.402E+18,-0.00021,-0.000249554,0.00001,9.71534E-06,-0.00011992,,160K,3.402E+18,,0.000521214,0.00053,0.000707799,0.00062,0.000659925,0.00128,0.001478572,0.0001,0.000102743,0.00073726,,220K,3.1815E+18,-0.00043,-0.000621298,-0.00033,-0.000378397,-0.000499847,,160K,3.1815E+18,-0.00017,-0.000195965,,,2.10497E-05,,,,,,-4.72716E-06,3.88631E-05,4.02758E-05,1.75332E-05,2.29863E-05,7.22375E-05,0.000130735,0.000101486,1.21402E-05,4.72627E-07,6.3064E-06,,3.44326E-05,,,4.9982E-06,1.97154E-05,3.02245E-05,1.8408E-05,2.43163E-05,9.53322E-06,,5.832E+18,5.66311E-05,,,,,,,,,,,,,,,,,,,,,
230K,3.564E+18,-0.0035,-0.000540875,170K,3.564E+18,0.0021,0.000324927,-0.0034,-0.000631501,-0.0002,-3.47766E-05,-0.00597,-0.002216529,,,-0.000960936,,230K,3.333E+18,-0.00108,-0.000156635,-0.0046,-0.000720551,-0.0051,-0.000753992,-0.0023,-0.000345397,-0.000494144,,170K,3.333E+18,-0.00249,-0.000385151,0.00568,0.000929624,0.000272236,,230K,3.564E+18,-0.00082,-0.00097445,0.00022,0.000213737,-0.000380356,,170K,3.564E+18,0.00029,0.000265179,0.0002,0.000267094,0.0004,0.000425758,0.00071,0.000820146,0.00012,0.000123292,0.000409072,,230K,3.333E+18,-0.00067,-0.000968068,-0.00029,-0.000332531,-0.000650299,,170K,3.333E+18,-0.00028,-0.000322767,,,2.63122E-05,1.58068E-05,3.07209E-05,1.69179E-06,0.000107828,4.67471E-05,-7.6199E-06,3.5053E-05,3.66798E-05,1.68027E-05,2.02289E-05,1.87366E-05,4.52238E-05,3.19802E-05,4.74045E-05,1.03978E-05,2.89012E-05,1.29003E-05,1.29934E-05,2.07121E-05,3.9898E-05,5.99784E-06,1.99003E-05,4.7094E-05,1.61768E-05,3.16354E-05,1.57018E-05,,,,,,,,,,,,,,,,,,,,,,,,
240K,3.726E+18,-0.0025,-0.000386339,180K,3.726E+18,,,,,,,,,,,,,240K,3.4845E+18,-0.00167,-0.000242204,-0.0058,-0.000908521,-0.0053,-0.00078356,-0.0015,-0.000225259,-0.000539886,,180K,3.4845E+18,-0.00276,-0.000426914,-0.00031,-5.07365E-05,-0.000238825,,240K,3.726E+18,-0.00041,-0.000487225,0.00071,0.000689789,0.000101282,,180K,3.726E+18,,0.000274323,-0.00003,-4.00641E-05,0.00022,0.000234167,0.00052,0.00060067,-0.00029,-0.000297955,0.000124204,,240K,3.4845E+18,-0.00082,-0.0011848,-0.00072,-0.000825593,-0.001005197,,180K,3.4845E+18,-0.00017,-0.000195965,,,1.87944E-05,,,,,,-1.17826E-05,4.41972E-05,3.81182E-05,1.09583E-05,2.03728E-05,2.07683E-05,2.4682E-06,1.16182E-05,2.37023E-05,3.35565E-05,2.86294E-05,,1.94902E-06,,,1.44948E-05,8.22189E-06,5.76375E-05,4.0163E-05,4.89003E-05,9.53322E-06,,,,,,,,,,,,,,,,,,,,,,,,
250K,3.888E+18,-0.0036,-0.000556328,190K,3.888E+18,-0.001,-0.000154727,-0.00361,-0.000670505,0.0003,5.21648E-05,-0.00494,-0.001834113,,,-0.000817484,,250K,3.636E+18,-0.00125,-0.000181291,-0.0041,-0.000642231,-0.0053,-0.00078356,-0.0017,-0.000255294,-0.000465594,,190K,3.636E+18,-0.00269,-0.000416087,-0.00189,-0.000309329,-0.000362708,,250K,3.888E+18,-0.00062,-0.00073678,0.00054,0.000524628,-0.000106076,,190K,3.888E+18,0.00031,0.000283467,-0.00002,-2.67094E-05,0.00034,0.000361895,0.00075,0.000866351,-0.00044,-0.00045207,0.000187366,,250K,3.636E+18,-0.00077,-0.001112556,-0.00023,-0.000263731,-0.000688144,,190K,3.636E+18,-0.00042,-0.00048415,,,2.70639E-05,7.52707E-06,3.26184E-05,2.53769E-06,8.92249E-05,4.14603E-05,-8.81933E-06,3.12429E-05,3.81182E-05,1.24194E-05,1.82403E-05,2.02416E-05,1.50481E-05,1.76448E-05,3.58424E-05,2.55218E-05,3.06821E-05,1.379E-05,1.29934E-06,1.76052E-05,4.21458E-05,2.19921E-05,2.07606E-05,5.4123E-05,1.28299E-05,3.34764E-05,2.35527E-05,,,,,,,,,,,,,,,,,,,,,,,,
260K,4.05E+18,-0.0018,-0.000278164,200K,4.05E+18,,,,,,,,,,,,,260K,3.7875E+18,-0.00123,-0.00017839,-0.005,-0.000783208,-0.0053,-0.00078356,-0.0027,-0.000405466,-0.000537656,,200K,3.7875E+18,-0.00319,-0.000493426,-0.00198,-0.000324059,-0.000408743,,260K,4.05E+18,-0.00072,-0.000855615,0.00012,0.000116584,-0.000369515,,200K,4.05E+18,,0.000320044,-0.00008,-0.000106838,0.00026,0.000276743,0.00041,0.000473605,-0.00059,-0.000606185,9.33134E-06,,260K,3.7875E+18,-0.00101,-0.001459327,-0.00023,-0.000263731,-0.000861529,,200K,3.7875E+18,0.00007,8.06916E-05,,,1.3532E-05,,,,,,-8.67822E-06,3.81011E-05,3.81182E-05,1.97249E-05,2.18165E-05,2.40039E-05,1.57646E-05,1.98843E-05,4.16235E-05,5.67152E-06,2.36475E-05,,5.19738E-06,,,2.94894E-05,1.73434E-05,7.09925E-05,1.28299E-05,4.19112E-05,3.92544E-06,,,,,,,,,,,,,,,,,,,,,,,,
270K,4.212E+18,-0.0026,-0.000401793,210K,4.212E+18,-0.0027,-0.000417763,-0.00959,-0.001781204,0.0007,0.000121718,-0.00272,-0.001009876,,,-0.000889787,,270K,3.939E+18,-0.00128,-0.000185642,-0.0052,-0.000814536,-0.0058,-0.000857481,-0.0017,-0.000255294,-0.000528238,,210K,3.939E+18,-0.00213,-0.000329466,-0.0017,-0.000278232,-0.000303849,,270K,4.212E+18,-0.00074,-0.000879382,0.00053,0.000514913,-0.000182235,,210K,4.212E+18,0.00039,0.00035662,-0.00066,-0.00088141,0.00063,0.000670569,0.00072,0.000831697,-0.00012,-0.000123292,0.000124391,,270K,3.939E+18,-0.00034,-0.000491258,-0.00021,-0.000240798,-0.000366028,,210K,3.939E+18,-0.0004,-0.000461095,,,1.95462E-05,2.03231E-05,8.6651E-05,5.92127E-06,4.91279E-05,4.72334E-05,-9.031E-06,3.96251E-05,4.17143E-05,1.24194E-05,2.11819E-05,1.60277E-05,1.35353E-05,1.47815E-05,4.27797E-05,2.50492E-05,3.39144E-05,1.73487E-05,4.28784E-05,3.26215E-05,4.04599E-05,5.99784E-06,3.04894E-05,2.38985E-05,1.17142E-05,1.78063E-05,2.24311E-05,,,,,,,,,,,,,,,,,,,,,,,,
280K,4.374E+18,-0.0015,-0.000231803,220K,4.374E+18,,,,,,,,,,,,,280K,4.0905E+18,-0.00093,-0.00013488,-0.0051,-0.000798872,-0.0064,-0.000946186,-0.0007,-0.000105121,-0.000496265,,220K,4.0905E+18,-0.00329,-0.000508894,0.007,0.001145663,0.000318384,,280K,4.374E+18,-0.0004,-0.000475342,0.00043,0.00041776,-2.8791E-05,,220K,4.374E+18,,0.000425201,-0.00035,-0.000467415,0.00028,0.000298031,-0.00003,-3.4654E-05,-0.00026,-0.000267132,-0.000117793,,280K,4.0905E+18,-0.00069,-0.000996966,-0.00079,-0.000905859,-0.000951413,,220K,4.0905E+18,-0.00036,-0.000414986,,,1.12766E-05,,,,,,-6.56158E-06,3.88631E-05,4.60295E-05,5.11386E-06,2.08612E-05,2.47564E-05,5.57336E-05,4.0245E-05,2.31242E-05,2.03229E-05,2.17235E-05,,2.27385E-05,,,1.29953E-05,1.78669E-05,4.84998E-05,4.40677E-05,4.62838E-05,2.0188E-05,,,,,,,,,,,,,,,,,,,,,,,,
290K,4.536E+18,-0.0014,-0.00021635,230K,4.536E+18,-0.0024,-0.000371345,0.0002801,0.000520245,0.0005,8.69414E-05,-0.00088,-0.000326725,,,9.34873E-05,,290K,4.242E+18,-0.0009,-0.000130529,-0.0043,-0.000673559,-0.0064,-0.000946186,-0.0015,-0.000225259,-0.000493883,,230K,4.242E+18,-0.00279,-0.000431555,0.00773,0.001265139,0.000416792,,290K,4.536E+18,-0.00104,-0.001235888,0.00004,3.88614E-05,-0.000598513,,230K,4.536E+18,0.00054,0.000493782,-0.00043,-0.000574252,-0.00002,-2.12879E-05,0.00034,0.000392746,-0.0004,-0.000410973,-0.000153442,,290K,4.242E+18,-0.00075,-0.001083658,0.00011,0.000126132,-0.000478763,,230K,4.242E+18,-0.00063,-0.000726225,,,1.05249E-05,1.8065E-05,0.000253086,4.22948E-06,1.58943E-05,9.10699E-05,-6.34992E-06,3.27669E-05,4.60295E-05,1.09583E-05,2.08512E-05,2.0994E-05,6.15458E-05,4.12699E-05,6.01228E-05,1.89051E-06,3.10067E-05,2.40212E-05,2.79359E-05,1.0356E-06,1.91061E-05,1.99928E-05,1.70176E-05,5.27172E-05,6.13602E-06,2.94266E-05,3.5329E-05,,,,,,,,,,,,,,,,,,,,,,,,
300K,4.698E+18,-0.001,-0.000154536,240K,4.698E+18,,,,,,,,,,,,,300K,4.3935E+18,-0.00087,-0.000126178,-0.0049,-0.000767544,-0.0056,-0.000827912,-0.0016,-0.000240276,-0.000490478,,240K,4.3935E+18,-0.00307,-0.000474865,0.00117,0.000191489,-0.000141688,,300K,4.698E+18,-0.00065,-0.00077243,0.00019,0.000184591,-0.000293919,,240K,4.698E+18,,0.000342904,-0.00017,-0.00022703,0.00019,0.000202235,0.00038,0.000438951,0.00027,0.000277407,0.000172891,,300K,4.3935E+18,-0.00049,-0.00070799,-0.00062,-0.000710928,-0.000709459,,240K,4.3935E+18,-0.00016,-0.000184438,,,7.51776E-06,,,,,,-6.13826E-06,3.7339E-05,4.02758E-05,1.16888E-05,2.07914E-05,2.3101E-05,9.31547E-06,1.62082E-05,3.75768E-05,8.9799E-06,2.32783E-05,,1.10444E-05,,,1.34951E-05,1.22698E-05,3.44419E-05,3.45848E-05,3.45134E-05,8.97244E-06,,,,,,,,,,,,,,,,,,,,,,,,
310K,4.86E+18,-0.0025,-0.000386339,250K,4.86E+18,-0.0021,-0.000324927,-0.00101,-0.000187593,0.001,0.000173883,-0.00142,-0.000527215,,,-0.000180308,,310K,4.545E+18,-0.00179,-0.000259608,-0.0032,-0.000501253,-0.0052,-0.000768776,-0.0008,-0.000120138,-0.000412444,,250K,4.545E+18,-0.00361,-0.000558391,0.00187,0.000306056,-0.000126168,,310K,4.86E+18,-0.00051,-0.000606061,0.00022,0.000213737,-0.000196162,,250K,4.86E+18,0.00021,0.000192026,-0.00025,-0.000333868,0.00008,8.51517E-05,0.00016,0.000184822,-0.00023,-0.000236309,-7.50509E-05,,310K,4.545E+18,-0.00096,-0.001387083,-0.00035,-0.00040133,-0.000894206,,250K,4.545E+18,-0.00055,-0.000634006,,,1.87944E-05,1.58068E-05,9.12591E-06,8.45895E-06,2.56476E-05,1.44108E-05,-1.26293E-05,2.43847E-05,3.7399E-05,5.84441E-06,1.37497E-05,2.71643E-05,1.48888E-05,2.10266E-05,2.94833E-05,1.03978E-05,1.99405E-05,9.34159E-06,1.62418E-05,4.14241E-06,8.9911E-06,1.14959E-05,1.02178E-05,6.7478E-05,1.95237E-05,4.35009E-05,3.08428E-05,,,,,,,,,,,,,,,,,,,,,,,,
,,,,260K,5.022E+18,,,,,,,,,,,,,,,,,,,,,,,,,260K,4.6965E+18,-0.00291,-0.000450116,0.00167,0.000273322,-8.83968E-05,,,,,,,,,,260K,5.022E+18,,0.000150878,0.00016,0.000213675,0.00076,0.000808941,0.00059,0.000681529,-0.00025,-0.000256858,0.000361822,,,,,,,,,,260K,4.6965E+18,-0.00008,-9.2219E-05,,,,,,,,,,,,,,2.1897E-05,1.32964E-05,1.75967E-05,,,,,1.03948E-05,,,1.24955E-05,1.14451E-05,,,,4.48622E-06,,,,,,,,,,,,,,,,,,,,,,,,
,,,,270K,5.184E+18,-0.0012,-0.000185672,-0.00192,-0.000356612,0.0006,0.00010433,,,,,-0.000126141,,,,,,,,,,,,,,270K,4.848E+18,-0.00377,-0.00058314,0.00154,0.000252046,-0.000165547,,,,,,,,,,270K,5.184E+18,0.00012,0.000109729,-0.00016,-0.000213675,0.0006,0.000638638,0.00013,0.000150167,-0.00048,-0.000493168,2.04906E-05,,,,,,,,,,270K,4.848E+18,-0.00056,-0.000645533,,,,9.03248E-06,1.73483E-05,5.07537E-06,,1.12118E-05,,,,,,2.83683E-05,1.22614E-05,2.03148E-05,,,,5.33805E-06,1.03948E-05,3.10681E-05,7.30527E-06,2.39913E-05,1.81899E-05,,,,3.14035E-05,,,,,,,,,,,,,,,,,,,,,,,,
,,,,280K,5.346E+18,,,,,,,,,,,,,,,,,,,,,,,,,280K,4.9995E+18,-0.00319,-0.000493426,0.00222,0.000363339,-6.50437E-05,,,,,,,,,,280K,5.346E+18,,0.000251463,-0.00006,-8.01282E-05,0.00033,0.000351251,0.00066,0.000762389,-0.00043,-0.000441796,0.000147929,,,,,,,,,,280K,4.9995E+18,-0.00069,-0.000795389,,,,,,,,,,,,,,2.40039E-05,1.76755E-05,2.08397E-05,,,,,3.89803E-06,,,2.14922E-05,1.26951E-05,,,,3.86936E-05,,,,,,,,,,,,,,,,,,,,,,,,
,,,,290K,5.508E+18,-0.0019,-0.000293981,-0.00132,-0.000245171,0.0013,0.000226048,,,,,-9.56162E-06,,,,,,,,,,,,,,290K,5.151E+18,-0.00308,-0.000476411,0.00363,0.000594108,5.88483E-05,,,,,,,,,,290K,5.508E+18,0.00043,0.000393197,0,1.33547E-05,0.00012,0.000127728,0.00016,0.000184822,-0.0009,-0.000924689,-0.000149696,,,,,,,,,,290K,5.151E+18,-0.00068,-0.000783862,,,,1.43014E-05,1.19269E-05,1.09966E-05,,1.14618E-05,,,,,,2.31762E-05,2.89018E-05,2.6039E-05,,,,1.9128E-05,6.49672E-07,6.21362E-06,8.9911E-06,4.49838E-05,1.52095E-05,,,,3.81329E-05,,,,,,,,,,,,,,,,,,,,,,,,
,,,,300K,5.67E+18,,,,,,,,,,,,,,,,,,,,,,,,,300K,5.3025E+18,-0.00315,-0.000487239,0.00498,0.000815057,0.000163909,,,,,,,,,,300K,5.67E+18,,0.0003109,0.00011,0.000146902,0.00034,0.000361895,0.00043,0.000496708,-0.00014,-0.000143841,0.000215416,,,,,,,,,,300K,5.3025E+18,-0.00072,-0.000829971,,,,,,,,,,,,,,2.37029E-05,3.96505E-05,3.16767E-05,,,,,7.14639E-06,,,6.99748E-06,7.07193E-06,,,,4.0376E-05,,,,,,,,,,,,,,,,,,,,,,,,
,,,,310K,5.832E+18,-0.0012,-0.000185672,-0.00042,-7.80089E-05,0.0011,0.000191271,,,,,5.66311E-05,,,,,,,,,,,,,,310K,5.454E+18,-0.00232,-0.000358855,0.00673,0.001101473,0.000371309,,,,,,,,,,310K,5.832E+18,0.00025,0.000228603,0,1.33547E-05,0.00042,0.000447046,0.00056,0.000646875,-0.00041,-0.000421247,0.000171507,,,,,,,,,,310K,5.454E+18,-0.00054,-0.000622478,,,,9.03248E-06,3.79493E-06,9.30485E-06,,6.54989E-06,,,,,,1.74574E-05,5.35838E-05,3.55206E-05,,,,1.11209E-05,6.49672E-07,2.17477E-05,3.14688E-05,2.04926E-05,1.85897E-05,,,,3.0282E-05,,,,,,,,,,,,,,,,,,,,,,,,
,,,,,,,,,,,,,,,,,,,,,,,,,,,,,,,,,,,,,,,,,,,,,,,,,,,,,,,,,,,,,,,,,,,,,,,,,,,,,,,,,,,,,,,,,,,,,,,,,,,,,,,,,,,,,,,,,,,,,,,,,,,,
,,,,,,,,,,,,,,,,,,,,,,,,,,,,,,,,,,,,,,,,,,,,,,,,,,,,,,,,,,,,,,,,,,,,,,,,,,,,,,,,,,,,,,,,,,,,,,,,,,,,,,,,,,,,,,,,,,,,,,,,,,,,
,,,,,,,,,,,,,,,,,,,,,,,,,,,,,,,,,,,,,,,,,,,,,,,,,,,,,,,,,,,,,,,,,,,,,,,,,,,,,,,,,,,,,,,,,,,,,,,,,,,,,,,,,,,,,,,,,,,,,,,,,,,,
,,,,,,,,,,,,,,,,,,,,,,,,,,,,,,,,,,,,,,,,,,,,,,,,,,,,,,,,,,,,,,,,,,,,,,,,,,,,,,,,,,,,,,,,,,,,,,,,,,,,,,,,,,,,,,,,,,,,,,,,,,,,
,,,,,,,,,,,,,,,,,,,,,,,,,,,,,,,,,,,,,,,,,,,,,,,,,,,,,,,,,,,,,,,,,,,,,,,,,,,,,,,,,,,,,,,,,,,,,,,,,,,,,,,,,,,,,,,,,,,,,,,,,,,,
,,,,,,,,,,,,,,,,,,,,,,,,,,,,,,,,,,,,,,,,,,,,,,,,,,,,,,,,,,,,,,,,,,,,,,,,,,,,,,,,,,,,,,,,,,,,,,,,,,,,,,,,,,,,,,,,,,,,,,,,,,,,
,,,,,,,,,,,,,,,,,,,,,,,,,,,,,,,,,,,,,,,,,,,,,,,,,,,,,,,,,,,,,,,,,,,,,,,,,,,,,,,,,,,,,,,,,,,,,,,,,,,,,,,,,,,,,,,,,,,,,,,,,,,,
,,,,,,,,,,,,,,,,,,,,,,,,,,,,,,,,,,,,,,,,,,,,,,,,,,,,,,,,,,,,,,,,,,,,,,,,,,,,,,,,,,,,,,,,,,,,,,,,,,,,,,,,,,,,,,,,,,,,,,,,,,,,
,,,,,,,,,,,,,,,,,,,,,,,,,,,,,,,,,,,,,,,,,,,,,,,,,,,,,,,,,,,,,,,,,,,,,,,,,,,,,,,,,,,,,,,,,,,,,,,,,,,,,,,,,,,,,,,,,,,,,,,,,,,,
,,,,,,,,,,,,,,,,,,,,,,,,,,,,,,,,,,,,,,,,,,,,,,,,,,,,,,,,,,,,,,,,,,,,,,,,,,,,,,,,,,,,,,,,,,,,,,,,,,,,,,,,,,,,,,,,,,,,,,,,,,,,
,,,,,,,,,,,,,,,,,,,,,,,,,,,,,,,,,,,,,,,,,,,,,,,,,,,,,,,,,,,,,,,,,,,,,,,,,,,,,,,,,,,,,,,,,,,,,,,,,,,,,,,,,,,,,,,,,,,,,,,,,,,,
,,,,,,,,,,,,,,,,,,,,,,,,,,,,,,,,,,,,,,,,,,,,,,,,,,,,,,,,,,,,,,,,,,,,,,,,,,,,,,,,,,,,,,,,,,,,,,,,,,,,,,,,,,,,,,,,,,,,,,,,,,,,
,,,,,,,,,,,,,,,,,,,,,,,,,,,,,,,,,,,,,,,,,,,,,,,,,,,,,,,,,,,,,,,,,,,,,,,,,,,,,,,,,,,,,,,,,,,,,,,,,,,,,,,,,,,,,,,,,,,,,,,,,,,,
,,,,,,,,,,,,,,,,,,,,,,,,,,,,,,,,,,,,,,,,,,,,,,,,,,,,,,,,,,,,,,,,,,,,,,,,,,,,,,,,,,,,,,,,,,,,,,,,,,,,,,,,,,,,,,,,,,,,,,,,,,,,
,,,,,,,,,,,,,,,,,,,,,,,,,,,,,,,,,,,,,,,,,,,,,,,,,,,,,,,,,,,,,,,,,,,,,,,,,,,,,,,,,,,,,,,,,,,,,,,,,,,,,,,,,,,,,,,,,,,,,,,,,,,,
,,,,,,,,,,,,,,,,,,,,,,,,,,,,,,,,,,,,,,,,,,,,,,,,,,,,,,,,,,,,,,,,,,,,,,,,,,,,,,,,,,,,,,,,,,,,,,,,,,,,,,,,,,,,,,,,,,,,,,,,,,,,
CO Production/Sublimation 2140 cm-1,,,,,,,,,,,,,,,,,,,,,,,,,,,,,,,,,,,,,,,,,,,,,,,,,,,,,,,,,,,,,,,,,,,,,,,,,,,,,,,,,,,,,,,,,,,,,,,,,,,,,,,,,,,,,,,,,,,,,,,,,,,,
100% Methanol,,,,,,,,,,,,,,,,,,,,,,,,,,,,,,,,,,,,,,11-16% Methanol,,,,,,,,,,,,,,,,,,,,,,,,,,,,,,,,,,,,2140 cm-1,,,,,,,,,,,,,,,,,,,,,,,,,,,,,,,,,,,,,,,,,,,,,,,,,,
0min 100W,,,,60min 100W,,,,,,,,,,,,,,0min 50W,,,,,,,,,,,,75min 50W,,,,,,,,0 min 100W,,,,,,,,60 min 100W,,,,,,,,,,,,,,0min 50W,,,,,,,,75min 50W,,,,,,0 min 100W 100%,60 min 100W 100%,,,,,0 min 50W 100%,,,,,75 min 50W 100%,,,0min 100W 11-16%,,,60min 100W 11-16%,,,,,,0min 50W 11-16%,,,75min 50W 11-16%,,,,2135,,,,,,,,,,,,,,,,,,,,
,,110923,,,,101223,,092823 - IR out,,91523,,83123,,102824,,Average,st. dev.,,,010324 -2nd good,,122123 -power surge,,122723 -purge,,121823 -oscillate,,Average,st. dev.,,,010523,,122923 -purge,,Average,st. dev.,,,81524,,81624,,Average,st. dev.,,,71824,,090324 -purge,,92424,,100824 -purge,,101524,,Average,st. dev.,,,82724,,083024 -purge,,Average,st. dev.,,,91724,,,,110923,101223,92823,91523,83123,ave,10324,122123,122723,121823,ave,10524,122923,ave,81524,81624,ave,71824,90324,92424,100824,101524,ave,82724,83024,ave,91724,,,,100%,,,,14-19%,,,,,,,,,,,,,,,,
Temp,Fluence,Integrated Absorbance,Normalized,Time/Temp,Fluence,Integrated Absorbance,Normalized,Integrated Absorbance,Normalized,Integrated Absorbance,Normalized,Integrated Absorbance,Normalized,Integrated Absorbance,Normalized,Normalized,Normalized,Temp,Fluence,Integrated Absorbance,Normalized,Integrated Absorbance,Normalized,Integrated Absorbance,Normalized,Integrated Absorbance,Normalized,Normalized,Normalized,Time/Temp,Fluence,Integrated Absorbance,Normalized,Integrated Absorbance,Normalized,Normalized,Normalized,Temp,Fluence,Integrated Absorbance,Normalized,Integrated Absorbance,Normalized,Normalized,Normalized,Time/Temp,Fluence,Integrated Absorbance,Normalized,Integrated Absorbance,Normalized,Integrated Absorbance,Normalized,Integrated Absorbance,Normalized,Integrated Absorbance,Normalized,Normalized,Normalized,Temp,Fluence,Integrated Absorbance,Normalized,Integrated Absorbance,Normalized,Normalized,Normalized,Time/Temp,Fluence,Integrated Absorbance,Normalized,,,Propagated 1sigma error,Propagated 1sigma error,Propagated 1sigma error,Propagated 1sigma error,Propagated 1sigma error,Propagated 1sigma error,Propagated 1sigma error,Propagated 1sigma error,Propagated 1sigma error,Propagated 1sigma error,Propagated 1sigma error,Propagated 1sigma error,Propagated 1sigma error,Propagated 1sigma error,Propagated 1sigma error,Propagated 1sigma error,Propagated 1sigma error,Propagated 1sigma error,Propagated 1sigma error,Propagated 1sigma error,Propagated 1sigma error,Propagated 1sigma error,Propagated 1sigma error,Propagated 1sigma error,Propagated 1sigma error,Propagated 1sigma error,Propagated 1sigma error,,,,temp,fluence,norm. int. absorbance,error,temp,fluence,norm. int. absorbance,error,,,,,,,,,,,,,
10K,0,0.0015,0.000231803,0,0,0.002,0.000309454,0.00084,0.000156018,0.00209,0.000363415,-0.0026,-0.000965323,,,-0.00014863,,10K,0,0.00233,0.000337926,0.0045,0.000704887,0.005,0.000739208,-0.00037,-5.55639E-05,0.000431614,,0,0,-0.00023,-3.55762E-05,-0.0014,-0.000229133,-0.000132354,,10K,0,0.00197,0.002341058,0.00331,0.003215778,0.002778418,,0,0,0.0024,0.002194587,-0.00112,-0.001495726,0.00324,0.003448643,0.0009,0.001039621,0.00293,0.003010377,0.0016395,,10K,0,0.00397,0.005736165,-0.00051,-0.000584795,0.002575685,,0,0,0.00301,0.003469741,,,1.30042E-05,5.90255E-06,8.75265E-06,2.03877E-05,5.41549E-05,2.22994E-05,1.89578E-05,3.95444E-05,4.14698E-05,3.11715E-06,2.57723E-05,1.57661E-06,1.01544E-05,5.86549E-06,0.000131334,0.000180406,0.00015587,0.000123117,8.39107E-05,0.00019347,5.83231E-05,0.000168883,0.000125541,0.000321801,3.28072E-05,0.000177304,0.000194654,,0,-0.00014863,20,1.54E+17,0.006718903,0.000376933,20,1.54E+17,0.014851818,0.000868516,,,,,,,,,,,,,
20K,1.62E+17,0.0322,0.004976047,10,1.62E+17,0.1702,0.02633452,0.0334,0.006203566,0.03079,0.005353852,0.0077,0.00285884,,,0.004805419,,20K,1.515E+17,0.0265,0.003843365,0.02508,0.003928571,0.0272,0.004021289,0.03096,0.004649347,0.004110643,,12.5,1.515E+17,0.02431,0.003760247,0.0209,0.003420622,0.003590435,,20K,1.62E+17,0.01053,0.012513369,0.01046,0.010162246,0.011337808,,10,1.62E+17,0.0183,0.016733723,0.00798,0.010657051,0.0143,0.015220862,0.0183,0.021138963,0.01685,0.017312237,0.016212567,,20K,1.515E+17,0.00661,0.009550643,0.00456,0.005228758,0.007389701,,12.5,1.515E+17,0.00672,0.007746398,,,0.000279158,0.001455674,0.000348022,0.000300353,0.000160382,0.000566108,0.000215614,0.000220394,0.000225596,0.00026083,0.000230608,0.000166641,0.00015159,0.000159116,0.000702004,0.000570105,0.000636054,0.000938767,0.000597864,0.000853895,0.001185902,0.000971222,0.00090953,0.000535794,0.000293335,0.000414564,0.000434575,,1.62E+17,0.004805419,50,6.17E+17,0.013579137,0.000761794,50,6.17E+17,0.055916948,0.003075561,,,,,,,,,,,,,
30K,3.24E+17,0.0688,0.010632051,20,3.24E+17,0.2837,0.043896024,0.06973,0.012951337,0.05438,0.009455747,0.0197,0.007314175,,,0.009907087,,30K,3.03E+17,0.0608,0.008817984,0.0544,0.008521303,0.0637,0.009417504,0.0623,0.009355759,0.009028138,,25,3.03E+17,0.06317,0.009771075,0.0438,0.007168576,0.008469826,,30K,3.24E+17,0.01796,0.02134284,0.01406,0.013659769,0.017501304,,20,3.24E+17,0.0284,0.025969276,0.01608,0.021474359,0.02439,0.025960617,0.0335,0.038697008,0.02804,0.028809206,0.028182093,,30K,3.03E+17,0.00818,0.011819101,0.00665,0.007625272,0.009722187,,25,3.03E+17,0.01443,0.016634006,,,0.000596461,0.002397479,0.000726574,0.00053047,0.000410327,0.001016213,0.000494692,0.000478048,0.000528325,0.000524861,0.000506481,0.00043302,0.000317687,0.000375354,0.00119734,0.000766317,0.000981829,0.001456884,0.001204718,0.001456399,0.002170914,0.001616205,0.001581024,0.000663055,0.00042778,0.000545418,0.000933173,,3.24E+17,0.009907087,100,1.39E+18,0.01350911,0.000757865,70,9.26E+17,0.055399113,0.003107907,,,,,,,,,,,,,
40K,4.86E+17,0.095,0.014680884,30,4.86E+17,0.389,0.060188767,0.10455,0.019418648,0.08189,0.014239263,0.0365,0.013551645,,,0.015736518,,40K,4.545E+17,0.091,0.01319797,0.08186,0.012822682,0.0893,0.013202247,0.09154,0.013746809,0.013242427,,37.5,4.545E+17,0.10545,0.016310905,0.0749,0.012258592,0.014284749,,40K,4.86E+17,0.02313,0.027486631,0.02093,0.020334208,0.023910419,,30,4.86E+17,0.0368,0.033650329,0.02381,0.031797543,0.03406,0.036253326,0.0439,0.050710408,0.0389,0.039967122,0.038475746,,40K,4.545E+17,0.01252,0.018089871,0.01024,0.011741773,0.014915822,,37.5,4.545E+17,0.02094,0.024138329,,,0.000823602,0.003295882,0.001089392,0.000798827,0.000760251,0.001486088,0.00074041,0.000719356,0.00074065,0.0007712,0.000742904,0.000722843,0.000543259,0.000633051,0.001542008,0.001140755,0.001341382,0.001887794,0.001783852,0.002033823,0.002844869,0.002242168,0.002158501,0.001014847,0.000658717,0.000836782,0.001354168,,4.86E+17,0.015736518,130,1.85E+18,0.00169155,9.48965E-05,100,1.39E+18,0.056963599,0.002115434,,,,,,,,,,,,,
50K,6.48E+17,0.1109,0.017138,40,6.48E+17,0.5644,0.087327866,0.14,0.026002972,0.11435,0.019883499,0.0503,0.01867528,,,0.021520584,,50K,6.06E+17,0.1117,0.016200145,0.09396,0.014718045,0.1036,0.015316381,0.1132,0.016999549,0.01580853,,50,6.06E+17,0.1417,0.02191802,0.1035,0.016939444,0.019428732,,50K,6.48E+17,0.026,0.030897207,0.02214,0.021509764,0.026203486,,40,6.48E+17,0.0476,0.043525969,0.03014,0.040251068,0.04293,0.045694518,0.0545,0.062954834,0.04703,0.048320148,0.048149308,,50K,6.06E+17,0.01046,0.015113423,0.01385,0.015881206,0.015497315,,50,6.06E+17,0.02295,0.026455331,,,0.000961447,0.004809714,0.001458775,0.00111547,0.001047689,0.002107912,0.000908833,0.000825687,0.000859254,0.00095368,0.000886863,0.000971331,0.000750698,0.000861015,0.001733343,0.001206704,0.001470024,0.00244182,0.002258097,0.002563476,0.003531785,0.002710775,0.002701191,0.000847868,0.000890941,0.000869404,0.001484152,,6.48E+17,0.021520584,150,2.16E+18,0.000110924,6.22289E-06,130,1.85E+18,0.022442473,0.00125903,,,,,,,,,,,,,
60K,8.1E+17,0.1155,0.017848864,50,8.1E+17,,,0.1701,0.031593611,0.1413,0.02456964,0.0638,0.023687532,,,0.026616928,,60K,7.575E+17,0.1181,0.017128354,0.10468,0.016397243,0.1125,0.01663217,0.1184,0.017780448,0.016984554,,62.5,7.575E+17,0.1839,0.028445476,0.1322,0.021636661,0.025041068,,60K,8.1E+17,0.02638,0.031348782,0.02291,0.022257845,0.026803314,,50,8.1E+17,0.0521,0.047640819,0.0312,0.041666667,0.05098,0.054262906,0.0628,0.072542451,0.05414,0.055625193,0.054347607,,60K,7.575E+17,0.01264,0.018263257,0.01409,0.016156404,0.01720983,,62.5,7.575E+17,0.02942,0.033913545,,,0.001001327,,,,,,0.000960906,0.00091989,0.00093307,0.000997489,0.000952839,0.001260606,0.000958862,0.001109734,0.001758676,0.001248672,0.001503674,0.002672665,0.002337513,0.003044166,0.004069654,0.00312059,0.003048917,0.001024574,0.000906379,0.000965477,0.00190256,,8.1E+17,0.026616928,,,,,150,2.16E+18,0.001705379,9.56723E-05,,,,,,,,,,,,,
70K,9.72E+17,0.11,0.016998918,60,9.72E+17,0.6394,0.098932384,0.2003,0.037202823,0.1643,0.028568945,0.0797,0.029590852,,,0.03178754,,70K,9.09E+17,0.1153,0.016722263,0.09834,0.015404135,0.1114,0.016469545,0.1144,0.017179757,0.016443925,,75,9.09E+17,0.217,0.033565352,0.1604,0.026252046,0.029908699,,70K,9.72E+17,0.02683,0.031883541,0.02158,0.020965705,0.026424623,,60,9.72E+17,0.0579,0.052944404,0.03627,0.0484375,0.0586,0.062373603,0.0692,0.079935312,0.05958,0.061214425,0.060981049,,70K,9.09E+17,0.01049,0.015156769,0.01229,0.014092421,0.014624595,,75,9.09E+17,0.03315,0.038213256,,,0.000953645,0.005404309,0.00208709,0.001602727,0.001660056,0.002688545,0.000938124,0.000864177,0.000923946,0.00096379,0.000922509,0.001487501,0.0011634,0.001325451,0.001788676,0.001176182,0.001482429,0.002970197,0.002717359,0.003499178,0.004484395,0.003434148,0.003421055,0.000850299,0.000790589,0.000820444,0.002143775,,9.72E+17,0.03178754,,,,,,,,,,,,,,,,,,,,,
80K,1.134E+18,0.1039,0.016056251,20K,1.134E+18,,,,,,,,,,,,,80K,1.0605E+18,0.1089,0.015794054,0.09332,0.014617794,0.1038,0.015345949,0.1083,0.016263703,0.015505375,,20K,1.0605E+18,0.2527,0.039087394,0.1894,0.030998363,0.035042879,,80K,1.134E+18,0.02149,0.02553773,0.02238,0.021742932,0.023640331,,20K,1.134E+18,,,0.03899,0.052069979,0.06159,0.065556147,0.0749,0.08651958,0.06285,0.064574129,0.067179959,,80K,1.0605E+18,0.01035,0.014954486,0.01109,0.012716432,0.013835459,,20K,1.0605E+18,0.03464,0.039930836,,,0.000900761,,,,,,0.000886051,0.000820063,0.000860912,0.000912399,0.000869856,0.001732219,0.001373741,0.00155298,0.001432674,0.001219785,0.00132623,,0.002921142,0.00367772,0.004853775,0.003622628,0.003768816,0.000838951,0.000713396,0.000776173,0.002240132,,1.296E+18,0.038877224,,,,,,,,,,,,,,,,,,,,,
90K,1.296E+18,0.0861,0.013305517,30K,1.296E+18,0.6443,0.099690546,0.2342,0.043499257,0.1966,0.034185359,0.1049,0.038947056,,,0.038877224,,90K,1.212E+18,0.0943,0.013676577,0.08485,0.01329104,0.0921,0.013616203,0.09244,0.013881964,0.013616446,,30K,1.212E+18,0.2727,0.042180974,0.2061,0.033731588,0.037956281,,90K,1.296E+18,0.02102,0.024979204,0.02006,0.019488973,0.022234088,,30K,1.296E+18,0.0615,0.056236284,0.03592,0.047970085,0.06326,0.067333688,0.076,0.087790228,0.06176,0.063454228,0.064556903,,90K,1.212E+18,0.01063,0.015359052,0.01035,0.011867905,0.013613479,,30K,1.212E+18,0.0353,0.040691643,,,0.000746444,0.00549632,0.002440322,0.001917809,0.002184942,0.003009848,0.00076726,0.000745631,0.000763873,0.000778782,0.000763887,0.001869316,0.001494868,0.001682092,0.001401341,0.001093337,0.001247339,0.003154873,0.002691136,0.00377744,0.004925059,0.003559802,0.003621662,0.000861648,0.000665793,0.00076372,0.002282814,,1.62E+18,0.03068006,,,,,,,,,,,,,,,,,,,,,
100K,1.458E+18,0.0664,0.010261165,40K,1.458E+18,,,,,,,,,,,,,100K,1.3635E+18,0.0745,0.010804931,0.07137,0.011179511,0.0757,0.011191603,0.07882,0.011836612,0.011253164,,40K,1.3635E+18,0.2348,0.036318639,0.1958,0.032045827,0.034182233,,100K,1.458E+18,0.01826,0.021699346,0.01724,0.016749247,0.019224297,,40K,1.458E+18,,,0.03619,0.048330662,0.06233,0.0663438,0.0727,0.083978283,0.06249,0.064204254,0.06571425,,100K,1.3635E+18,0.00948,0.013697443,0.01023,0.011730306,0.012713874,,40K,1.3635E+18,0.03637,0.041925072,,,0.000575655,,,,,,0.00060616,0.000627174,0.000627852,0.000664038,0.000631306,0.001609517,0.001420161,0.001514839,0.00121734,0.000939638,0.001078489,,0.002711365,0.003721907,0.004711207,0.003601878,0.00368659,0.000768431,0.000658074,0.000713252,0.002352009,,1.944E+18,0.024294037,,,,,,,,,,,,,,,,,,,,,
110K,1.62E+18,0.0439,0.006784114,50K,1.62E+18,0.3834,0.059322296,0.1729,0.03211367,0.1514,0.026325856,0.0905,0.033600653,,,0.03068006,,110K,1.515E+18,0.0514,0.007454677,0.04095,0.006414474,0.0545,0.008057363,0.05179,0.007777444,0.007425989,,50K,1.515E+18,0.2108,0.032606342,0.1749,0.028625205,0.030615773,,110K,1.62E+18,0.01412,0.01677956,0.01819,0.017672204,0.017225882,,50K,1.62E+18,0.0524,0.047915143,0.03406,0.045486111,0.05829,0.06204364,0.0691,0.079819799,0.05789,0.059478064,0.058948551,,110K,1.515E+18,0.00928,0.013408467,0.00691,0.007923403,0.010665935,,50K,1.515E+18,0.0365,0.042074928,,,0.000380591,0.003291542,0.001801587,0.001476889,0.001885007,0.002113756,0.00041821,0.000359854,0.000452021,0.000436317,0.0004166,0.001445001,0.001268571,0.001356786,0.000941338,0.000991416,0.000966377,0.002688054,0.002551785,0.003480667,0.004477915,0.003336738,0.003307032,0.000752219,0.000444505,0.000598362,0.002360416,,2.268E+18,0.017279765,,,,,,,,,,,,,,,,,,,,,
120K,1.782E+18,0.0197,0.003044352,60K,1.782E+18,,,,,,,,,,,,,120K,1.6665E+18,0.0298,0.004321972,0.02414,0.003781328,0.032,0.004730928,0.03128,0.004697402,0.004382908,,60K,1.6665E+18,0.1905,0.029466357,0.1588,0.02599018,0.027728269,,120K,1.782E+18,0.01265,0.01503268,0.01444,0.014028952,0.014530816,,60K,1.782E+18,,,0.03034,0.040518162,0.05233,0.05569984,0.0611,0.070578722,0.05203,0.05345731,0.055063509,,120K,1.6665E+18,0.00814,0.011761306,0.00532,0.006100218,0.008930762,,60K,1.6665E+18,0.03273,0.037729107,,,0.000170789,,,,,,0.000242464,0.000212134,0.000265407,0.000263526,0.000245882,0.001305848,0.001151795,0.001228821,0.000843338,0.000787028,0.000815183,,0.002273081,0.003124778,0.003959488,0.002998971,0.00308908,0.000659813,0.000342224,0.000501018,0.002116614,,2.592E+18,0.008616144,,,,,,,,,,,,,,,,,,,,,
130K,1.944E+18,0.012,0.001854427,70K,1.944E+18,0.2917,0.045133839,0.1328,0.024665676,0.1195,0.020778995,0.0739,0.02743744,,,0.024294037,,130K,1.818E+18,0.0169,0.002451051,0.01034,0.001619674,0.0185,0.002735068,0.01552,0.00233068,0.002284118,,70K,1.818E+18,0.1641,0.025382831,0.1462,0.023927987,0.024655409,,130K,1.944E+18,0.01079,0.012822341,0.01042,0.010123385,0.011472863,,70K,1.944E+18,0.0439,0.040142648,0.02576,0.034401709,0.05129,0.054592869,0.0546,0.063070348,0.04639,0.047662591,0.047974033,,130K,1.818E+18,0.00416,0.006010692,0.00229,0.002625846,0.004318269,,70K,1.818E+18,0.03106,0.035804035,,,0.000104034,0.002505113,0.001383752,0.001165708,0.001539249,0.001648456,0.000137505,9.08642E-05,0.000153438,0.000130752,0.00012814,0.00112488,0.001060406,0.001092643,0.000719337,0.000567925,0.000643631,0.002252015,0.001929946,0.003062677,0.003538266,0.002673886,0.002691358,0.000337202,0.000147311,0.000242256,0.002008617,,2.916E+18,0.002755642,,,,,,,,,,,,,,,,,,,,,
140K,2.106E+18,0.0052,0.000803585,80K,2.106E+18,,,,,,,,,,,,,140K,1.9695E+18,0.0099,0.001435823,0.003451,0.00054057,0.0131,0.001936724,0.00942,0.001414627,0.001331936,,80K,1.9695E+18,0.1465,0.02266048,0.1249,0.020441899,0.021551189,,140K,2.106E+18,0.00564,0.006702317,0.00594,0.005770912,0.006236615,,80K,2.106E+18,,,0.02435,0.032518697,0.04419,0.047035657,0.0481,0.055561973,0.04686,0.048145484,0.045815453,,140K,1.9695E+18,0.00009,0.000130039,-0.00148,-0.001697053,-0.000783507,,80K,1.9695E+18,0.02828,0.032599424,,,4.50814E-05,,,,,,8.05501E-05,3.03262E-05,0.000108651,7.9361E-05,7.4722E-05,0.001004234,0.000905915,0.000955074,0.000376002,0.00032375,0.000349876,,0.001824309,0.002638715,0.003117044,0.002700976,0.002570261,7.29523E-06,9.52052E-05,5.12502E-05,0.001828838,,3.24E+18,0.000341757,,,,,,,,,,,,,,,,,,,,,
150K,2.268E+18,0.0019,0.000293618,90K,2.268E+18,0.1792,0.027727062,0.09282,0.01723997,0.08496,0.014773083,0.0534,0.019826242,,,0.017279765,,150K,2.121E+18,0.0051,0.000739666,0.00029,4.54261E-05,0.0042,0.000620934,0.00098,0.000147169,0.000388299,,90K,2.121E+18,0.1233,0.019071926,0.1079,0.017659574,0.01836575,,150K,2.268E+18,0.00366,0.004349376,0.00604,0.005868066,0.005108721,,90K,2.268E+18,0.036,0.0329188,0.01587,0.02119391,0.03915,0.041671102,0.0427,0.049324246,0.042,0.043152163,0.037652044,,150K,2.121E+18,0.0024,0.003467707,-0.00253,-0.002901043,0.000283332,,90K,2.121E+18,0.02341,0.026985591,,,1.6472E-05,0.001546816,0.000967168,0.000828774,0.001112258,0.001113754,4.14955E-05,2.54842E-06,3.48346E-05,8.25624E-06,2.17837E-05,0.000845202,0.000782612,0.000813907,0.000244001,0.0003292,0.000286601,0.001846755,0.001188985,0.002337762,0.002767105,0.00242085,0.002112291,0.000194539,0.000162749,0.000178644,0.0015139,,3.564E+18,-5.62605E-05,,,,,,,,,,,,,,,,,,,,,
160K,2.43E+18,0.0034,0.000525421,100K,2.43E+18,,,,,,,,,,,,,160K,2.2725E+18,0.0013,0.000188542,-0.00218,-0.000341479,0.0024,0.00035482,-0.00182,-0.000273314,-1.78577E-05,,100K,2.2725E+18,0.09629,0.014894045,0.08317,0.013612111,0.014253078,,160K,2.43E+18,0.00509,0.006048723,0.00238,0.002312251,0.004180487,,100K,2.43E+18,,,0.01722,0.022996795,0.03542,0.037700905,0.0361,0.041700358,0.03359,0.034511456,0.034227378,,160K,2.2725E+18,0.00165,0.002384049,-0.00188,-0.002155716,0.000114166,,100K,2.2725E+18,0.02348,0.027066282,,,2.94763E-05,,,,,,1.05773E-05,1.91571E-05,1.99055E-05,1.5333E-05,1.62432E-05,0.000660053,0.000603242,0.000631647,0.000339335,0.000129718,0.000234527,,0.001290127,0.002115032,0.002339403,0.001936103,0.001920166,0.000133746,0.000120936,0.000127341,0.001518427,,3.888E+18,-0.000172953,,,,,,,,,,,,,,,,,,,,,
170K,2.592E+18,-0.0007,-0.000108175,110K,2.592E+18,0.0926,0.014327712,0.04665,0.008664562,0.04096,0.00712224,0.0271,0.010061632,,,0.008616144,,170K,2.424E+18,-0.0007,-0.000101523,-0.00074,-0.000115915,0.00237,0.000350384,-0.00167,-0.000250788,-2.94604E-05,,110K,2.424E+18,0.06181,0.009560712,0.06023,0.00985761,0.009709161,,170K,2.592E+18,0.00235,0.002792632,0.00071,0.000689789,0.001741211,,110K,2.592E+18,0.0267,0.024414777,0.01725,0.023036859,0.02933,0.031218733,0.0316,0.036502253,0.03134,0.032199733,0.029474471,,170K,2.424E+18,0.00141,0.002037278,-0.00162,-0.001857585,8.98464E-05,,110K,2.424E+18,0.01997,0.023020173,,,6.06865E-06,0.000803789,0.000486085,0.00039956,0.000564461,0.000563474,5.69546E-06,6.50285E-06,1.96567E-05,1.40693E-05,1.14811E-05,0.000423698,0.000436855,0.000430277,0.000156668,3.86974E-05,9.76825E-05,0.001369676,0.001292375,0.00175138,0.002047788,0.001806415,0.001653527,0.000114292,0.000104211,0.000109252,0.001291439,,4.212E+18,-0.000311031,,,,,,,,,,,,,,,,,,,,,
180K,2.754E+18,-0.0002,-3.09071E-05,120K,2.754E+18,,,,,,,,,,,,,180K,2.5755E+18,-0.0012,-0.000174039,-0.00262,-0.000410401,0.00491,0.000725902,-0.00348,-0.000522601,-9.52848E-05,,120K,2.5755E+18,0.04088,0.006323279,0.03428,0.005610475,0.005966877,,180K,2.754E+18,0.00242,0.002875817,0.00039,0.000378898,0.001627358,,120K,2.754E+18,,,0.01187,0.01585203,0.02641,0.028110697,0.0247,0.028531824,0.02605,0.026764615,0.024814792,,180K,2.5755E+18,0.00078,0.001127005,-0.00224,-0.002568513,-0.000720754,,120K,2.5755E+18,0.01671,0.019262248,,,1.7339E-06,,,,,,9.76365E-06,2.30236E-05,4.07233E-05,2.93181E-05,2.57072E-05,0.000280226,0.000248637,0.000264431,0.000161334,2.12563E-05,9.12953E-05,,0.000889304,0.001577019,0.001600644,0.001501503,0.001392117,6.32253E-05,0.000144094,0.00010366,0.001080618,,4.536E+18,-0.00049754,,,,,,,,,,,,,,,,,,,,,
190K,2.916E+18,-0.0024,-0.000370885,130K,2.916E+18,0.0294,0.004548971,0.01445,0.002683878,0.01161,0.002018779,0.0096,0.003564268,,,0.002755642,,190K,2.727E+18,-0.0006,-8.70196E-05,0.00055,8.61529E-05,0.00289,0.000427262,-0.00024,-3.60414E-05,9.75885E-05,,130K,2.727E+18,0.0205,0.00317092,0.01504,0.002461538,0.002816229,,190K,2.916E+18,0.00196,0.002329174,-0.00015,-0.00014573,0.001091722,,130K,2.916E+18,0.0186,0.017008047,0.000773,0.001032318,0.02076,0.02209686,0.0209,0.024142313,0.01843,0.01893558,0.016643024,,190K,2.727E+18,0.00268,0.003872273,-0.00343,-0.003933035,-3.03812E-05,,130K,2.727E+18,0.01269,0.014628242,,,2.08068E-05,0.000295215,0.000150566,0.000113254,0.000199957,0.000189748,4.88183E-06,4.8332E-06,2.39695E-05,2.02194E-06,8.92662E-06,0.000140524,0.000109087,0.000124806,0.000130667,8.1755E-06,6.94214E-05,0.000954157,5.79134E-05,0.001239641,0.001354391,0.001062292,0.000933679,0.000217236,0.000220644,0.00021894,0.000820649,,4.86E+18,0.000218434,,,,,,,,,,,,,,,,,,,,,
200K,3.078E+18,0.0018,0.000278164,140K,3.078E+18,,,,,,,,,,,,,200K,2.8785E+18,0.0024,0.000348078,-0.0027,-0.000422932,0.00391,0.00057806,-0.00091,-0.000136657,9.16373E-05,,140K,2.8785E+18,0.00846,0.001308585,,,0.001308585,,200K,3.078E+18,0.0003,0.000356506,-0.0002,-0.000194307,8.10997E-05,,140K,3.078E+18,,,0.00208,0.002777778,0.01031,0.010973922,0.0106,0.012244426,0.00943,0.009688688,0.008921204,,200K,2.8785E+18,0.00151,0.002181766,-0.00065,-0.000745327,0.000718219,,140K,2.8785E+18,0.00521,0.006005764,,,1.56051E-05,,,,,,1.95273E-05,2.37266E-05,3.24294E-05,7.66651E-06,2.08375E-05,5.7992E-05,,5.7992E-05,2.00001E-05,1.09007E-05,1.54504E-05,,0.000155834,0.00061564,0.000686916,0.000543538,0.000500482,0.000122398,4.18131E-05,8.21054E-05,0.000336925,,5.184E+18,-3.00537E-05,,,,,,,,,,,,,,,,,,,,,
210K,3.24E+18,-0.0001,-1.54536E-05,150K,3.24E+18,0.0065,0.001005725,0.00188,0.000349183,0.00218,0.000379065,0.0008,0.000297022,,,0.000341757,,210K,3.03E+18,0.00082,0.000118927,-0.00034,-5.32581E-05,0.00264,0.000390302,-0.00036,-5.40622E-05,0.000100477,,150K,3.03E+18,0.00257,0.000397525,0.00081,0.00013257,0.000265047,,210K,3.24E+18,0.00044,0.000522876,-0.0009,-0.000874381,-0.000175752,,150K,3.24E+18,0.0047,0.004297732,-0.00059,-0.000787927,0.00861,0.009164449,0.0058,0.006699781,0.00529,0.005435118,0.00496183,,210K,3.03E+18,0.00162,0.002340702,-0.002,-0.002293315,2.36936E-05,,150K,3.03E+18,0.0021,0.002420749,,,8.6695E-07,5.98936E-05,1.95893E-05,2.12656E-05,1.6663E-05,2.93529E-05,6.67183E-06,2.9878E-06,2.1896E-05,3.0329E-06,8.64714E-06,1.76169E-05,5.87503E-06,1.1746E-05,2.93335E-05,4.9053E-05,3.91933E-05,0.000241104,4.4203E-05,0.000514128,0.00037586,0.000304912,0.000296041,0.000131314,0.000128656,0.000129985,0.000135805,,5.508E+18,-0.000137267,,,,,,,,,,,,,,,,,,,,,
220K,3.402E+18,0.0013,0.000200896,160K,3.402E+18,,,,,,,,,,,,,220K,3.1815E+18,0.00067,9.71719E-05,-0.00142,-0.000222431,0.00464,0.000685985,-0.00306,-0.000459528,2.52992E-05,,160K,3.1815E+18,-0.00021,-3.24826E-05,-0.00595,-0.000973813,-0.000503148,,220K,3.402E+18,0.00071,0.000843731,0.00229,0.002224813,0.001534272,,160K,3.402E+18,,,-0.0039,-0.005208333,0.00451,0.004800426,0.0035,0.004042971,0.00262,0.002691873,0.001581734,,220K,3.1815E+18,0.00217,0.003135385,-0.00275,-0.003153308,-8.96152E-06,,160K,3.1815E+18,0.00062,0.000714697,,,1.12703E-05,,,,,,5.45137E-06,1.24785E-05,3.84839E-05,2.57797E-05,2.05484E-05,1.43952E-06,4.31561E-05,2.22978E-05,4.73336E-05,0.000124813,8.60731E-05,,0.000292189,0.000269305,0.000226812,0.000151015,0.00023483,0.000175896,0.000176902,0.000176399,4.00947E-05,,5.832E+18,-0.000120808,,,,,,,,,,,,,,,,,,,,,
230K,3.564E+18,0.0025,0.000386339,170K,3.564E+18,-0.0003,-4.64181E-05,-0.00077,-0.000143016,0.00156,0.000271257,-0.0008,-0.000297022,,,-5.62605E-05,,230K,3.333E+18,-0.00148,-0.000214648,-0.0017,-0.000266291,0.00078,0.000115316,0.00047,7.05812E-05,-7.37604E-05,,170K,3.333E+18,0.00324,0.00050116,-0.00408,-0.000667758,-8.32988E-05,,230K,3.564E+18,0.0002,0.000237671,0.00109,0.001058972,0.000648321,,170K,3.564E+18,0.0003,0.000274323,-0.00343,-0.004580662,-0.00174,-0.001852049,0.0004,0.000462054,0.00092,0.000945238,-0.000950219,,230K,3.333E+18,0.00115,0.00166161,-0.00049,-0.000561862,0.000549874,,170K,3.333E+18,0.00005,5.76369E-05,,,2.16737E-05,8.68023E-06,8.02326E-06,1.52176E-05,1.6663E-05,1.2146E-05,1.20418E-05,1.4939E-05,6.46928E-06,3.95963E-06,9.35243E-06,2.22097E-05,2.95927E-05,2.59012E-05,1.33334E-05,5.94087E-05,3.6371E-05,1.53896E-05,0.000256977,0.000103901,2.59214E-05,5.30281E-05,9.10432E-05,9.32168E-05,3.15206E-05,6.23687E-05,3.23345E-06,,,,,,,,,,,,,,,,,,,,,,,,
240K,3.726E+18,-0.0013,-0.000200896,180K,3.726E+18,,,,,,,,,,,,,240K,3.4845E+18,0.00139,0.000201595,-0.00048,-7.5188E-05,0.00236,0.000348906,-0.00251,-0.000376933,2.4595E-05,,180K,3.4845E+18,-0.00045,-6.96056E-05,-0.00227,-0.000371522,-0.000220564,,240K,3.726E+18,-0.00117,-0.001390374,0.00166,0.001612747,0.000111186,,180K,3.726E+18,,,-0.00309,-0.004126603,0.00199,0.002118148,0.0003,0.00034654,-0.00036,-0.000369876,-0.000507947,,240K,3.4845E+18,0.00349,0.005042624,-0.00186,-0.002132783,0.00145492,,180K,3.4845E+18,-0.00131,-0.001510086,,,1.12703E-05,,,,,,1.13096E-05,4.21807E-06,1.95737E-05,2.11461E-05,1.40619E-05,3.08468E-06,1.64646E-05,9.77463E-06,7.80004E-05,9.04756E-05,8.4238E-05,,0.000231504,0.000118829,1.9441E-05,2.07501E-05,9.76309E-05,0.000282893,0.00011965,0.000201271,8.47163E-05,,,,,,,,,,,,,,,,,,,,,,,,
250K,3.888E+18,-0.0012,-0.000185443,190K,3.888E+18,0.0023,0.000355872,,,0.001,0.000173883,-0.0014,-0.000519789,,,-0.000172953,,250K,3.636E+18,-0.00106,-0.000153735,-0.00342,-0.000535714,0.00433,0.000640154,-0.00063,-9.46088E-05,-3.5976E-05,,190K,3.636E+18,-0.00105,-0.000162413,-0.00236,-0.000386252,-0.000274333,,250K,3.888E+18,0.00155,0.001841949,0.001,0.000971534,0.001406741,,190K,3.888E+18,-0.0005,-0.000457206,-0.00346,-0.004620726,0.00134,0.001426291,-0.0006,-0.000693081,0.00007,7.19203E-05,-0.00085456,,250K,3.636E+18,0.00292,0.004219043,-0.00214,-0.002453847,0.000882598,,190K,3.636E+18,0.00051,0.000587896,,,1.04034E-05,2.34366E-05,8.18998E-05,9.75488E-06,2.91603E-05,3.60629E-05,8.62456E-06,3.00537E-05,3.59128E-05,5.30758E-06,1.99747E-05,7.19758E-06,1.71174E-05,1.21575E-05,0.000103334,5.45034E-05,7.89186E-05,2.56494E-05,0.000259224,8.00153E-05,3.8882E-05,4.03475E-06,8.15611E-05,0.00023669,0.000137662,0.000187176,3.29812E-05,,,,,,,,,,,,,,,,,,,,,,,,
260K,4.05E+18,0.0005,7.72678E-05,200K,4.05E+18,,,,,,,,,,,,,260K,3.7875E+18,-0.0023,-0.000333575,0.00071,0.000111216,0.00394,0.000582496,-0.00399,-0.000599189,-5.97633E-05,,200K,3.7875E+18,0.00034,5.25909E-05,-0.0043,-0.000703764,-0.000325587,,260K,4.05E+18,0.00253,0.003006536,-0.00087,-0.000845235,0.001080651,,200K,4.05E+18,,,-0.00218,-0.002911325,-0.00241,-0.002565194,-0.0027,-0.003118863,0.00325,0.003339155,-0.001314057,,260K,3.7875E+18,0.00217,0.003135385,-0.00301,-0.003451439,-0.000158027,,200K,3.7875E+18,-0.00143,-0.001648415,,,4.33475E-06,,,,,,1.87137E-05,6.23923E-06,3.26782E-05,3.36147E-05,2.28114E-05,2.33065E-06,3.11884E-05,1.67595E-05,0.000168668,4.74179E-05,0.000108043,,0.000163326,0.000143908,0.000174969,0.000187328,0.000167383,0.000175896,0.000193627,0.000184761,9.24766E-05,,,,,,,,,,,,,,,,,,,,,,,,
270K,4.212E+18,0.0014,0.00021635,210K,4.212E+18,-0.0013,-0.000201145,,,0.00112,0.000194749,-0.0022,-0.000816811,,,-0.000311031,,270K,3.939E+18,0.00048,6.96157E-05,-0.00441,-0.000690789,0.00101,0.00014932,-0.0012,-0.000180207,-0.000163015,,210K,3.939E+18,-0.00234,-0.000361949,0.00048,7.85597E-05,-0.000141695,,270K,4.212E+18,0.00186,0.002210339,0.00026,0.000252599,0.001231469,,210K,4.212E+18,-0.0006,-0.000548647,-0.00304,-0.004059829,-0.00239,-0.002543906,-0.0014,-0.001617188,0.00282,0.002897359,-0.001174442,,270K,3.939E+18,0.00089,0.001285941,-0.0038,-0.004357298,-0.001535679,,210K,3.939E+18,0.00051,0.000587896,,,1.21373E-05,8.68023E-07,0.000123683,1.09255E-05,4.58234E-05,4.5325E-05,3.90546E-06,3.87535E-05,8.37689E-06,1.01097E-05,1.52864E-05,1.60403E-05,3.4815E-06,9.76091E-06,0.000124001,1.41709E-05,6.90858E-05,3.07792E-05,0.000227758,0.000142714,9.07248E-05,0.000162543,0.000130904,7.21417E-05,0.000244446,0.000158294,3.29812E-05,,,,,,,,,,,,,,,,,,,,,,,,
280K,4.374E+18,-0.002,-0.000309071,220K,4.374E+18,,,,,,,,,,,,,280K,4.0905E+18,-0.00014,-2.03046E-05,-0.00062,-9.71178E-05,0.00277,0.000409521,-0.00128,-0.000192221,2.49694E-05,,220K,4.0905E+18,0.00516,0.000798144,-0.00246,-0.000402619,0.000197763,,280K,4.374E+18,0.00021,0.000249554,-0.00104,-0.001010395,-0.000380421,,220K,4.374E+18,,,-0.00275,-0.003672543,0.00252,0.002682278,-0.0008,-0.000924108,0.00287,0.002948731,0.00025859,,280K,4.0905E+18,0.00069,0.000996966,-0.00277,-0.003176241,-0.001089638,,220K,4.0905E+18,0.00186,0.002144092,,,1.7339E-05,,,,,,1.13909E-06,5.44834E-06,2.29743E-05,1.07837E-05,1.00863E-05,3.5371E-05,1.78427E-05,2.66068E-05,1.40001E-05,5.66835E-05,3.53418E-05,,0.000206031,0.000150477,5.18427E-05,0.000165425,0.000143444,5.59301E-05,0.000178188,0.000117059,0.000120284,,,,,,,,,,,,,,,,,,,,,,,,
290K,4.536E+18,-0.0028,-0.0004327,230K,4.536E+18,-0.0022,-0.000340399,,,0.00111,0.00019301,-0.0032,-0.001188089,,,-0.00049754,,290K,4.242E+18,-0.00126,-0.000182741,0.00002,3.13283E-06,-0.00032,-4.73093E-05,-0.00021,-3.15363E-05,-6.46135E-05,,230K,4.242E+18,-0.00245,-0.000378964,-0.00258,-0.000422259,-0.000400611,,290K,4.536E+18,0.00103,0.001224005,0.00152,0.001476732,0.001350368,,230K,4.536E+18,-0.0015,-0.001371617,-0.00246,-0.003285256,0.00244,0.002597126,0.0014,0.001617188,0.00386,0.003965889,0.000704666,,290K,4.242E+18,0.00022,0.000317873,-0.00408,-0.004678363,-0.002180245,,230K,4.242E+18,0.00032,0.000368876,,,2.42746E-05,8.68023E-07,0.000481396,1.08279E-05,6.66522E-05,0.000139936,1.02518E-05,1.75753E-07,2.65407E-06,1.76919E-06,3.71271E-06,1.67944E-05,1.8713E-05,1.77537E-05,6.8667E-05,8.28451E-05,7.57561E-05,7.69481E-05,0.000184304,0.0001457,9.07248E-05,0.000222488,0.000144033,1.78328E-05,0.000262458,0.000140145,2.06941E-05,,,,,,,,,,,,,,,,,,,,,,,,
300K,4.698E+18,0.0005,7.72678E-05,240K,4.698E+18,,,,,,,,,,,,,300K,4.3935E+18,-0.00103,-0.000149384,-0.00078,-0.00012218,0.00288,0.000425784,-0.00301,-0.00045202,-7.44501E-05,,240K,4.3935E+18,0.00119,0.000184068,-0.00169,-0.000276596,-4.62638E-05,,300K,4.698E+18,0.00131,0.001556744,0.00117,0.001136695,0.001346719,,240K,4.698E+18,,,-0.00449,-0.005996261,-0.00051,-0.000542842,-0.0002,-0.000231027,0.00062,0.000637008,-0.00153328,,300K,4.3935E+18,0.00114,0.001647161,-0.00367,-0.004208233,-0.001280536,,240K,4.3935E+18,0.00151,0.001740634,,,4.33475E-06,,,,,,8.38047E-06,6.85436E-06,2.38866E-05,2.53585E-05,1.612E-05,8.15726E-06,1.22578E-05,1.02075E-05,8.73338E-05,6.37689E-05,7.55514E-05,,0.000336392,3.04536E-05,1.29607E-05,3.57364E-05,0.000103886,9.24062E-05,0.000236083,0.000164245,9.76501E-05,,,,,,,,,,,,,,,,,,,,,,,,
310K,4.86E+18,-0.0011,-0.000169989,250K,4.86E+18,-0.0025,-0.000386817,-0.00114,-0.000211738,0.00157,0.000272996,0.0016,0.000594045,,,0.000218434,,310K,4.545E+18,-0.0018,-0.000261059,-0.0032,-0.000501253,0.00506,0.000748078,-0.00226,-0.00033939,-8.8406E-05,,250K,4.545E+18,-0.00226,-0.000349575,-0.0051,-0.000834697,-0.000592136,,310K,4.86E+18,-0.00145,-0.001723113,0.00082,0.000796658,-0.000463228,,250K,4.86E+18,-0.0005,-0.000457206,-0.00112,-0.001495726,0.00251,0.002671634,-0.0033,-0.003811944,0.00187,0.001921299,-0.000234389,,310K,4.545E+18,-0.00036,-0.000520156,-0.00269,-0.003084509,-0.001802332,,250K,4.545E+18,0.00284,0.003273775,,,9.53645E-06,7.8122E-06,1.18786E-05,1.53152E-05,3.33261E-05,1.7083E-05,1.46455E-05,2.81205E-05,4.19674E-05,1.90399E-05,2.59433E-05,1.54919E-05,3.69909E-05,2.62414E-05,9.66672E-05,4.46928E-05,7.068E-05,2.56494E-05,8.39107E-05,0.000149879,0.000213851,0.000107785,0.000116215,2.91809E-05,0.000173042,0.000101111,0.00018366,,,,,,,,,,,,,,,,,,,,,,,,
,,,,260K,5.022E+18,,,,,,,,,,,,,,,,,,,,,,,,,260K,4.6965E+18,-0.00287,-0.000443929,-0.00455,-0.000744681,-0.000594305,,,,,,,,,,260K,5.022E+18,,,-0.00148,-0.001976496,0.00166,0.001766897,-0.0008,-0.000924108,0.00143,0.001469228,8.38806E-05,,,,,,,,,,260K,4.6965E+18,0.00007,8.06916E-05,,,,,,,,,,,,,,1.96734E-05,3.30017E-05,2.63375E-05,,,,,0.000110882,9.91235E-05,5.18427E-05,8.24242E-05,8.60681E-05,,,,4.52683E-06,,,,,,,,,,,,,,,,,,,,,,,,
,,,,270K,5.184E+18,-0.0015,-0.00023209,-0.00023,-4.27192E-05,-0.0001,-1.73883E-05,,,,,-3.00537E-05,,,,,,,,,,,,,,270K,4.848E+18,0.00068,0.000105182,0.00053,8.6743E-05,9.59624E-05,,,,,,,,,,270K,5.184E+18,-0.0011,-0.001005852,-0.00418,-0.005582265,-0.00287,-0.003054816,-0.0029,-0.00334989,-0.00116,-0.001191822,-0.002836929,,,,,,,,,,270K,4.848E+18,-0.00085,-0.000979827,,,,1.73605E-05,2.39656E-06,9.75488E-07,,6.91083E-06,,,,,,4.66129E-06,3.84415E-06,4.25272E-06,,,,5.64286E-05,0.000313167,0.000171376,0.00018793,6.68616E-05,0.000159153,,,,5.49686E-05,,,,,,,,,,,,,,,,,,,,,,,,
,,,,280K,5.346E+18,,,,,,,,,,,,,,,,,,,,,,,,,280K,4.9995E+18,-0.00136,-0.000210363,-0.00194,-0.000317512,-0.000263938,,,,,,,,,,280K,5.346E+18,,,-0.00226,-0.003018162,0.00136,0.001447578,-0.0003,-0.00034654,0.00017,0.000174664,-0.000435615,,,,,,,,,,280K,4.9995E+18,-0.00059,-0.000680115,,,,,,,,,,,,,,9.32259E-06,1.40711E-05,1.16968E-05,,,,,0.00016932,8.12096E-05,1.9441E-05,9.79868E-06,6.99423E-05,,,,3.81547E-05,,,,,,,,,,,,,,,,,,,,,,,,
,,,,290K,5.508E+18,0.0021,0.000324927,-0.00101,-0.000187593,-0.0005,-8.69414E-05,,,,,-0.000137267,,,,,,,,,,,,,,290K,5.151E+18,-0.00061,-9.43542E-05,-0.00399,-0.000653028,-0.000373691,,,,,,,,,,290K,5.508E+18,-0.0023,-0.002103146,-0.00257,-0.003432158,0.0032,0.003406067,0.0004,0.000462054,-0.00067,-0.00068838,-0.000471113,,,,,,,,,,290K,5.151E+18,-0.00063,-0.000726225,,,,7.8122E-06,1.0524E-05,4.87744E-06,,7.73789E-06,,,,,,4.18145E-06,2.89399E-05,1.65607E-05,,,,0.000117987,0.000192545,0.000191081,2.59214E-05,3.86183E-05,0.000113231,,,,4.07414E-05,,,,,,,,,,,,,,,,,,,,,,,,
,,,,300K,5.67E+18,,,,,,,,,,,,,,,,,,,,,,,,,300K,5.3025E+18,-0.00068,-0.000105182,-0.00212,-0.000346972,-0.000226077,,,,,,,,,,300K,5.67E+18,,,-0.00468,-0.00625,0.00213,0.002267163,-0.0037,-0.004273998,0.00265,0.002722696,-0.001383535,,,,,,,,,,300K,5.3025E+18,0.00113,0.001302594,,,,,,,,,,,,,,4.66129E-06,1.53766E-05,1.0019E-05,,,,,0.000350627,0.000127189,0.000239773,0.000152744,0.000217583,,,,7.30759E-05,,,,,,,,,,,,,,,,,,,,,,,,
,,,,310K,5.832E+18,-0.00001,-1.54727E-06,-0.00058,-0.000107727,-0.00077,-0.00013389,,,,,-0.000120808,,,,,,,,,,,,,,310K,5.454E+18,0.00107,0.000165507,-0.0041,-0.000671031,-0.000252762,,,,,,,,,,310K,5.832E+18,0.0018,0.00164594,-0.00528,-0.007051282,0.00114,0.001213411,-0.0023,-0.00265681,0.00376,0.003863146,-0.000597119,,,,,,,,,,310K,5.454E+18,0.00179,0.002063401,,,,1.30203E-05,6.0435E-06,7.51126E-06,,8.85836E-06,,,,,,7.33468E-06,2.97378E-05,1.85362E-05,,,,9.23377E-05,0.000395579,6.80728E-05,0.000149048,0.000216724,0.000184352,,,,0.000115757,,,,,,,,,,,,,,,,,,,,,,,,
,,,,,,,,,,,,,,,,,,,,,,,,,,,,,,,,,,,,,,,,,,,,,,,,,,,,,,,,,,,,,,,,,,,,,,,,,,,,,,,,,,,,,,,,,,,,,,,,,,,,,,,,,,,,,,,,,,,,,,,,,,,,
,,,,,,,,,,,,,,,,,,,,,,,,,,,,,,,,,,,,,,,,,,,,,,,,,,,,,,,,,,,,,,,,,,,,,,,,,,,,,,,,,,,,,,,,,,,,,,,,,,,,,,,,,,,,,,,,,,,,,,,,,,,,
,,,,,,,,,,,,,,,,,,,,,,,,,,,,,,,,,,,,,,,,,,,,,,,,,,,,,,,,,,,,,,,,,,,,,,,,,,,,,,,,,,,,,,,,,,,,,,,,,,,,,,,,,,,,,,,,,,,,,,,,,,,,
,,,,,,,,,,,,,,,,,,,,,,,,,,,,,,,,,,,,,,,,,,,,,,,,,,,,,,,,,,,,,,,,,,,,,,,,,,,,,,,,,,,,,,,,,,,,,,,,,,,,,,,,,,,,,,,,,,,,,,,,,,,,
,,,,,,,,,,,,,,,,,,,,,,,,,,,,,,,,,,,,,,,,,,,,,,,,,,,,,,,,,,,,,,,,,,,,,,,,,,,,,,,,,,,,,,,,,,,,,,,,,,,,,,,,,,,,,,,,,,,,,,,,,,,,
,,,,,,,,,,,,,,,,,,,,,,,,,,,,,,,,,,,,,,,,,,,,,,,,,,,,,,,,,,,,,,,,,,,,,,,,,,,,,,,,,,,,,,,,,,,,,,,,,,,,,,,,,,,,,,,,,,,,,,,,,,,,
,,,,,,,,,,,,,,,,,,,,,,,,,,,,,,,,,,,,,,,,,,,,,,,,,,,,,,,,,,,,,,,,,,,,,,,,,,,,,,,,,,,,,,,,,,,,,,,,,,,,,,,,,,,,,,,,,,,,,,,,,,,,
,,,,,,,,,,,,,,,,,,,,,,,,,,,,,,,,,,,,,,,,,,,,,,,,,,,,,,,,,,,,,,,,,,,,,,,,,,,,,,,,,,,,,,,,,,,,,,,,,,,,,,,,,,,,,,,,,,,,,,,,,,,,
,,,,,,,,,,,,,,,,,,,,,,,,,,,,,,,,,,,,,,,,,,,,,,,,,,,,,,,,,,,,,,,,,,,,,,,,,,,,,,,,,,,,,,,,,,,,,,,,,,,,,,,,,,,,,,,,,,,,,,,,,,,,
,,,,,,,,,,,,,,,,,,,,,,,,,,,,,,,,,,,,,,,,,,,,,,,,,,,,,,,,,,,,,,,,,,,,,,,,,,,,,,,,,,,,,,,,,,,,,,,,,,,,,,,,,,,,,,,,,,,,,,,,,,,,
,,,,,,,,,,,,,,,,,,,,,,,,,,,,,,,,,,,,,,,,,,,,,,,,,,,,,,,,,,,,,,,,,,,,,,,,,,,,,,,,,,,,,,,,,,,,,,,,,,,,,,,,,,,,,,,,,,,,,,,,,,,,
,,,,,,,,,,,,,,,,,,,,,,,,,,,,,,,,,,,,,,,,,,,,,,,,,,,,,,,,,,,,,,,,,,,,,,,,,,,,,,,,,,,,,,,,,,,,,,,,,,,,,,,,,,,,,,,,,,,,,,,,,,,,
,,,,,,,,,,,,,,,,,,,,,,,,,,,,,,,,,,,,,,,,,,,,,,,,,,,,,,,,,,,,,,,,,,,,,,,,,,,,,,,,,,,,,,,,,,,,,,,,,,,,,,,,,,,,,,,,,,,,,,,,,,,,
,,,,,,,,,,,,,,,,,,,,,,,,,,,,,,,,,,,,,,,,,,,,,,,,,,,,,,,,,,,,,,,,,,,,,,,,,,,,,,,,,,,,,,,,,,,,,,,,,,,,,,,,,,,,,,,,,,,,,,,,,,,,
,,,,,,,,,,,,,,,,,,,,,,,,,,,,,,,,,,,,,,,,,,,,,,,,,,,,,,,,,,,,,,,,,,,,,,,,,,,,,,,,,,,,,,,,,,,,,,,,,,,,,,,,,,,,,,,,,,,,,,,,,,,,
,,,,,,,,,,,,,,,,,,,,,,,,,,,,,,,,,,,,,,,,,,,,,,,,,,,,,,,,,,,,,,,,,,,,,,,,,,,,,,,,,,,,,,,,,,,,,,,,,,,,,,,,,,,,,,,,,,,,,,,,,,,,
,,,,,,,,,,,,,,,,,,,,,,,,,,,,,,,,,,,,,,,,,,,,,,,,,,,,,,,,,,,,,,,,,,,,,,,,,,,,,,,,,,,,,,,,,,,,,,,,,,,,,,,,,,,,,,,,,,,,,,,,,,,,
X-CHO/H2CO Production/Sublimation 1720/1746,,,,,,,,,,,,,,,,,,,,,,,,,,,,,,,,,,,,,,,,,,,,,,,,,,,,,,,,,,,,,,,,,,,,,,,,,,,,,,,,,,,,,,,,,,,,,,,,,,,,,,,,,,,,,,,,,,,,,,,,,,,,
100% Methanol,,,,,,,,,,,,,,,,,,,,,,,,,,,,,,,,,,,,,,11-16% Methanol,,,,,,,,,,,,,,,,,,,,,,,,,,,,,,,,,,,,1720/1746 cm-1,,,,,,,,,,,,,,,,,,,,,,,,,,,,,,,,,,,,,,,,,,,,,,,,,,
0min 100W,,,,60min 100W,,,,,,,,,,,,,,0min 50W,,,,,,,,,,,,75min 50W,,,,,,,,0 min 100W,,,,,,,,60 min 100W,,,,,,,,,,,,,,0min 50W,,,,,,,,75min 50W,,,,,,0 min 100W 100%,60 min 100W 100%,,,,,0 min 50W 100%,,,,,75 min 50W 100%,,,0min 100W 11-16%,,,60min 100W 11-16%,,,,,,0min 50W 11-16%,,,75min 50W 11-16%,,,,1720/1746,,,,,,,,,,,,,,,,,,,,
,,110923,,,,101223,,092823 - IR out,,91523,,83123,,102824,,Average,st. dev.,,,010324 -2nd good,,122123 -power surge,,122723 -purge,,121823 -oscillate,,Average,st. dev.,,,010523,,122923 -purge,,Average,st. dev.,,,81524,,81624,,Average,st. dev.,,,71824,,090324 -purge,,92424,,100824 -purge,,101524,,Average,st. dev.,,,82724,,083024 -purge,,Average,st. dev.,,,91724,,,,110923,101223,92823,91523,83123,ave,10324,122123,122723,121823,ave,10524,122923,ave,81524,81624,ave,71824,90324,92424,100824,101524,ave,82724,83024,ave,91724,,,,100%,,,,14-19%,,,,,,,,,,,,,,,,
Temp,Fluence,Integrated Absorbance,Normalized,Time/Temp,Fluence,Integrated Absorbance,Normalized,Integrated Absorbance,Normalized,Integrated Absorbance,Normalized,Integrated Absorbance,Normalized,Integrated Absorbance,Normalized,Normalized,Normalized,Temp,Fluence,Integrated Absorbance,Normalized,Integrated Absorbance,Normalized,Integrated Absorbance,Normalized,Integrated Absorbance,Normalized,Normalized,Normalized,Time/Temp,Fluence,Integrated Absorbance,Normalized,Integrated Absorbance,Normalized,Normalized,Normalized,Temp,Fluence,Integrated Absorbance,Normalized,Integrated Absorbance,Normalized,Normalized,Normalized,Time/Temp,Fluence,Integrated Absorbance,Normalized,Integrated Absorbance,Normalized,Integrated Absorbance,Normalized,Integrated Absorbance,Normalized,Integrated Absorbance,Normalized,Normalized,Normalized,Temp,Fluence,Integrated Absorbance,Normalized,Integrated Absorbance,Normalized,Normalized,Normalized,Time/Temp,Fluence,Integrated Absorbance,Normalized,,,Propagated 1sigma error,Propagated 1sigma error,Propagated 1sigma error,Propagated 1sigma error,Propagated 1sigma error,Propagated 1sigma error,Propagated 1sigma error,Propagated 1sigma error,Propagated 1sigma error,Propagated 1sigma error,Propagated 1sigma error,Propagated 1sigma error,Propagated 1sigma error,Propagated 1sigma error,Propagated 1sigma error,Propagated 1sigma error,Propagated 1sigma error,Propagated 1sigma error,Propagated 1sigma error,Propagated 1sigma error,Propagated 1sigma error,Propagated 1sigma error,Propagated 1sigma error,Propagated 1sigma error,Propagated 1sigma error,Propagated 1sigma error,Propagated 1sigma error,,fluence,normalized absorbance,temp,fluence,norm. int. absorbance,error,temp,fluence,norm. int. absorbance,error,,,,,,,,,,,,,
,,,,,,,,,,,,,,,,,,,,,,,,,,,,,,,,,,,,,,,,,,,,,,,,,,,,,,,,,,,,,,,,,,,,,,,,,,,,,,,,,,,,,,,,,,,,,,,,,,,,,,,,20,1.54E+17,0.054906954,0.015293123,20,1.54E+17,0.232810008,0.064844102,,,,,,,,,,,,,
20K,1.62E+17,0.3289,0.050826766,10,1.62E+17,0.7611,0.117762649,0.2006,0.037258544,0.3021,0.052529995,0.2734,0.101507388,,,0.063765309,0.038471158,20K,1.515E+17,0.2772,0.040203046,0.1913,0.029965539,0.23,0.034003548,0.2249,0.03377384,0.034647475,0.004237103,12.5,1.515E+17,0.2253,0.034849188,0.192,0.031423895,0.033136542,0.001712647,20K,1.62E+17,0.1582,0.187997623,0.22483,0.218430001,0.203213812,0.021518941,10,1.62E+17,0.3109,0.284290417,0.2106,0.28125,0.408,0.43427355,0.3593,0.415039852,0.2453,0.252029179,0.3333766,0.084547501,20K,1.515E+17,0.1091,0.158,0.13,0.149,0.1535,0.006363961,12.5,1.515E+17,0.2537,0.292449568,,,0.014156677,0.032800193,0.010377547,0.014631074,0.028272648,0.021520365,0.011197673,0.008346241,0.00947094,0.00940696,0.009605453,0.009632164,0.008685428,0.009158796,0.052362599,0.060838868,0.056600733,0.079182837,0.078335995,0.120957336,0.115600213,0.070197179,0.092854712,0.043906087,0.041518906,0.042712497,0.081455388,,,,50,6.17E+17,0.084658273,0.023579698,50,6.17E+17,0.553953155,0.154291455,,,,,,,,,,,,,
30K,3.24E+17,0.4476,0.069170144,20,3.24E+17,0.9282,0.143617515,0.2939,0.054587667,0.4011,0.069744392,0.3281,0.121816292,,,0.08204945,0.042150269,30K,3.03E+17,0.4216,0.061145758,0.293,0.04589599,0.3383,0.050014784,0.3534,0.053071032,0.053370927,0.006451366,25,3.03E+17,0.3753,0.058051044,0.269,0.044026187,0.051038616,0.007012429,30K,3.24E+17,0.2239,0.26607249,0.26069,0.253269212,0.259670851,0.009053285,20,3.24E+17,0.4673,0.427304316,0.3432,0.458333333,0.5964,0.634805748,0.5273,0.60910246,0.391,0.401726087,0.506254389,0.10788754,30K,3.03E+17,0.1631,0.236,0.1916,0.22,0.228,0.011313708,25,3.03E+17,0.291,0.335446686,,,0.019265821,0.040001497,0.015204193,0.019425765,0.033929246,0.027140175,0.017030805,0.012783318,0.013930517,0.014781767,0.014631602,0.016045056,0.012168646,0.014106851,0.074108634,0.070542563,0.072325598,0.11901621,0.127658659,0.176811165,0.16965208,0.111891957,0.141006014,0.06563779,0.06119248,0.063415135,0.093431289,,1.62E+17,0.063765309,100,1.39E+18,0.071648645,0.019956153,70,9.26E+17,0.55654102,0.155012248,,,,,,,,,,,,,
40K,4.86E+17,0.5602,0.086570855,30,4.86E+17,0.9754,0.150920625,0.3643,0.067663447,0.4489,0.07805599,0.5385,0.19993317,,,0.115217536,0.062650202,40K,4.545E+17,0.5279,0.076562727,0.3833,0.060040727,0.3871,0.05722945,0.4234,0.063583121,0.066728858,0.008544215,37.5,4.545E+17,0.4593,0.071044084,0.323,0.052864157,0.061954121,0.009089963,40K,4.86E+17,0.3175,0.377302436,0.32472,0.315476538,0.346389487,0.043717512,30,4.86E+17,0.57,0.521214338,0.3295,0.440037393,0.7015,0.746673763,0.6069,0.701051173,0.4819,0.495119696,0.580819273,0.134796258,40K,4.545E+17,0.1948,0.281,0.2318,0.266,0.2735,0.010606602,37.5,4.545E+17,0.2839,0.327262248,,,0.024112406,0.042035617,0.018846164,0.021740778,0.055686983,0.034577385,0.021324862,0.016723023,0.015940003,0.017709678,0.017924392,0.019636275,0.014611423,0.017123849,0.105089287,0.087869044,0.096479165,0.145172779,0.122562728,0.207969538,0.195262369,0.137904691,0.161774421,0.078395104,0.074031403,0.076213253,0.091151694,,3.24E+17,0.08204945,130,1.85E+18,0.058659301,0.016338257,100,1.39E+18,0.467103776,0.130322458,,,,,,,,,,,,,
50K,6.48E+17,0.6754,0.104373358,40,6.48E+17,1.0379,0.160591057,0.4266,0.07923477,0.4942,0.085932881,0.5107,0.189611643,,,0.118259765,0.05478145,50K,6.06E+17,0.5757,0.083495286,0.4251,0.066588346,0.4082,0.060348906,0.4593,0.06897432,0.073019317,0.009795744,50,6.06E+17,0.5088,0.078700696,0.369,0.060392799,0.069546748,0.009153948,50K,6.48E+17,0.3546,0.421390374,0.35155,0.341542796,0.381466585,0.056460764,40,6.48E+17,0.6248,0.571324067,0.3228,0.431089744,0.7391,0.786695051,0.6717,0.775903893,0.5673,0.582862427,0.629575036,0.150889436,50K,6.06E+17,0.2034,0.294,0.2643,0.303,0.2985,0.006363961,50,6.06E+17,0.3762,0.433659942,,,0.029070901,0.044729103,0.022069101,0.023934712,0.052812149,0.035886266,0.023255774,0.018546718,0.016808859,0.019211278,0.019455657,0.021752529,0.016692306,0.019222418,0.117369011,0.095129226,0.106249119,0.15912974,0.120070557,0.219116586,0.216110947,0.162343496,0.175354265,0.081856078,0.08441113,0.083133604,0.120786429,,4.86E+17,0.115217536,150,2.16E+18,0.023206723,0.006463722,130,1.85E+18,0.293110618,0.081639509,,,,,,,,,,,,,
60K,8.1E+17,0.7016,0.108422191,50,8.1E+17,,,0.4647,0.086311293,0.5545,0.096418014,0.5699,0.211591297,,,0.131440201,0.069596588,60K,7.575E+17,0.6105,0.088542422,0.4494,0.070394737,0.4003,0.059180958,0.5067,0.076092506,0.078343222,0.012215592,62.5,7.575E+17,0.5591,0.086481052,0.418,0.068412439,0.077446746,0.009034307,60K,8.1E+17,0.4114,0.488888889,0.32518,0.315923443,0.402406166,0.12230504,50,8.1E+17,0.6737,0.616038771,0.2796,0.373397436,0.6629,0.705588079,0.7393,0.85399099,0.6598,0.677899928,0.645383041,0.175382814,60K,7.575E+17,0.2233,0.323,0.2645,0.303,0.313,0.014142136,62.5,7.575E+17,0.4308,0.496599424,,,0.030198614,,0.02404011,0.026855115,0.058934097,0.036609774,0.024661542,0.019606904,0.016483553,0.021193892,0.020486473,0.023902986,0.0189089,0.021405943,0.136169236,0.08799352,0.112081378,0.171584037,0.104001635,0.196526025,0.237860388,0.1888141,0.179757237,0.089864613,0.084475005,0.087169809,0.138316836,,6.48E+17,0.118259765,,,,,150,2.16E+18,0.205664017,0.057283184,,,,,,,,,,,,,
70K,9.72E+17,0.7411,0.114526348,60,9.72E+17,1.0568,0.163515395,0.538,0.099925706,0.5948,0.103425491,0.4445,0.165033044,,,0.122794747,0.036174868,70K,9.09E+17,0.6362,0.092269761,0.4584,0.071804511,0.4257,0.062936132,0.5189,0.077924613,0.080666295,0.012335011,75,9.09E+17,0.5834,0.090239753,0.423,0.069230769,0.079735261,0.010504492,70K,9.72E+17,0.4091,0.486155674,0.33127,0.321840086,0.40399788,0.116188667,60,9.72E+17,0.7608,0.69568398,0.3822,0.510416667,0.6684,0.711442257,0.7686,0.887836433,0.6674,0.685708415,0.69821755,0.133755638,70K,9.09E+17,0.1966,0.284,0.2601,0.298,0.291,0.009899495,75,9.09E+17,0.469,0.540634006,,,0.031898793,0.045543613,0.027832105,0.028806894,0.045966321,0.037037233,0.02569971,0.019999566,0.017529474,0.021704185,0.021233234,0.024941874,0.019135083,0.022038479,0.13540796,0.08964147,0.112524715,0.193767456,0.142165325,0.198156577,0.247287291,0.190988982,0.194473126,0.079119494,0.083069749,0.081094622,0.1505817,,8.1E+17,0.131440201,,,,,,,,,,,,,,,,,,,,,
80K,1.134E+18,0.7517,0.116164426,20K,1.134E+18,,,,,,,,,,,,,80K,1.0605E+18,0.6471,0.093850616,0.4607,0.072164787,0.4104,0.060674157,0.5197,0.078044751,0.081353385,0.013811602,20K,1.0605E+18,0.5975,0.092420727,0.455,0.074468085,0.083444406,0.008976321,80K,1.134E+18,0.415,0.493166964,0.32886,0.319498688,0.406332826,0.122802016,20K,1.134E+18,,0.730843088,0.3969,0.530048077,0.6775,0.72112826,0.7512,0.867737091,0.7149,0.734511456,0.716853594,0.120610851,80K,1.0605E+18,0.1922,0.278,0.2633,0.302,0.29,0.016970563,20K,1.0605E+18,0.4477,0.516080692,,,0.032355043,,,,,,0.026140023,0.020099913,0.016899451,0.021737647,0.021219258,0.025544686,0.020582654,0.02306367,0.1373608,0.088989325,0.113175063,,0.147633222,0.2008544,0.241689062,0.204581995,0.19868967,0.077348762,0.084091753,0.080720258,0.143742914,,9.72E+17,0.122794747,,,,,,,,,,,,,,,,,,,,,
90K,1.296E+18,0.7519,0.116195333,30K,1.296E+18,1.0935,0.169193873,0.4903,0.091066122,0.6256,0.108781082,0.3541,0.131469518,,,0.110438907,0.033711765,90K,1.212E+18,0.6713,0.097360406,0.4621,0.072384085,0.4092,0.060496747,0.5209,0.078224959,0.082656483,0.015380251,30K,1.212E+18,0.6166,0.095375097,0.463,0.075777414,0.085576256,0.009798842,90K,1.296E+18,0.4337,0.515389186,0.34923,0.339288837,0.427339012,0.124521751,30K,1.296E+18,0.8377,0.766002195,0.5341,0.713274573,0.6694,0.712506653,0.7808,0.901929075,0.6895,0.708414672,0.760425434,0.082581646,90K,1.212E+18,0.2154,0.311,0.2512,0.288,0.2995,0.016263456,30K,1.212E+18,0.4521,0.521152738,,,0.032363652,0.047125228,0.025364463,0.030298575,0.03661794,0.034851552,0.027117598,0.020160993,0.016850037,0.02178784,0.021479117,0.026361261,0.020944547,0.023652904,0.143550311,0.094501436,0.119025873,0.213353047,0.198666928,0.198453041,0.251212487,0.19731331,0.211799763,0.086685346,0.080227301,0.083456323,0.145155621,,1.296E+18,0.110438907,,,,,,,,,,,,,,,,,,,,,
100K,1.458E+18,0.7258,0.112161953,40K,1.458E+18,,,,,,,,,,,,,100K,1.3635E+18,0.6885,0.099854967,0.4661,0.073010652,0.3989,0.05897398,0.523,0.078540321,0.08380198,0.016972118,40K,1.3635E+18,0.6338,0.098035576,0.47,0.076923077,0.087479327,0.01055625,100K,1.458E+18,0.4317,0.513012478,0.34467,0.334858642,0.42393556,0.125973786,40K,1.458E+18,,0.766093636,0.5346,0.713942308,0.6356,0.676530069,0.8168,0.943513919,0.6769,0.695469023,0.759109791,0.108355106,100K,1.3635E+18,0.207,0.299,0.2558,0.293,0.296,0.004242641,40K,1.3635E+18,0.4052,0.467089337,,,0.031240243,,,,,,0.027812403,0.02033551,0.016425904,0.021875677,0.021612373,0.027096606,0.021261203,0.024178905,0.142888331,0.093267502,0.118077917,,0.198852911,0.188432556,0.262795029,0.193707585,0.21094702,0.083304859,0.081696432,0.082500645,0.130097451,,1.62E+18,0.129514757,,,,,,,,,,,,,,,,,,,,,
110K,1.62E+18,0.7568,0.116952558,50K,1.62E+18,1.1664,0.180473464,0.494,0.091753343,0.645,0.112154408,0.4973,0.184636519,,,0.129514757,0.047305064,110K,1.515E+18,0.7136,0.103495286,0.5389,0.08441416,0.4075,0.060245417,0.5406,0.081183361,0.089697602,0.017713992,50K,1.515E+18,0.6343,0.098112916,0.439,0.071849427,0.084981172,0.013131745,110K,1.62E+18,0.4129,0.49067142,0.33428,0.324764403,0.407717912,0.117313977,50K,1.62E+18,0.8379,0.766185077,0.4715,0.629674145,0.6179,0.657690261,0.8245,0.952408456,0.6957,0.714784753,0.744148538,0.12776879,110K,1.515E+18,0.21,0.303,0.2486,0.285,0.294,0.012727922,50K,1.515E+18,0.4287,0.494178674,,,0.03257456,0.05026691,0.025555874,0.031238141,0.051426437,0.039621841,0.028826333,0.023511706,0.016780034,0.022611838,0.022932478,0.027117982,0.019858869,0.023488425,0.136665721,0.090455974,0.113560848,0.213403985,0.17538187,0.183185142,0.265272407,0.199087556,0.207266192,0.084512175,0.079396923,0.081954549,0.13764259,,1.944E+18,0.124975056,,,,,,,,,,,,,,,,,,,,,
120K,1.782E+18,0.8313,0.128465461,60K,1.782E+18,,,,,,,,,,,,,120K,1.6665E+18,0.8012,0.116200145,0.5968,0.093483709,0.478,0.070668244,0.6124,0.091965761,0.100549872,0.018603158,60K,1.6665E+18,0.642,0.099303944,0.471,0.077086743,0.088195344,0.011108601,120K,1.782E+18,0.3998,0.475103981,0.3417,0.331973186,0.403538584,0.101208756,60K,1.782E+18,,0.757269569,0.4513,0.60269765,0.7498,0.798084087,0.7697,0.889107081,0.6496,0.667420117,0.742915701,0.111783484,120K,1.6665E+18,0.2033,0.294,0.2309,0.265,0.2795,0.020506097,60K,1.6665E+18,0.4195,0.483573487,,,0.035781226,,,,,,0.032364992,0.026037829,0.019683083,0.025615038,0.025925236,0.027447177,0.02130644,0.024376809,0.132329754,0.092463822,0.112396788,,0.167868161,0.222288752,0.247641202,0.185895179,0.205923324,0.081815834,0.073743964,0.077779899,0.134688748,,2.268E+18,0.126471927,,,,,,,,,,,,,,,,,,,,,
130K,1.944E+18,0.8733,0.134955957,70K,1.944E+18,1.0992,0.170075816,0.4778,0.088744428,0.5906,0.102695183,0.4942,0.183485557,,,0.124975056,0.047462577,130K,1.818E+18,0.8918,0.129340102,0.6638,0.103978697,0.5688,0.084092253,0.7052,0.105901787,0.113073529,0.018517442,70K,1.818E+18,0.6255,0.09675174,0.42,0.068739771,0.082745756,0.014005985,130K,1.944E+18,0.3513,0.417468806,0.27011,0.262421063,0.339944935,0.10963531,70K,1.944E+18,0.8184,0.74835406,0.3534,0.471955128,0.7487,0.796913252,0.7713,0.890955296,0.688,0.706873523,0.723010252,0.156203848,130K,1.818E+18,0.1734,0.251,0.1628,0.187,0.219,0.045254834,70K,1.818E+18,0.3769,0.434466859,,,0.037589011,0.047370874,0.024717807,0.028603482,0.051105862,0.037949506,0.036024838,0.028960977,0.023422046,0.029496611,0.029476118,0.026741759,0.018999373,0.022870566,0.116276745,0.073091609,0.094684177,0.208437547,0.13145271,0.221962641,0.248155982,0.196884057,0.201378588,0.06978291,0.051994445,0.060888678,0.121011178,,2.592E+18,0.129521395,,,,,,,,,,,,,,,,,,,,,
140K,2.106E+18,0.9286,0.143501777,80K,2.106E+18,,,,,,,,,,,,,140K,1.9695E+18,0.9377,0.135997099,0.6899,0.108067043,0.5689,0.084107037,0.7253,0.108920258,0.117661467,0.021205989,80K,1.9695E+18,0.6099,0.094338747,0.397,0.06497545,0.079657099,0.014681649,140K,2.106E+18,0.2826,0.335828877,0.2278,0.221315457,0.278572167,0.080973216,80K,2.106E+18,,0.765819313,0.4259,0.568776709,0.6967,0.741564662,0.7095,0.81956798,0.639,0.656529333,0.710451599,0.098639972,140K,1.9695E+18,0.1388,0.201,0.1522,0.175,0.188,0.018384776,80K,1.9695E+18,0.3751,0.432391931,,,0.039969261,,,,,,0.037878998,0.030099695,0.023426163,0.03033734,0.030435549,0.026074819,0.017958931,0.022016875,0.09353774,0.061642548,0.077590144,,0.15842023,0.20654651,0.228272617,0.182861791,0.194025287,0.055858524,0.048609058,0.052233791,0.120433253,,2.916E+18,0.125049865,,,,,,,,,,,,,,,,,,,,,
150K,2.268E+18,0.8477,0.130999846,90K,2.268E+18,0.9876,0.152808293,0.4428,0.082243685,0.5731,0.099652234,0.532,0.197519863,,,0.126471927,0.052419607,150K,2.121E+18,0.8934,0.129572154,0.6429,0.100704887,0.5337,0.078903016,0.703,0.105571407,0.111949483,0.020790471,90K,2.121E+18,0.5882,0.090982212,0.36,0.058919804,0.074951008,0.016031204,150K,2.268E+18,0.2609,0.310041592,0.2353,0.228601963,0.269321778,0.057586514,90K,2.268E+18,0.8566,0.783284565,0.469,0.62633547,0.6736,0.716977116,0.6776,0.782719187,0.659,0.677077982,0.717278864,0.068055292,150K,2.121E+18,0.1611,0.233,0.1839,0.211,0.222,0.015556349,90K,2.121E+18,0.3716,0.428357349,,,0.036487123,0.042561386,0.022907168,0.027755936,0.055014809,0.037059825,0.036089471,0.028049129,0.021976698,0.029404591,0.028879972,0.025147087,0.016285177,0.020716132,0.08635526,0.063672044,0.075013652,0.21816667,0.174451956,0.19969819,0.218009197,0.188585165,0.199782236,0.064832912,0.058733283,0.061783097,0.119309509,,3.24E+18,0.117331875,,,,,,,,,,,,,,,,,,,,,
160K,2.43E+18,0.8194,0.126626487,100K,2.43E+18,,,,,,,,,,,,,160K,2.2725E+18,0.8555,0.124075417,0.5486,0.085933584,0.5092,0.075280899,0.6483,0.097356961,0.102455321,0.020977977,100K,2.2725E+18,0.5728,0.088600155,0.367,0.060065466,0.074332811,0.014267345,160K,2.43E+18,0.2638,0.313487819,0.247,0.239968911,0.276728365,0.051985718,100K,2.43E+18,,0.762481712,0.387,0.516826923,0.7161,0.762213944,0.7003,0.808940742,0.5858,0.601869927,0.69046665,0.12487002,160K,2.2725E+18,0.1494,0.216,0.2132,0.244,0.23,0.01979899,100K,2.2725E+18,0.3588,0.413602306,,,0.03526902,,,,,,0.034558476,0.023934908,0.020967837,0.027116638,0.026644465,0.024488697,0.016601833,0.020545265,0.08731513,0.066838057,0.077076594,,0.143950761,0.212297913,0.225312634,0.167637617,0.187299731,0.060124376,0.068091006,0.064107691,0.115199816,,3.564E+18,0.119471302,,,,,,,,,,,,,,,,,,,,,
170K,2.592E+18,0.7526,0.116303508,110K,2.592E+18,0.9804,0.15169426,0.4157,0.077210253,0.5795,0.100765084,0.5672,0.210588847,,,0.129521395,0.059172177,170K,2.424E+18,0.8121,0.117781001,0.497,0.077850877,0.4938,0.07300414,0.54,0.081093257,0.092241712,0.020503679,110K,2.424E+18,0.5994,0.092714617,0.368,0.060229133,0.076471875,0.016242742,170K,2.592E+18,0.2386,0.283541295,0.16846,0.163664626,0.223602961,0.084765606,110K,2.592E+18,0.8111,0.741678859,0.4562,0.609241453,0.7858,0.836402342,0.7703,0.889800162,0.6232,0.640295901,0.743483743,0.121155212,170K,2.424E+18,0.1165,0.168,0.1491,0.171,0.1695,0.00212132,110K,2.424E+18,0.372,0.428818444,,,0.032393782,0.042251096,0.021505216,0.028065896,0.058654887,0.037619274,0.032805305,0.021683648,0.020333696,0.022586741,0.024352347,0.025625916,0.01664707,0.021136493,0.078974185,0.045585178,0.062279682,0.206578317,0.169690793,0.232961458,0.247834245,0.178340326,0.207081028,0.046884135,0.047618991,0.047251563,0.119437937,,3.888E+18,0.082061797,,,,,,,,,,,,,,,,,,,,,
180K,2.754E+18,0.6954,0.107464071,120K,2.754E+18,,,,,,,,,,,,,180K,2.5755E+18,0.7461,0.108208847,0.4137,0.064802632,0.4321,0.063882318,0.5351,0.080357411,0.084456297,0.02069394,120K,2.5755E+18,0.6414,0.099211137,0.389,0.063666121,0.081438629,0.017772508,180K,2.754E+18,0.1663,0.197623292,0.12531,0.121742932,0.159683112,0.053655517,120K,2.754E+18,,0.695912583,0.3123,0.417067308,0.7396,0.787227249,0.7783,0.899041238,0.5833,0.599301346,0.679709945,0.183966987,180K,2.5755E+18,0.1035,0.15,0.0788,0.0904,0.1202,0.042143564,120K,2.5755E+18,0.3317,0.382363112,,,0.029931751,,,,,,0.030139192,0.018049346,0.017793013,0.022381788,0.022090835,0.027421526,0.017597038,0.022509282,0.055043617,0.033908813,0.044476215,,0.116164916,0.219264818,0.250408143,0.166922195,0.188190018,0.041652429,0.025166845,0.033409637,0.106498827,,4.212E+18,0.087962261,,,,,,,,,,,,,,,,,,,,,
190K,2.916E+18,0.6883,0.106366868,130K,2.916E+18,0.9834,0.15215844,0.5349,0.099349926,0.6383,0.110989393,0.4439,0.164810277,,,0.125049865,0.031571243,190K,2.727E+18,0.7213,0.104612038,0.4091,0.06408208,0.4079,0.060304554,0.504,0.07568704,0.081460386,0.020058356,130K,2.727E+18,0.6944,0.107409126,0.476,0.077905074,0.0926571,0.014752026,190K,2.916E+18,0.1337,0.158882947,0.10765,0.104585641,0.131734294,0.038393993,130K,2.916E+18,0.711,0.650146306,0.4905,0.655048077,0.6041,0.643001597,0.7371,0.851449694,0.5344,0.549059899,0.669741115,0.110563112,190K,2.727E+18,0.0667,0.0964,0.0818,0.0938,0.0951,0.001838478,130K,2.727E+18,0.2991,0.344783862,,,0.029626149,0.042380384,0.027671734,0.030913652,0.045904274,0.036717511,0.02913738,0.017848653,0.016796506,0.021080959,0.021215874,0.029687414,0.021532623,0.025610019,0.044253347,0.029130028,0.036691687,0.18108394,0.18244922,0.179093938,0.237152566,0.152928547,0.186541642,0.026842677,0.026124973,0.026483825,0.096031954,,4.536E+18,0.083362075,,,,,,,,,,,,,,,,,,,,,
200K,3.078E+18,0.673,0.104002473,140K,3.078E+18,,,,,,,,,,,,,200K,2.8785E+18,0.7343,0.106497462,0.3998,0.062625313,0.4046,0.059816677,0.5077,0.076242679,0.081788485,0.021374338,140K,2.8785E+18,0.7447,0.115189482,,,0.115189482,,200K,3.078E+18,0.1171,0.139156269,0.08484,0.082424949,0.110790609,0.040115101,140K,3.078E+18,,0.626783102,0.4922,0.657318376,0.5888,0.626716339,0.7214,0.833314081,0.5136,0.527689304,0.65436424,0.111359146,200K,2.8785E+18,0.0726,0.105,0.0825,0.0946,0.0998,0.007353911,140K,2.8785E+18,0.2518,0.290259366,,,0.028967599,,,,,,0.029662523,0.017442902,0.016660618,0.02123572,0.021250441,0.031837871,,0.031837871,0.038758915,0.022957655,0.030858285,,0.183081562,0.174558038,0.232101291,0.146976238,0.184179282,0.029217066,0.026348536,0.027782801,0.080845356,,4.86E+18,0.061967639,,,,,,,,,,,,,,,,,,,,,
210K,3.24E+18,0.6884,0.106382321,150K,3.24E+18,1.0863,0.168079839,0.543,0.100854383,0.6972,0.12123109,0.3499,0.129910151,,,0.117331875,0.028145109,210K,3.03E+18,0.7413,0.10751269,0.4012,0.062844612,0.4085,0.060393258,0.5131,0.077053612,0.082470305,0.021657766,150K,3.03E+18,0.7279,0.112590874,0.412,0.067430442,0.090010658,0.022580216,210K,3.24E+18,0.0721,0.085680333,0.09197,0.089351987,0.08751616,0.002596251,150K,3.24E+18,0.6599,0.603419898,0.5057,0.675347222,0.6709,0.714103246,0.7234,0.83562435,0.5577,0.572999075,0.680298758,0.103340314,210K,3.03E+18,0.0466,0.0673,0.0866,0.0993,0.0833,0.022627417,150K,3.03E+18,0.2446,0.281959654,,,0.029630453,0.046814939,0.028090768,0.033766251,0.036183612,0.036213893,0.029945293,0.017503983,0.016821212,0.021461587,0.021433019,0.031119627,0.01863748,0.024878554,0.02386437,0.024887029,0.0243757,0.168069327,0.1881031,0.198897737,0.232744765,0.159596277,0.189482241,0.018753654,0.027657979,0.023205817,0.078533654,,5.184E+18,0.063377225,,,,,,,,,,,,,,,,,,,,,
220K,3.402E+18,0.6347,0.098083758,160K,3.402E+18,,,,,,,,,,,,,220K,3.1815E+18,0.692,0.100362582,0.3776,0.05914787,0.4033,0.059624483,0.4948,0.074305451,0.077938634,0.019327721,160K,3.1815E+18,0.6846,0.105893272,0.366,0.0599018,0.082897536,0.022995736,220K,3.402E+18,0.0634,0.075341652,0.04826,0.046886233,0.061113943,0.02012102,160K,3.402E+18,,0.470921727,0.4768,0.636752137,0.7967,0.848004258,0.706,0.815525009,0.5403,0.555121751,0.665264976,0.163313757,220K,3.1815E+18,0.0568,0.0821,0.0285,0.0327,0.0574,0.034931075,160K,3.1815E+18,0.2172,0.25037464,,,0.027319071,,,,,,0.027953787,0.016474337,0.016607087,0.020696148,0.02043284,0.029268439,0.016556597,0.022912518,0.020984758,0.013059128,0.017021943,,0.177353289,0.236192916,0.227146536,0.154616942,0.198827421,0.022858531,0.009102222,0.015980376,0.069736344,,5.508E+18,0.055267806,,,,,,,,,,,,,,,,,,,,,
230K,3.564E+18,0.617,0.095348478,170K,3.564E+18,0.9201,0.142364227,0.4673,0.086794205,0.5754,0.100052165,0.4621,0.171567536,,,0.119471302,0.038952867,230K,3.333E+18,0.6609,0.095852067,0.3482,0.054542607,0.3735,0.055218805,0.4603,0.069124493,0.073173056,0.019318285,170K,3.333E+18,0.6362,0.098406806,0.406,0.066448445,0.082427626,0.015979181,230K,3.564E+18,0.0486,0.057754011,0.03945,0.038327018,0.048040515,0.013736958,170K,3.564E+18,0.3701,0.338423555,0.332,0.443376068,0.542,0.576902608,0.5032,0.581263717,0.3864,0.396999897,0.467393169,0.108540331,230K,3.333E+18,0.052,0.0751,0.0311,0.0357,0.0554,0.027860007,170K,3.333E+18,0.1511,0.174178674,,,0.026557219,0.039652421,0.024174615,0.027867328,0.04778636,0.034870181,0.026697483,0.015191642,0.015379983,0.019253106,0.019130553,0.027199212,0.018366061,0.022782636,0.016086108,0.010675147,0.013380628,0.09426043,0.123492642,0.16068352,0.161898211,0.110575581,0.130182077,0.020926824,0.0099326,0.015429712,0.048513635,,5.832E+18,0.045601205,,,,,,,,,,,,,,,,,,,,,
240K,3.726E+18,0.5577,0.086184516,180K,3.726E+18,,,,,,,,,,,,,240K,3.4845E+18,0.6218,0.090181291,0.3248,0.050877193,0.3312,0.048965109,0.4194,0.06298243,0.068013638,0.018995706,180K,3.4845E+18,0.5747,0.088894045,0.402,0.065793781,0.077343913,0.011550132,240K,3.726E+18,0.0293,0.034818776,0.05321,0.051695327,0.043257052,0.011933524,180K,3.726E+18,,0.229059986,0.2737,0.365518162,0.413,0.43959553,0.2957,0.341573293,0.2151,0.221000719,0.319349538,0.093420058,240K,3.4845E+18,0.0333,0.0481,0.0523,0.06,0.05405,0.008414571,180K,3.4845E+18,0.129,0.14870317,,,0.024004799,,,,,,0.025118013,0.014170722,0.013638153,0.017542369,0.017617314,0.024569927,0.018185114,0.02137752,0.009698003,0.014398595,0.012048299,,0.101807037,0.122439656,0.095137721,0.061554885,0.095234825,0.013401216,0.016703375,0.015052296,0.041417994,,,,,,,,,,,,,,,,,,,,,,,,
250K,3.888E+18,0.5101,0.07882862,190K,3.888E+18,0.7727,0.119557481,0.4481,0.083228083,0.5287,0.091931838,0.1913,0.07102547,,,0.082061797,0.020615716,250K,3.636E+18,0.5486,0.079564902,0.2962,0.046397243,0.2849,0.042120047,0.3755,0.056389848,0.060783998,0.016735859,190K,3.636E+18,0.559,0.086465584,0.391,0.063993453,0.075229519,0.011236066,250K,3.888E+18,0.0299,0.035531788,0.03567,0.03465462,0.035093204,0.000620251,190K,3.888E+18,0.1309,0.119696416,0.3017,0.402911325,0.3766,0.400851517,0.2403,0.277578838,0.168,0.172608651,0.274729349,0.129237559,250K,3.636E+18,0.0323,0.0467,0.036,0.0413,0.044,0.003818377,190K,3.636E+18,0.1292,0.148933718,,,0.021955977,0.033300104,0.02318135,0.025605589,0.019782581,0.025467406,0.022161052,0.012922931,0.011731612,0.015706151,0.015630436,0.023898711,0.017687512,0.020793111,0.009896597,0.009652281,0.009774439,0.033338801,0.112222079,0.111648365,0.077313474,0.04807634,0.076519812,0.012998777,0.011497543,0.01224816,0.041482208,,,,,,,,,,,,,,,,,,,,,,,,
260K,4.05E+18,0.47,0.072631742,200K,4.05E+18,,,,,,,,,,,,,260K,3.7875E+18,0.5269,0.076417694,0.2684,0.042042607,0.2631,0.038897102,0.3428,0.051479201,0.056646501,0.017001526,200K,3.7875E+18,0.558,0.086310905,0.387,0.063338789,0.074824847,0.011486058,260K,4.05E+18,0.0233,0.027688651,0.01503,0.014602157,0.021145404,0.009253549,200K,4.05E+18,,0.11590161,0.2203,0.29420406,0.4318,0.459606174,0.2358,0.272380732,0.1671,0.171683962,0.262755308,0.131996151,260K,3.7875E+18,0.0327,0.0472,-0.0014,-0.00161,0.022795,0.034513882,200K,3.7875E+18,0.1197,0.137982709,,,0.020229973,,,,,,0.021284466,0.011710042,0.010833931,0.014338398,0.01454171,0.023855958,0.017506565,0.020681262,0.007712064,0.004067109,0.005889587,,0.081944064,0.128013181,0.075865656,0.047818788,0.083410422,0.013159753,0.000447127,0.00680344,0.038432046,,,,,,,,,,,,,,,,,,,,,,,,
270K,4.212E+18,0.419,0.064750425,210K,4.212E+18,0.6365,0.098483676,0.4684,0.086998514,0.5217,0.090714658,0.2321,0.08617361,,,0.087962261,0.005619279,270K,3.939E+18,0.4948,0.071762146,0.2454,0.03843985,0.217,0.032081609,0.3192,0.047935125,0.052712374,0.017403469,210K,3.939E+18,0.5425,0.08391338,0.383,0.062684124,0.073298752,0.010614628,270K,4.212E+18,-0.0152,-0.018062983,0.01565,0.015204508,-0.001429238,0.023523668,210K,4.212E+18,0.1226,0.112106803,0.2138,0.285523504,0.4667,0.496753592,0.2146,0.247891879,0.1445,0.148463989,0.258147953,0.150951853,270K,3.939E+18,0.03,0.0433,0.0093,0.0107,0.027,0.023051681,210K,3.939E+18,0.1144,0.131873199,,,0.018034805,0.02743046,0.024231521,0.025266571,0.024001762,0.025232578,0.019987766,0.010706574,0.008935626,0.013351274,0.01324531,0.023193292,0.017325619,0.020259456,0.005031046,0.004234881,0.004632964,0.031224882,0.079526286,0.138359776,0.069044825,0.041351375,0.071901429,0.012073168,0.002970199,0.007521683,0.036730376,,,,,,,,,,,,,,,,,,,,,,,,
280K,4.374E+18,0.3772,0.058290836,220K,4.374E+18,,,,,,,,,,,,,280K,4.0905E+18,0.4645,0.067367658,0.2222,0.034805764,0.1821,0.02692194,0.2675,0.040171197,0.047448206,0.017564799,220K,4.0905E+18,0.5302,0.082010828,0.257,0.042062193,0.062036511,0.019974318,280K,4.374E+18,-0.0001,-0.000118835,0.01125,0.010929758,0.005405462,0.007812535,220K,4.374E+18,,0.104745794,0.2266,0.302617521,0.4909,0.522511975,0.21,0.24257826,0.1167,0.119901367,0.258470983,0.169375406,280K,4.0905E+18,0.0125,0.0181,-0.0257,-0.0295,-0.0057,0.033658283,220K,4.0905E+18,0.1021,0.117694525,,,0.016235629,,,,,,0.018763778,0.009694379,0.007498514,0.011188802,0.011786368,0.022667435,0.011625807,0.017146621,3.3099E-05,0.003044243,0.001538671,,0.084287448,0.145534207,0.067564834,0.033395886,0.082695594,0.005030487,0.008207968,0.006619227,0.032781219,,,,,,,,,,,,,,,,,,,,,,,,
290K,4.536E+18,0.3568,0.055138309,230K,4.536E+18,0.5049,0.078121615,0.5281,0.098086924,0.4802,0.083498522,0.1845,0.06850078,,,0.083362075,0.01235981,290K,4.242E+18,0.436,0.063234228,0.1992,0.031203008,0.1448,0.021407451,0.2392,0.03592131,0.043452849,0.017912615,230K,4.242E+18,0.5217,0.080696056,0.2354,0.038527005,0.05961153,0.021084526,290K,4.536E+18,-0.0007,-0.000831848,0.01896,0.018420286,0.008794219,0.013613315,230K,4.536E+18,0.1065,0.097384784,0.2751,0.367387821,0.4481,0.476955828,0.1762,0.203534712,0.1182,0.121442515,0.253341132,0.163715062,290K,4.242E+18,0.0326,0.0471,-0.029,-0.0333,0.0069,0.056851385,230K,4.242E+18,0.0909,0.104783862,,,0.015357562,0.021759056,0.027319953,0.023256675,0.019079384,0.022853767,0.017612502,0.008690911,0.005962574,0.01000509,0.010567769,0.022304038,0.010648696,0.016476367,0.000231693,0.005130565,0.002681129,0.027124388,0.102327789,0.132845545,0.056690113,0.033825139,0.070562595,0.013119509,0.00926191,0.011190709,0.029185238,,,,,,,,,,,,,,,,,,,,,,,,
300K,4.698E+18,0.3501,0.054102921,240K,4.698E+18,,,,,,,,,,,,,300K,4.3935E+18,0.4158,0.060304569,0.1669,0.026143484,0.1188,0.017563572,0.1825,0.027406518,0.037951524,0.018815216,240K,4.3935E+18,0.4782,0.073967517,0.2729,0.044664484,0.059316001,0.014651516,300K,4.698E+18,-0.0198,-0.023529412,-0.01505,-0.014621587,-0.0190755,0.006298783,240K,4.698E+18,,0.078227871,0.274,0.365918803,0.3378,0.359552954,0.1798,0.207693196,0.1317,0.135312853,0.229341135,0.13014775,300K,4.3935E+18,0.0123,0.0178,-0.011,-0.0126,0.0026,0.021496046,240K,4.3935E+18,0.0816,0.094063401,,,0.015069177,,,,,,0.01679651,0.007281692,0.004891946,0.007633482,0.009150907,0.020444299,0.012345069,0.016394684,0.0065536,0.004072521,0.00531306,,0.101918627,0.100145559,0.057848367,0.037688416,0.074400242,0.004949999,0.003513138,0.004231569,0.026199289,,,,,,,,,,,,,,,,,,,,,,,,
310K,4.86E+18,0.2475,0.038247566,250K,4.86E+18,0.3848,0.059538914,0.3739,0.069446508,0.4575,0.079551382,0.0994,0.036905027,,,0.061967639,0.018236228,310K,4.545E+18,0.3971,0.057592458,0.1417,0.022196115,0.089,0.013157895,0.1586,0.02381739,0.034535321,0.019506472,250K,4.545E+18,0.4489,0.069435422,0.2455,0.040180033,0.054807727,0.014627695,310K,4.86E+18,-0.0414,-0.049197861,-0.01692,-0.016438356,-0.032818109,0.023164468,250K,4.86E+18,0.0646,0.059070958,0.202,0.269764957,0.3568,0.379776477,0.1445,0.166916946,0.1292,0.132744272,0.201654722,0.125151765,310K,4.545E+18,0.0035,0.00506,-0.0417,-0.0478,-0.02137,0.037377664,250K,4.545E+18,0.0713,0.082190202,,,0.010653017,0.016583254,0.019342796,0.022157286,0.010279083,0.017090605,0.016041111,0.006182239,0.003664842,0.00663381,0.008130501,0.019191648,0.011105586,0.015148617,0.013702981,0.004578542,0.009140762,0.016452915,0.07513709,0.105778376,0.04649104,0.036972994,0.056166483,0.001408536,0.013317988,0.007363262,0.022892271,,,,,,,,,,,,,,,,,,,,,,,,
,,,,260K,5.022E+18,,,,,,,,,,,,,,,,,,,,,,,,,260K,4.6965E+18,0.3953,0.061144625,0.2254,0.036890344,0.049017484,0.012127141,,,,,,,,,260K,5.022E+18,,0.039685443,0.2807,0.374866453,0.208,0.221394359,0.1013,0.117015132,0.1363,0.140039042,0.178600086,0.127405627,,,,,,,,,260K,4.6965E+18,0.0697,0.080345821,,,,,,,,,,,,,,0.016900108,0.01019633,0.013548219,,,,,0.104410797,0.061664524,0.032591989,0.039004792,0.059418026,,,,0.02237856,,,,,,,,,,,,,,,,,,,,,,,,
,,,,270K,5.184E+18,0.28292,0.043775337,0.3325,0.061757058,0.3738,0.064997392,,,,,0.063377225,0.011432539,,,,,,,,,,,,,270K,4.848E+18,0.354,0.054756381,0.1899,0.031080196,0.042918289,0.011838092,,,,,,,,,270K,5.184E+18,0.0222,0.020299927,0.1674,0.223557692,0.2211,0.235337946,0.142,0.164029109,0.1544,0.15863557,0.160372049,0.085511549,,,,,,,,,270K,4.848E+18,0.0366,0.042190202,,,,0.012192656,0.017201069,0.018103592,,0.015832439,,,,,,0.015134425,0.008590431,0.011862428,,,,0.005654098,0.062267073,0.065548203,0.045686697,0.044184445,0.044668103,,,,0.011751152,,,,,,,,,,,,,,,,,,,,,,,,
,,,,280K,5.346E+18,,,,,,,,,,,,,,,,,,,,,,,,,280K,4.9995E+18,0.3232,0.049992266,0.1433,0.023453355,0.036722811,0.013269455,,,,,,,,,280K,5.346E+18,,0.004160571,0.1785,0.23838141,0.1897,0.201915913,0.129,0.14901236,0.1105,0.113531285,0.141400308,0.090466629,,,,,,,,,280K,4.9995E+18,0.072,0.082997118,,,,,,,,,,,,,,0.013817644,0.006482405,0.010150025,,,,,0.066395894,0.056239232,0.041504112,0.03162164,0.048940219,,,,0.02311702,,,,,,,,,,,,,,,,,,,,,,,,
,,,,290K,5.508E+18,0.19792,0.030623549,0.305,0.056649331,0.3099,0.053886281,,,,,0.055267806,0.014295281,,,,,,,,,,,,,290K,5.151E+18,0.312,0.048259861,0.1186,0.019410802,0.033835331,0.01442453,,,,,,,,,290K,5.508E+18,-0.0131,-0.011978786,0.1691,0.225827992,0.1389,0.147844598,0.1374,0.15871549,0.0906,0.09308538,0.122698935,0.088854024,,,,,,,,,290K,5.151E+18,0.0147,0.016945245,,,,0.008529515,0.015778424,0.015008837,,0.013105592,,,,,,0.013338815,0.005365061,0.009351938,,,,0.003336427,0.062899415,0.041178858,0.044206705,0.025926883,0.035509658,,,,0.004719725,,,,,,,,,,,,,,,,,,,,,,,,
,,,,300K,5.67E+18,,,,,,,,,,,,,,,,,,,,,,,,,300K,5.3025E+18,0.2653,0.04103635,0.0833,0.013633388,0.027334869,0.013701481,,,,,,,,,300K,5.67E+18,,-0.003794807,0.1928,0.257478633,0.2093,0.222778073,0.1654,0.191059258,0.0945,0.097092366,0.152922705,0.10599943,,,,,,,,,300K,5.3025E+18,0.0368,0.042420749,,,,,,,,,,,,,,0.011342268,0.003768209,0.007555239,,,,,0.071715004,0.062049928,0.05321535,0.027042941,0.053505806,,,,0.011815366,,,,,,,,,,,,,,,,,,,,,,,,
,,,,310K,5.832E+18,0.13594,0.021033576,0.2392,0.044427935,0.269,0.046774474,,,,,0.045601205,0.014232569,,,,,,,,,,,,,310K,5.454E+18,0.2229,0.034477958,0.0558,0.00913257,0.021805264,0.012672694,,,,,,,,,310K,5.832E+18,0.0048,0.004389173,0.2031,0.271233974,0.2398,0.25524215,0.1785,0.206191521,0.1127,0.115791637,0.170569691,0.110892107,,,,,,,,,310K,5.454E+18,0.0519,0.059827089,,,,0.005858439,0.012374423,0.013028,,0.010420287,,,,,,0.009529557,0.002524202,0.00602688,,,,0.001222508,0.075546252,0.071092081,0.057430109,0.032251211,0.047508432,,,,0.016663519,,,,,,,,,,,,,,,,,,,,,,,,
,,,,,,,,,,,,,,,,,,,,,,,,,,,,,,,,,,,,,,,,,,,,,,,,,,,,,,,,,,,,,,,,,,,,,,,,,,,,,,,,,,,,,,,,,,,,,,,,,,,,,,,,,,,,,,,,,,,,,,,,,,,,
,,,,,,,,,,,,,,,,,,,,,,,,,,,,,,,,,,,,,,,,,,,,,,,,,,,,,,,,,,,,,,,,,,,,,,,,,,,,,,,,,,,,,,,,,,,,,,,,,,,,,,,,,,,,,,,,,,,,,,,,,,,,
,,,,,,,,,,,,,,,,,,,,,,,,,,,,,,,,,,,,,,,,,,,,,,,,,,,,,,,,,,,,,,,,,,,,,,,,,,,,,,,,,,,,,,,,,,,,,,,,,,,,,,,,,,,,,,,,,,,,,,,,,,,,
,,,,,,,,,,,,,,,,,,,,,,,,,,,,,,,,,,,,,,,,,,,,,,,,,,,,,,,,,,,,,,,,,,,,,,,,,,,,,,,,,,,,,,,,,,,,,,,,,,,,,,,,,,,,,,,,,,,,,,,,,,,,
,,,,,,,,,,,,,,,,,,,,,,,,,,,,,,,,,,,,,,,,,,,,,,,,,,,,,,,,,,,,,,,,,,,,,,,,,,,,,,,,,,,,,,,,,,,,,,,,,,,,,,,,,,,,,,,,,,,,,,,,,,,,
,,,,,,,,,,,,,,,,,,,,,,,,,,,,,,,,,,,,,,,,,,,,,,,,,,,,,,,,,,,,,,,,,,,,,,,,,,,,,,,,,,,,,,,,,,,,,,,,,,,,,,,,,,,,,,,,,,,,,,,,,,,,
,,,,,,,,,,,,,,,,,,,,,,,,,,,,,,,,,,,,,,,,,,,,,,,,,,,,,,,,,,,,,,,,,,,,,,,,,,,,,,,,,,,,,,,,,,,,,,,,,,,,,,,,,,,,,,,,,,,,,,,,,,,,
,,,,,,,,,,,,,,,,,,,,,,,,,,,,,,,,,,,,,,,,,,,,,,,,,,,,,,,,,,,,,,,,,,,,,,,,,,,,,,,,,,,,,,,,,,,,,,,,,,,,,,,,,,,,,,,,,,,,,,,,,,,,
,,,,,,,,,,,,,,,,,,,,,,,,,,,,,,,,,,,,,,,,,,,,,,,,,,,,,,,,,,,,,,,,,,,,,,,,,,,,,,,,,,,,,,,,,,,,,,,,,,,,,,,,,,,,,,,,,,,,,,,,,,,,
,,,,,,,,,,,,,,,,,,,,,,,,,,,,,,,,,,,,,,,,,,,,,,,,,,,,,,,,,,,,,,,,,,,,,,,,,,,,,,,,,,,,,,,,,,,,,,,,,,,,,,,,,,,,,,,,,,,,,,,,,,,,
,,,,,,,,,,,,,,,,,,,,,,,,,,,,,,,,,,,,,,,,,,,,,,,,,,,,,,,,,,,,,,,,,,,,,,,,,,,,,,,,,,,,,,,,,,,,,,,,,,,,,,,,,,,,,,,,,,,,,,,,,,,,
,,,,,,,,,,,,,,,,,,,,,,,,,,,,,,,,,,,,,,,,,,,,,,,,,,,,,,,,,,,,,,,,,,,,,,,,,,,,,,,,,,,,,,,,,,,,,,,,,,,,,,,,,,,,,,,,,,,,,,,,,,,,
,,,,,,,,,,,,,,,,,,,,,,,,,,,,,,,,,,,,,,,,,,,,,,,,,,,,,,,,,,,,,,,,,,,,,,,,,,,,,,,,,,,,,,,,,,,,,,,,,,,,,,,,,,,,,,,,,,,,,,,,,,,,
,,,,,,,,,,,,,,,,,,,,,,,,,,,,,,,,,,,,,,,,,,,,,,,,,,,,,,,,,,,,,,,,,,,,,,,,,,,,,,,,,,,,,,,,,,,,,,,,,,,,,,,,,,,,,,,,,,,,,,,,,,,,
,,,,,,,,,,,,,,,,,,,,,,,,,,,,,,,,,,,,,,,,,,,,,,,,,,,,,,,,,,,,,,,,,,,,,,,,,,,,,,,,,,,,,,,,,,,,,,,,,,,,,,,,,,,,,,,,,,,,,,,,,,,,
,,,,,,,,,,,,,,,,,,,,,,,,,,,,,,,,,,,,,,,,,,,,,,,,,,,,,,,,,,,,,,,,,,,,,,,,,,,,,,,,,,,,,,,,,,,,,,,,,,,,,,,,,,,,,,,,,,,,,,,,,,,,
,,,,,,,,,,,,,,,,,,,,,,,,,,,,,,,,,,,,,,,,,,,,,,,,,,,,,,,,,,,,,,,,,,,,,,,,,,,,,,,,,,,,,,,,,,,,,,,,,,,,,,,,,,,,,,,,,,,,,,,,,,,,
H2CO Production/Sublimation 1500,,,,,,,,,,,,,,,,,,,,,,,,,,,,,,,,,,,,,,,,,,,,,,,,,,,,,,,,,,,,,,,,,,,,,,,,,,,,,,,,,,,,,,,,,,,,,,,,,,,,,,,,,,,,,,,,,,,,,,,,,,,,
100% Methanol,,,,,,,,,,,,,,,,,,,,,,,,,,,,,,,,,,,,,,11-16% Methanol,,,,,,,,,,,,,,,,,,,,,,,,,,,,,,,,,,,,1508 cm-1,,,,,,,,,,,,,,,,,,,,,,,,,,,,,,,,,,,,,,,,,,,,,,,,,,
0min 100W,,,,60min 100W,,,,,,,,,,,,,,0min 50W,,,,,,,,,,,,75min 50W,,,,,,,,0 min 100W,,,,,,,,60 min 100W,,,,,,,,,,,,,,0min 50W,,,,,,,,75min 50W,,,,,,0 min 100W 100%,60 min 100W 100%,,,,,0 min 50W 100%,,,,,75 min 50W 100%,,,0min 100W 11-16%,,,60min 100W 11-16%,,,,,,0min 50W 11-16%,,,75min 50W 11-16%,,,,1500,,,,,,,,,,,,,,,,,,,,
,,110923,,,,101223,,092823 - IR out,,91523,,83123,,102824,,Average,st. dev.,,,010324 -2nd good,,122123 -power surge,,122723 -purge,,121823 -oscillate,,Average,st. dev.,,,010523,,122923 -purge,,Average,st. dev.,,,81524,,81624,,Average,st. dev.,,,71824,,090324 -purge,,92424,,100824 -purge,,101524,,Average,st. dev.,,,82724,,083024 -purge,,Average,st. dev.,,,91724,,,,110923,101223,92823,91523,83123,ave,10324,122123,122723,121823,ave,10524,122923,ave,81524,81624,ave,71824,90324,92424,100824,101524,ave,82724,83024,ave,91724,,,,100%,,,,14-19%,,,,,,,,,,,,,,,,
Temp,Fluence,Integrated Absorbance,Normalized,Time/Temp,Fluence,Integrated Absorbance,Normalized,Integrated Absorbance,Normalized,Integrated Absorbance,Normalized,Integrated Absorbance,Normalized,Integrated Absorbance,Normalized,Normalized,Normalized,Temp,Fluence,Integrated Absorbance,Normalized,Integrated Absorbance,Normalized,Integrated Absorbance,Normalized,Integrated Absorbance,Normalized,Normalized,Normalized,Time/Temp,Fluence,Integrated Absorbance,Normalized,Integrated Absorbance,Normalized,Normalized,Normalized,Temp,Fluence,Integrated Absorbance,Normalized,Integrated Absorbance,Normalized,Normalized,Normalized,Time/Temp,Fluence,Integrated Absorbance,Normalized,Integrated Absorbance,Normalized,Integrated Absorbance,Normalized,Integrated Absorbance,Normalized,Integrated Absorbance,Normalized,Normalized,Normalized,Temp,Fluence,Integrated Absorbance,Normalized,Integrated Absorbance,Normalized,Normalized,Normalized,Time/Temp,Fluence,Integrated Absorbance,Normalized,,,Propagated 1sigma error,Propagated 1sigma error,Propagated 1sigma error,Propagated 1sigma error,Propagated 1sigma error,Propagated 1sigma error,Propagated 1sigma error,Propagated 1sigma error,Propagated 1sigma error,Propagated 1sigma error,Propagated 1sigma error,Propagated 1sigma error,Propagated 1sigma error,Propagated 1sigma error,Propagated 1sigma error,Propagated 1sigma error,Propagated 1sigma error,Propagated 1sigma error,Propagated 1sigma error,Propagated 1sigma error,Propagated 1sigma error,Propagated 1sigma error,Propagated 1sigma error,Propagated 1sigma error,Propagated 1sigma error,Propagated 1sigma error,Propagated 1sigma error,,fluence,normalized absorbance,temp,fluence,norm. int. absorbance,error,temp,fluence,norm. int. absorbance,error,,,,,,,,,,,,,
,,,,,,,,,,,,,,,,,,,,,,,,,,,,,,,,,,,,,,,,,,,,,,,,,,,,,,,,,,,,,,,,,,,,,,,,,,,,,,,,,,,,,,,,,,,,,,,,,,,,,,,,20,1.54E+17,0.005571009,0.001551682,20,1.54E+17,0.02417933,0.00673462,,,,,,,,,,,,,
20K,1.62E+17,0.0446,0.006892289,10,1.62E+17,0.0764,0.011821136,0.01969,0.003657132,0.0294,0.005112154,0.0152,0.005643425,,,0.006863474,0.003607518,20K,1.515E+17,0.0525,0.00761,0.0472,0.007393484,0.0528,0.007806032,0.0463,0.006952996,0.007440628,0.000366158,12.5,1.515E+17,0.0304,0.0047,0.0267,0.00437,0.004535,0.000165,20K,1.62E+17,0.01414,0.016803327,0.01577,0.015321092,0.01606221,0.001048098,10,1.62E+17,0.0227,0.020757132,0.0075,0.010016026,0.0173,0.01841405,0.0235,0.027145662,0.0215,0.022089798,0.022101661,0.006278901,20K,1.515E+17,0.01414,0.020430574,0.0139,0.015938539,0.018184557,0.003176348,12.5,1.515E+17,0.016,0.018443804,,,0.001919695,0.003292517,0.001018614,0.001423878,0.001571852,1.91E-03,0.002120771,0.002059292,0.002174198,0.001936604,0.002072716,0.001299679,0.001207817,0.001253748,0.004680197,0.004267353,0.004473775,0.005781442,0.002789743,0.005128828,0.007560827,0.006152627,0.005482693,0.005690486,0.004439329,0.005064908,0.005137116,,1.62E+17,0.006863474,50,6.17E+17,0.012845324,0.003577782,50,6.17E+17,0.030888821,0.008603401,,,,,,,,,,,,,
30K,3.24E+17,0.0601,0.009287591,20,3.24E+17,0.0817,0.012641188,0.03411,0.006335438,0.0297,0.005164319,0.0179,0.006645875,,,0.008046982,0.003357488,30K,3.03E+17,0.0768,0.0111,0.0637,0.00997807,0.0697,0.010304554,0.063,0.00946088,0.010210876,0.000687025,25,3.03E+17,0.041,0.00634,0.0358,0.00586,0.0061,0.00024,30K,3.24E+17,0.01796,0.02134284,0.01953,0.01897406,0.02015845,0.00167498,20,3.24E+17,0.0341,0.031181419,0.0148,0.019764957,0.0189,0.020117084,0.0286,0.033036849,0.029,0.029795541,0.028532723,0.00634861,30K,3.03E+17,0.01596,0.023060251,0.0157,0.018002523,0.020531387,0.003576354,25,3.03E+17,0.0189,0.021786744,,,0.002586854,0.003520925,0.001764597,0.001438407,0.001851062,2.24E-03,0.003102386,0.002779172,0.002870107,0.00263512,0.002846696,0.001752857,0.00161947,0.001686164,0.005944578,0.005284807,0.005614692,0.008684898,0.005505094,0.005603171,0.009201687,0.008298892,0.007458748,0.006422925,0.005014206,0.005718566,0.006068218,,3.24E+17,0.008046982,100,1.39E+18,0.008877203,0.00247255,70,9.26E+17,0.034944568,0.00973304,,,,,,,,,,,,,
40K,4.86E+17,0.0677,0.010462062,30,4.86E+17,0.0863,0.013352932,0.02797,0.005195022,0.0379,0.006590158,0.015,0.005569169,,,0.008379371,0.003829734,40K,4.545E+17,0.0831,0.0121,0.0694,0.010870927,0.0826,0.012211709,0.0727,0.010917555,0.011525048,0.000730067,37.5,4.545E+17,0.049,0.00758,0.0415,0.00679,0.007185,0.000395,40K,4.86E+17,0.01926,0.022887701,0.02134,0.020732537,0.021810119,0.001523931,30,4.86E+17,0.0362,0.033101683,0.0178,0.023771368,0.0209,0.022245875,0.031,0.035809172,0.0314,0.032261379,0.030854527,0.006037865,40K,4.545E+17,0.0181,0.02615229,0.022,0.025226465,0.025689378,0.000654657,37.5,4.545E+17,0.0225,0.025936599,,,0.002913977,0.003719165,0.001446959,0.001835543,0.001551169,2.33E-03,0.003356878,0.003027857,0.003401303,0.003040845,0.003206721,0.002094878,0.001877319,0.001986099,0.006374865,0.005774592,0.006074728,0.009219745,0.006620991,0.006196099,0.009973856,0.008985697,0.008199278,0.007284145,0.007026276,0.007155211,0.007224069,,4.86E+17,0.008379371,130,1.85E+18,0.001283965,0.00035762,100,1.39E+18,0.007800136,0.008569364,,,,,,,,,,,,,
50K,6.48E+17,0.0689,0.010647504,40,6.48E+17,0.0888,0.013739749,0.03501,0.0065026,0.0381,0.006624935,0.0413,0.015333779,,,0.008955761,0.004649252,50K,6.06E+17,0.0846,0.0123,0.0742,0.011622807,0.087,0.012862212,0.0725,0.010887521,0.011918135,0.000853715,50,6.06E+17,0.049,0.00758,0.0455,0.00745,0.007515,0.000065,50K,6.48E+17,0.01758,0.020891266,0.02213,0.021500049,0.021195658,0.000430475,40,6.48E+17,0.0362,0.033101683,0.0273,0.036458333,0.0255,0.027142097,0.03,0.034654037,0.036,0.036987568,0.032971346,0.003958721,50K,6.06E+17,0.01592,0.023002456,0.0219,0.025111799,0.024057128,0.001491531,50,6.06E+17,0.0267,0.030778098,,,0.002965628,0.003826905,0.001811156,0.00184523,0.004270887,2.49E-03,0.003417472,0.003237277,0.003582486,0.003032479,0.003317428,0.002094878,0.002058265,0.002076572,0.005818802,0.005988365,0.005903584,0.009219745,0.010154666,0.007559834,0.009652119,0.010302073,0.009377687,0.006406828,0.006994339,0.006700583,0.008572562,,6.48E+17,0.008955761,150,2.16E+18,0.002751261,0.000766303,130,1.85E+18,0.012468811,0.003472913,,,,,,,,,,,,,
60K,8.1E+17,0.0642,0.009921187,50,8.1E+17,,,0.04186,0.007774889,0.0404,0.007024865,0.019,0.007054281,,,0.007399877,0.00042479,60K,7.575E+17,0.0788,0.0114,0.0741,0.011607143,0.0866,0.012803075,0.0718,0.0107824,0.011648155,0.000845899,62.5,7.575E+17,0.0514,0.00795,0.0467,0.00764,0.007795,0.000155,60K,8.1E+17,0.01583,0.018811646,0.02074,0.020149616,0.019480631,0.000946088,50,8.1E+17,0.0392,0.035844916,0.0386,0.051549145,0.028,0.029803087,0.031,0.035809172,0.036,0.036987568,0.034611186,0.008081427,60K,7.575E+17,0.01559,0.022525647,0.0203,0.023277147,0.022901397,0.000531391,62.5,7.575E+17,0.031,0.03573487,,,0.002763328,,0.002165524,0.001956622,0.001964815,2.06E-03,0.003183177,0.003232914,0.003566015,0.0030032,0.003246326,0.002197484,0.002112549,0.002155017,0.00523957,0.005612232,0.005425901,0.009983812,0.014357879,0.008300994,0.009973856,0.010302073,0.010583723,0.006274023,0.006483337,0.00637868,0.009953161,,8.1E+17,0.007399877,,,,,150,2.16E+18,0.002770275,0.000771599,,,,,,,,,,,,,
70K,9.72E+17,0.0537,0.008298563,60,9.72E+17,0.0845,0.013074424,0.04314,0.00801263,0.0429,0.007459572,0.0231,0.00857652,,,0.009515542,0.002569872,70K,9.09E+17,0.0713,0.0103,0.068,0.010651629,0.0825,0.012196925,0.0665,0.009986484,0.01078376,0.000980504,75,9.09E+17,0.0515,0.00797,0.0497,0.00813,0.00805,8E-05,70K,9.72E+17,0.01323,0.015721925,0.01902,0.018478578,0.017100252,0.001949248,60,9.72E+17,0.0368,0.033650329,0.0337,0.045005342,0.0288,0.030654604,0.0303,0.035000578,0.0361,0.037090311,0.034098955,0.005407989,70K,9.09E+17,0.0131,0.018927901,0.0233,0.02671712,0.022822511,0.00550781,75,9.09E+17,0.0326,0.037579251,,,0.002311382,0.003641593,0.002231742,0.0020777,0.002388801,2.65E-03,0.00288021,0.002966777,0.003397185,0.002781515,0.003006422,0.00220176,0.002248259,0.002225009,0.004378996,0.005146801,0.004762899,0.009372558,0.012535247,0.008538165,0.00974864,0.01033069,0.01010506,0.00527195,0.007441465,0.006356708,0.010466873,,9.72E+17,0.009515542,,,,,,,,,,,,,,,,,,,,,
80K,1.134E+18,0.0483,0.00746407,20K,1.134E+18,,,,,,,,,,,,,80K,1.0605E+18,0.0635,0.00921,0.0594,0.009304511,0.0741,0.010955056,0.0569,0.008544827,0.009503599,0.001024989,20K,1.0605E+18,0.0557,0.00862,0.0569,0.00931,0.008965,0.000345,80K,1.134E+18,0.0113,0.013428402,0.01711,0.016622948,0.015025675,0.002258885,20K,1.134E+18,,,0.0309,0.041266026,0.0285,0.030335285,0.0311,0.035924685,0.036,0.036987568,0.034415846,0.004499446,80K,1.0605E+18,0.01438,0.020777344,0.0216,0.024767802,0.022772573,0.00282168,20K,1.0605E+18,0.0328,0.037809798,,,0.002078952,,,,,,0.002565124,0.002591567,0.00305129,0.002379973,0.002646988,0.002381321,0.002573963,0.002477642,0.003740186,0.004629956,0.004185071,,0.011493743,0.008449226,0.01000603,0.010302073,0.010062768,0.005787072,0.006898526,0.006342799,0.010531087,,1.296E+18,0.010148862,,,,,,,,,,,,,,,,,,,,,
90K,1.296E+18,0.0369,0.005702364,30K,1.296E+18,0.0801,0.012393625,0.04889,0.009080609,0.0516,0.008972353,0.0279,0.010358654,,,0.010148862,0.001591363,90K,1.212E+18,0.0477,0.00692,0.0458,0.007174185,0.0643,0.009506209,0.0412,0.006187115,0.007446877,0.001435248,30K,1.212E+18,0.0581,0.00899,0.0656,0.0107,0.009845,0.000855,90K,1.296E+18,0.00795,0.009447415,0.01427,0.013863791,0.011655603,0.003122849,30K,1.296E+18,0.0421,0.038496708,0.0363,0.048477564,0.0258,0.027461416,0.0299,0.034538524,0.0349,0.035857392,0.03408851,0.00762099,90K,1.212E+18,0.00898,0.012975004,0.0219,0.025111799,0.019043402,0.00858201,30K,1.212E+18,0.0301,0.034697406,,,0.001588268,0.003451971,0.002529204,0.002499051,0.002885175,2.83E-03,0.001926872,0.001998211,0.002647745,0.001723285,0.002074028,0.002483927,0.002967521,0.002725724,0.00263137,0.003861454,0.003246412,0.01072241,0.013502358,0.007648773,0.009619945,0.009987287,0.010296155,0.003613902,0.006994339,0.00530412,0.009664199,,1.62E+18,0.009623373,,,,,,,,,,,,,,,,,,,,,
100K,1.458E+18,0.0208,0.003214341,40K,1.458E+18,,,,,,,,,,,,,100K,1.3635E+18,0.03,0.00435,0.0334,0.00523183,0.052,0.007687759,0.0306,0.004595285,0.005466219,0.001526941,40K,1.3635E+18,0.059,0.00913,0.073,0.0119,0.010515,0.001385,100K,1.458E+18,0.00629,0.007474747,0.01254,0.012183037,0.009828892,0.003329264,40K,1.458E+18,,,0.0388,0.051816239,0.0279,0.029696647,0.0257,0.029686959,0.0325,0.033391555,0.030925053,0.010590196,100K,1.3635E+18,0.0076,0.010981072,0.0162,0.018575851,0.014778462,0.00537032,40K,1.3635E+18,0.0301,0.034697406,,,0.000895284,,,,,,0.001211869,0.001457211,0.002141256,0.001279915,0.001522563,0.002522404,0.003302272,0.002912338,0.002081926,0.003393317,0.002737622,,0.014432273,0.008271347,0.008268649,0.009300482,0.010068188,0.003058536,0.005173894,0.004116215,0.009664199,,1.944E+18,0.006288712,,,,,,,,,,,,,,,,,,,,,
110K,1.62E+18,0.0109,0.001684438,50K,1.62E+18,0.066,0.010211976,0.05271,0.009790119,0.051,0.008868023,-0.011,-0.004084057,,,0.009623373,0.006876652,110K,1.515E+18,0.0167,0.00242,0.012,0.001879699,0.0384,0.005677114,0.0187,0.002808229,0.003196261,0.001697166,50K,1.515E+18,0.0582,0.009,0.0805,0.0132,0.0111,0.0021,110K,1.62E+18,0.00302,0.003588829,0.01231,0.011959584,0.007774207,0.005919018,50K,1.62E+18,0.0356,0.032553036,0.0417,0.055689103,0.0264,0.028100053,0.0224,0.025875014,0.029,0.029795541,0.029080911,0.012147046,110K,1.515E+18,0.00532,0.00768675,0.0168,0.019263846,0.013475298,0.008186243,50K,1.515E+18,0.0277,0.031930836,,,0.000469163,0.002844321,0.002726822,0.002469993,0.001137524,2.68E-03,0.000674607,0.000523549,0.001581235,0.00078217,0.00089039,0.002488202,0.003641547,0.003064874,0.000999589,0.003331079,0.002165334,0.009066931,0.015510973,0.007826651,0.007206916,0.008298892,0.009582073,0.002140975,0.00536552,0.003753248,0.008893631,,2.268E+18,0.003135923,,,,,,,,,,,,,,,,,,,,,
120K,1.782E+18,0.0088,0.001359913,60K,1.782E+18,,,,,,,,,,,,,120K,1.6665E+18,0.0244,0.00354,0.0143,0.002239975,0.0383,0.00566233,0.0116,0.001742003,0.003296077,0.001750157,60K,1.6665E+18,0.0547,0.00846,0.0788,0.0129,0.01068,0.00222,120K,1.782E+18,0.00299,0.003553179,0.01165,0.011318372,0.007435776,0.005490821,60K,1.782E+18,,,0.041,0.054754274,0.0232,0.024693986,0.018,0.020792422,0.0251,0.025788554,0.023758321,0.015645614,120K,1.6665E+18,0.00341,0.004927034,0.0161,0.018461186,0.01169411,0.009570091,60K,1.6665E+18,0.0269,0.031008646,,,0.000378774,,,,,,0.000985654,0.000623896,0.001577117,0.000485197,0.000917966,0.002338568,0.003564644,0.002951606,0.00098966,0.003152483,0.002071071,,0.015250597,0.006877966,0.005791271,0.007182834,0.008775667,0.001372317,0.005141957,0.003257137,0.008636776,,2.592E+18,-0.000360876,,,,,,,,,,,,,,,,,,,,,
130K,1.944E+18,0.0099,0.001529903,70K,1.944E+18,0.0444,0.006869875,0.0248,0.004606241,0.0425,0.007390019,-0.0199,-0.007388431,,,0.006288712,0.00694453,130K,1.818E+18,0.0307,0.00445,0.0253,0.003963033,0.0481,0.007111177,0.0097,0.001456675,0.004245221,0.002317416,70K,1.818E+18,0.0472,0.0073,0.0793,0.013,0.01015,0.00285,130K,1.944E+18,0.00157,0.001865716,0.0097,0.00942388,0.005644798,0.005344429,70K,1.944E+18,0.0292,0.026700805,0.0233,0.031116453,0.0221,0.023523151,0.0143,0.016518424,0.0239,0.024555635,0.022824504,0.00532171,130K,1.818E+18,0.00345,0.004984829,0.0132,0.015135879,0.010060354,0.007177876,70K,1.818E+18,0.0218,0.025129683,,,0.000426121,0.001913452,0.001282967,0.002058327,0.002057885,1.75E-03,0.001240146,0.001103815,0.001980662,0.000405725,0.001182587,0.002017923,0.003587263,0.002802593,0.000519654,0.002624814,0.001572234,0.007436921,0.008666803,0.006551856,0.004600843,0.006839432,0.006819171,0.001388414,0.004215766,0.00280209,0.00699932,,2.916E+18,-7.10733E-06,,,,,,,,,,,,,,,,,,,,,
140K,2.106E+18,0.0014,0.00021635,80K,2.106E+18,,,,,,,,,,,,,140K,1.9695E+18,0.0262,0.0038,0.0221,0.003461779,0.0471,0.006963335,0.0131,0.001967262,0.004048094,0.002100302,80K,1.9695E+18,0.0374,0.00578,0.0739,0.0121,0.00894,0.00316,140K,2.106E+18,-0.00004,-0.0000475,0.00387,0.003759837,0.001856169,0.002692194,80K,2.106E+18,,,0.0287,0.038327991,0.0178,0.018946248,0.0107,0.01235994,0.0214,0.021987054,0.017764414,0.011039041,140K,1.9695E+18,0.00143,0.002066175,0.0136,0.015594542,0.008830359,0.009566,80K,1.9695E+18,0.02,0.023054755,,,6.02595E-05,,,,,,0.001058366,0.000964202,0.001939484,0.000547938,0.001127497,0.001598948,0.003342985,0.002470966,1.32396E-05,0.00104722,0.00053023,,0.010675418,0.00527706,0.003442589,0.00612401,0.006379769,0.000575488,0.004343516,0.002459502,0.006421394,,3.24E+18,-0.002947366,,,,,,,,,,,,,,,,,,,,,
150K,2.268E+18,-0.017,-0.002627106,90K,2.268E+18,0.0176,0.002723194,0.0109,0.002024517,0.0268,0.004660059,-0.0437,-0.016224846,,,0.003135923,0.009744368,150K,2.121E+18,-0.01,-0.00145,-0.0167,-0.002615915,0.0113,0.001670609,-0.0097,-0.001456675,-0.000962995,0.001839285,90K,2.121E+18,0.0252,0.0039,0.0608,0.00995,0.006925,0.003025,150K,2.268E+18,0.00002,0.0000238,0.00263,0.002555135,0.001289468,0.001789924,90K,2.268E+18,0.0201,0.018379664,0.0233,0.031116453,0.0139,0.014795104,0.0089,0.010280698,0.0171,0.017569095,0.01525614,0.007767132,150K,2.121E+18,0.00105,0.001517122,0.0135,0.015479876,0.008498499,0.009873158,90K,2.121E+18,0.0176,0.020288184,,,0.000731722,0.000758486,0.000563885,0.001297957,0.004519074,8.73E-04,0.000403956,0.000728605,0.000465311,0.000405725,0.0005009,0.001077366,0.002750385,0.001913876,6.6198E-06,0.000711676,0.000359148,0.005119251,0.008666803,0.00412085,0.002863462,0.004893485,0.00513277,0.000422561,0.004311579,0.00236707,0.005650827,,3.564E+18,-0.003031609,,,,,,,,,,,,,,,,,,,,,
160K,2.43E+18,-0.0205,-0.00316798,100K,2.43E+18,,,,,,,,,,,,,160K,2.2725E+18,-0.0063,-0.000914,-0.0189,-0.002960526,0.0062,0.000916617,-0.0118,-0.001772038,-0.001182487,0.001631698,100K,2.2725E+18,0.0124,0.00192,0.053,0.00867,0.005295,0.003375,160K,2.43E+18,-0.00067,-0.000796197,0.00309,0.00300204,0.001102922,0.002685759,100K,2.43E+18,,,0.0212,0.028311966,0.0111,0.011814795,0.0077,0.008894536,0.0152,0.015616973,0.012108768,0.008556341,160K,2.2725E+18,0.00186,0.002687473,0.0131,0.015021213,0.008854343,0.008721271,100K,2.2725E+18,0.0156,0.017982709,,,0.000882371,,,,,,0.000254493,0.000824589,0.000255304,0.000493562,0.000456987,0.000530132,0.00239754,0.001463836,0.000221763,0.000836152,0.000528958,,0.007885675,0.003290751,0.002477377,0.004349764,0.004500892,0.000748536,0.004183828,0.002466182,0.005008688,,3.888E+18,-0.002698438,,,,,,,,,,,,,,,,,,,,,
170K,2.592E+18,-0.0187,-0.002889816,110K,2.592E+18,0.0003,0.0000464,-0.0087,-0.001615899,0.0028,0.000486872,-0.0435,-0.01615059,,,-0.000360876,0.007946612,170K,2.424E+18,-0.0048,-0.000696,-0.016,-0.002506266,0.0095,0.001404494,-0.0097,-0.001456675,-0.000813612,0.001654533,110K,2.424E+18,0.001,0.000155,0.0402,0.00658,0.0033675,0.0032125,170K,2.592E+18,0.0016,0.0019,0.00151,0.001467016,0.001683508,0.000306166,110K,2.592E+18,0.0143,0.013076079,0.0331,0.04420406,0.0113,0.012027674,0.0046,0.005313619,0.0136,0.013973081,0.011097613,0.015193187,170K,2.424E+18,-0.0028,-0.00405,0.0055,0.00631,0.00113,0.007325626,110K,2.424E+18,0.0129,0.014870317,,,0.000804895,1.29287E-05,0.000450073,0.000135607,0.004498391,2.00E-04,0.000193899,0.000698065,0.000391191,0.000405725,0.00042222,4.27526E-05,0.001818511,0.000930632,0.000529203,0.000408605,0.000468904,0.003642054,0.012312068,0.003350044,0.001479992,0.003891894,0.00493521,0.001126829,0.001756569,0.001441699,0.004141799,,4.212E+18,-0.001275905,,,,,,,,,,,,,,,,,,,,,
180K,2.754E+18,-0.0165,-0.002549838,120K,2.754E+18,,,,,,,,,,,,,180K,2.5755E+18,-0.0005,-0.0000725,-0.0149,-0.00233396,0.0109,0.001611473,-0.0081,-0.001216399,-0.000502847,0.001685,120K,2.5755E+18,-0.0062,-0.000959,0.0315,0.00516,0.0021005,0.0030595,180K,2.754E+18,0.0015,0.00178,-0.006,-0.00583,-0.002025,0.005381083,120K,2.754E+18,,,0.0297,0.039663462,0.0078,0.008302288,0.0036,0.004158484,0.0131,0.013459365,0.008640046,0.01597147,180K,2.5755E+18,-0.0045,-0.0065,0.003,0.00344,-0.00153,0.007028641,120K,2.5755E+18,0.0102,0.011757925,,,0.000710201,,,,,,2.01978E-05,0.000650073,0.00044884,0.000338801,0.000364478,0.000265066,0.001424953,0.00084501,0.00049578,0.001623597,0.001059688,,0.011047384,0.00231242,0.001158254,0.00374881,0.004566717,0.001810975,0.000958129,0.001384552,0.003274911,,4.536E+18,-0.001028342,,,,,,,,,,,,,,,,,,,,,
190K,2.916E+18,-0.0147,-0.002271674,130K,2.916E+18,-0.0013,-0.000201145,-0.0039,-0.000724368,0.0052,0.000904191,-0.0207,-0.007685453,,,-7.10733E-06,0.003898732,190K,2.727E+18,0.0024,0.000348,-0.0126,-0.001973684,0.0129,0.001907156,-0.0075,-0.001126295,-0.000211206,0.001707228,130K,2.727E+18,-0.0073,-0.00113,0.0188,0.00308,0.000975,0.002105,190K,2.916E+18,0.0012,0.00143,-0.0049,-0.00476,-0.001665,0.004376991,130K,2.916E+18,0.0114,0.010424287,0.0224,0.02991453,0.00858,0.009132517,0.0028,0.003234377,0.0101,0.010377068,0.008292062,0.010114409,190K,2.727E+18,-0.0019,-0.00275,0.0044,0.00505,0.00115,0.005515433,130K,2.727E+18,0.012,0.013832853,,,0.000632725,5.60245E-05,0.000201757,0.000251842,0.002140614,1.70E-04,9.69496E-05,0.000549726,0.000531196,0.000313705,0.000372894,0.000312094,0.000850448,0.000581271,0.000398295,0.001325937,0.000862116,0.002903456,0.008332034,0.002543662,0.000900864,0.002890304,0.003514064,0.000764634,0.001405255,0.001084945,0.003852837,,4.86E+18,-0.001376673,,,,,,,,,,,,,,,,,,,,,
200K,3.078E+18,-0.0135,-0.002086231,140K,3.078E+18,,,,,,,,,,,,,200K,2.8785E+18,0.0045,0.000653,-0.0105,-0.001644737,0.0157,0.002321112,-0.0047,-0.000705812,0.000155891,0.001724345,140K,2.8785E+18,-0.0102,-0.00158,0.01395,0.00308,0.00075,0.00233,200K,3.078E+18,0.0007,0.000832,-0.0057,-0.00554,-0.002354,0.004505684,140K,3.078E+18,,,0.0211,0.028178419,0.0071,0.007557211,0.0012,0.001386161,0.0048,0.004931676,0.004625016,0.012045111,200K,2.8785E+18,-0.0043,-0.00621,0.0023,0.00264,-0.001785,0.006257895,140K,2.8785E+18,0.0078,0.008991354,,,0.000581074,,,,,,0.00018178,0.000458105,0.000646495,0.000196588,0.000370742,0.000436077,,0.000436077,0.000231735,0.001542417,0.000887076,,0.007848478,0.002104895,0.000386085,0.00137361,0.002928267,0.001730487,0.000734565,0.001232526,0.002504344,,5.184E+18,-0.001026654,,,,,,,,,,,,,,,,,,,,,
210K,3.24E+18,-0.0114,-0.001761706,150K,3.24E+18,-0.0089,-0.001377069,-0.0254,-0.004717682,-0.0158,-0.002747348,-0.0124,-0.004603846,,,-0.002947366,0.001601853,210K,3.03E+18,0.0103,0.00149,-0.0094,-0.001472431,0.0154,0.002276759,-0.0046,-0.000690794,0.000400884,0.001770701,150K,3.03E+18,-0.0235,-0.00363,0.0091,0.00149,-0.00107,0.00256,210K,3.24E+18,0.0019,0.00226,-0.0064,-0.00622,-0.00198,0.005996266,150K,3.24E+18,0.0068,0.006217996,0.0141,0.018830128,0.0021,0.002235232,-0.0007,-0.000808594,0.0023,0.002363095,0.002501932,0.007716008,210K,3.03E+18,-0.0029,-0.00419,-0.0019,-0.00218,-0.003185,0.001421285,150K,3.03E+18,0.004,0.004610951,,,0.000490684,0.000383552,0.001314006,0.000765213,0.0012823,8.21E-04,0.000416075,0.000410113,0.000634141,0.000192406,0.000413184,0.001004686,0.000411653,0.00070817,0.000629473,0.001731836,0.001180655,0.001731886,0.005244718,0.000622575,0.000225216,0.000658188,0.001696516,0.001167073,0.000606815,0.000886944,0.001284279,,5.508E+18,-0.000955482,,,,,,,,,,,,,,,,,,,,,
220K,3.402E+18,-0.0113,-0.001746253,160K,3.402E+18,,,,,,,,,,,,,220K,3.1815E+18,0.0091,0.00132,-0.0113,-0.00177005,0.0158,0.002335896,-0.0025,-0.000375432,0.000377604,0.001816819,160K,3.1815E+18,-0.0234,-0.00362,0.0057,0.000933,-0.0013435,0.0022765,220K,3.402E+18,0.0004,0.000475,-0.0031,-0.00301,-0.0012675,0.002464267,160K,3.402E+18,,,0.0057,0.007612179,0.0006,0.000638638,-0.003,-0.003465404,0.0036,0.003698757,0.000290664,0.004692109,220K,3.1815E+18,-0.0011,-0.00159,0.0024,0.00275,0.00058,0.003068843,160K,3.1815E+18,0.0016,0.00184438,,,0.00048638,,,,,,0.0003676,0.000493008,0.000650612,0.000104568,0.000403947,0.001000411,0.000257849,0.00062913,0.000132301,0.000838858,0.000485579,,0.002120205,0.000177878,0.000965212,0.001030207,0.001073376,0.000442683,0.000766503,0.000604593,0.000513712,,5.832E+18,-0.000501707,,,,,,,,,,,,,,,,,,,,,
230K,3.564E+18,-0.0091,-0.001406274,170K,3.564E+18,-0.0112,-0.001732941,-0.0255,-0.004736256,-0.0151,-0.00262563,-0.0127,-0.00471523,,,-0.003031609,0.001514718,230K,3.333E+18,0.0065,0.000943,-0.0092,-0.001441103,0.0182,0.002690716,-0.0042,-0.000630725,0.000390472,0.001825187,170K,3.333E+18,-0.0212,-0.00328,0.0019,0.000311,-0.0014845,0.0017955,230K,3.564E+18,0.0011,0.00131,-0.0033,-0.00321,-0.00095,0.003196123,170K,3.564E+18,0.004,0.003657644,0.0011,0.001469017,-0.0005,-0.000532198,-0.0029,-0.00334989,0.0009,0.000924689,0.000175061,0.002595924,230K,3.333E+18,-0.002,-0.00289,0.0049,0.00562,0.001365,0.006017479,170K,3.333E+18,-0.0007,-0.000806916,,,0.000391687,0.000482673,0.00131918,0.000731312,0.001313323,8.44E-04,0.000262572,0.000401387,0.00074944,0.000175675,0.000397268,0.000906355,8.59495E-05,0.000496152,0.000364872,0.000892978,0.000628925,0.001018756,0.000409162,0.000148232,0.000933038,0.000257552,0.000553348,0.000804878,0.001564943,0.001184911,0.000224749,,,,,,,,,,,,,,,,,,,,,,,,
240K,3.726E+18,-0.0118,-0.00182352,180K,3.726E+18,,,,,,,,,,,,,240K,3.4845E+18,0.0129,0.00187,-0.0081,-0.001268797,0.0205,0.003030751,-0.0046,-0.000690794,0.00073529,0.002049942,180K,3.4845E+18,-0.0184,-0.00285,-0.0091,-0.00149,-0.00217,0.00068,240K,3.726E+18,0.0014,0.00166,-0.0023,-0.00223,-0.000285,0.002750645,180K,3.726E+18,,,-0.0058,-0.007745726,0.0017,0.001809473,-0.0014,-0.001617188,0.0006,0.000616459,0.000269581,0.004251877,240K,3.4845E+18,-0.0021,-0.00303,0.0025,0.00287,-0.00008,0.00417193,180K,3.4845E+18,0.0015,0.001729107,,,0.000507901,,,,,,0.000521104,0.000353395,0.000844149,0.000192406,0.000477763,0.000786648,0.000411653,0.000599151,0.000462356,0.000622379,0.000542368,,0.002157402,0.000503989,0.000450432,0.000171701,0.000820881,0.000845122,0.00079844,0.000821781,0.000481605,,,,,,,,,,,,,,,,,,,,,,,,
250K,3.888E+18,-0.0112,-0.001730799,190K,3.888E+18,-0.0091,-0.001408015,-0.0258,-0.004791976,-0.0109,-0.001895323,0.0019,0.000705428,,,-0.002698438,0.002264422,250K,3.636E+18,0.014,0.00203,-0.0063,-0.000986842,0.0228,0.003370787,-0.0017,-0.000255294,0.001039663,0.002016477,190K,3.636E+18,-0.0168,-0.0026,-0.0101,-0.00165,-0.002125,0.000475,250K,3.888E+18,0.0023,0.00273,-0.003,-0.00291,-0.00009,0.003988082,190K,3.888E+18,0.0026,0.002377469,0.0004,0.000534188,0.0017,0.001809473,-0.0019,-0.002194756,0.0006,0.000616459,0.000652161,0.001763051,250K,3.636E+18,-0.0008,-0.00116,-0.0034,-0.0039,-0.00253,0.001937473,190K,3.636E+18,0.0014,0.001613833,,,0.000482076,0.000392172,0.001334699,0.0005279,0.000196481,7.52E-04,0.000565539,0.000274863,0.000938858,7.11064E-05,0.000462592,0.000718244,0.00045689,0.000587567,0.000760381,0.000811798,0.00078609,0.000662192,0.000148786,0.000503989,0.000611301,0.000171701,0.000419594,0.000321951,0.001085879,0.000703915,0.000449498,,,,,,,,,,,,,,,,,,,,,,,,
260K,4.05E+18,-0.0076,-0.001174471,200K,4.05E+18,,,,,,,,,,,,,260K,3.7875E+18,0.0167,0.00242,-0.0048,-0.00075188,0.0243,0.003592549,-0.0016,-0.000240276,0.001255098,0.002088443,200K,3.7875E+18,-0.0147,-0.00227,-0.0098,-0.0016,-0.001935,0.000335,260K,4.05E+18,0.0025,0.00297,-0.0036,-0.0035,-0.000265,0.004574981,200K,4.05E+18,,,-0.0013,-0.001736111,0.0025,0.00266099,-0.0011,-0.001270648,0.0004,0.000410973,0.000600438,0.001989751,260K,3.7875E+18,0.0016,0.00231,-0.0026,-0.00298,-0.000335,0.003740595,200K,3.7875E+18,-0.0002,-0.000230548,,,0.000327123,,,,,,0.000674607,0.00020942,0.001000625,6.69237E-05,0.000487894,0.000628463,0.000443319,0.000535891,0.000827228,0.000974158,0.000900693,,0.000483556,0.00074116,0.000353911,0.000114467,0.000423274,0.000643902,0.000830378,0.00073714,6.42139E-05,,,,,,,,,,,,,,,,,,,,,,,,
270K,4.212E+18,-0.0077,-0.001189924,210K,4.212E+18,-0.0093,-0.00143896,,,-0.0064,-0.00111285,-0.0021,-0.000779684,,,-0.001275905,0.000329644,270K,3.939E+18,0.0198,0.00287,-0.0061,-0.000955514,0.0255,0.003769959,0.0006,0.0000901,0.001443636,0.002238621,210K,3.939E+18,-0.0145,-0.00224,-0.0093,-0.00152,-0.00188,0.00036,270K,4.212E+18,0.0032,0.0038,-0.0032,-0.00311,0.000345,0.004886108,210K,4.212E+18,0.0032,0.002926116,0.0118,0.015758547,0.0039,0.004151144,0.0014,0.001617188,0.0019,0.001952122,0.002661642,0.005939402,270K,3.939E+18,0.0009,0.0013,0.0013,0.00149,0.001395,0.00013435,210K,3.939E+18,0.0036,0.004149856,,,0.000331427,0.000400791,0.001095178,0.00030996,0.000217164,6.02E-04,0.000799834,0.000266137,0.001050039,2.50964E-05,0.000535277,0.000619913,0.0004207,0.000520307,0.001058406,0.000865918,0.000962162,0.000815005,0.004389196,0.00115621,0.000450432,0.000543721,0.001470913,0.000362195,0.000415189,0.000388692,0.001155851,,,,,,,,,,,,,,,,,,,,,,,,
280K,4.374E+18,-0.0069,-0.001066296,220K,4.374E+18,,,,,,,,,,,,,280K,4.0905E+18,0.0194,0.00281,-0.006,-0.00093985,0.0267,0.003947368,0.0004,0.0000601,0.001469405,0.002289698,220K,4.0905E+18,-0.0136,-0.0021,0.0048,0.000786,-0.000657,0.001443,280K,4.374E+18,0.0024,0.00285,-0.0048,-0.00466,-0.000905,0.005310372,220K,4.374E+18,,,0.0007,0.000934829,0.0031,0.003299627,0.0021,0.002425783,0.0022,0.002260351,0.00266192,0.000976528,280K,4.0905E+18,0.0009,0.0013,0.0006,0.000688,0.000994,0.000432749,220K,4.0905E+18,0.003,0.003458213,,,0.000296993,,,,,,0.000783676,0.000261774,0.001099453,1.67309E-05,0.000540408,0.000581436,0.000217136,0.000399286,0.000793805,0.001298877,0.001046341,,0.000260376,0.000919039,0.000675648,0.000629571,0.000621159,0.000362195,0.000191626,0.00027691,0.000963209,,,,,,,,,,,,,,,,,,,,,,,,
290K,4.536E+18,-0.0059,-0.00091176,230K,4.536E+18,-0.0061,-0.000943834,,,-0.0064,-0.00111285,0.0246,0.009133437,,,-0.001028342,0.005867514,290K,4.242E+18,0.0197,0.00286,-0.0049,-0.000767544,0.0275,0.004065642,0.0022,0.00033038,0.00162212,0.002227273,230K,4.242E+18,-0.0128,-0.00198,0.0083,0.00136,-0.00031,0.00167,290K,4.536E+18,0.0033,0.00392,-0.0036,-0.0035,0.00021,0.005246732,230K,4.536E+18,0.0039,0.003566203,0.0003,0.000400641,0.0041,0.004364023,0.0014,0.001617188,0.0002,0.000205486,0.002438225,0.001868265,290K,4.242E+18,0.0015,0.00217,0.0047,0.00539,0.00378,0.002276884,230K,4.242E+18,0.0028,0.003227666,,,0.000253951,0.000262884,0.000424207,0.00030996,0.002543918,3.32E-04,0.000795794,0.000213782,0.001132395,9.20201E-05,0.000558498,0.000547233,0.000375464,0.000461349,0.00109183,0.000974158,0.001032994,0.000993287,0.00011159,0.001215503,0.000450432,5.72337E-05,0.000565609,0.000603658,0.001501068,0.001052363,0.000898995,,,,,,,,,,,,,,,,,,,,,,,,
300K,4.698E+18,-0.0057,-0.000880853,240K,4.698E+18,,,,,,,,,,,,,300K,4.3935E+18,0.0241,0.0035,-0.0045,-0.000704887,0.0295,0.004361325,0.0017,0.000255294,0.001852933,0.002456268,240K,4.3935E+18,-0.013,-0.00201,0.0005,0.0000818,-0.0009641,0.0010459,300K,4.698E+18,0.0037,0.0044,-0.0002,-0.000194,0.002103,0.003248449,240K,4.698E+18,,,0.0074,0.009882479,0.0051,0.005428419,0.0008,0.000924108,0.0036,0.003698757,0.003350428,0.003756203,300K,4.3935E+18,-0.0009,-0.0013,-0.0012,-0.00138,-0.00134,5.65685E-05,240K,4.3935E+18,0.0014,0.001613833,,,0.000245342,,,,,,0.000973535,0.000196331,0.001214751,7.11064E-05,0.000613931,0.000555784,2.26183E-05,0.000289201,0.001225523,5.41199E-05,0.000639822,,0.002752547,0.001511967,0.00025739,0.001030207,0.001388028,0.000362195,0.000383251,0.000372723,0.000449498,,,,,,,,,,,,,,,,,,,,,,,,
310K,4.86E+18,-0.0058,-0.000896307,250K,4.86E+18,-0.0032,-0.000495126,-0.0162,-0.003008915,-0.0036,-0.000625978,0.0135,0.005012252,,,-0.001376673,0.003396992,310K,4.545E+18,0.0228,0.00331,-0.0039,-0.000610902,0.0308,0.004553519,,,0.002417539,0.002695399,250K,4.545E+18,-0.011,-0.0017,-0.0002,-0.0000327,-0.00086635,0.00083365,310K,4.86E+18,0.0026,0.00309,-0.0019,-0.00185,0.00062,0.003493107,250K,4.86E+18,0.0028,0.002560351,-0.0035,-0.004674145,0.0031,0.003299627,0.001,0.001155135,0.0033,0.003390527,0.00260141,0.003374558,310K,4.545E+18,0.0018,0.0026,0.0009,0.00103,0.001815,0.001110158,250K,4.545E+18,0.002,0.002305476,,,0.000249646,0.000137906,0.000838067,0.000174352,0.001396052,3.83E-04,0.000921021,0.000170153,0.001268282,1.67309E-05,0.000594047,0.000470279,9.04732E-06,0.000239663,0.000860651,0.000514139,0.000687395,0.000713129,0.00130188,0.000919039,0.000321737,0.000944357,0.000840028,0.00072439,0.000287439,0.000505914,0.000642139,,,,,,,,,,,,,,,,,,,,,,,,
,,,,260K,5.022E+18,,,,,,,,,,,,,,,,,,,,,,,,,260K,4.6965E+18,-0.0099,-0.00153,0.0025,0.000409,-0.0005605,0.0009695,,,,,,,,,260K,5.022E+18,,,0.0016,0.002136752,0.0061,0.006492815,0.0015,0.001732702,0.0036,0.003698757,0.003974758,0.002158495,,,,,,,,,260K,4.6965E+18,0.0011,0.001268012,,,,,,,,,,,,,,0.000423251,0.000113092,0.000268171,,,,,0.000595145,0.001808431,0.000482606,0.001030207,0.000979097,,,,0.000353177,,,,,,,,,,,,,,,,,,,,,,,,
,,,,270K,5.184E+18,-0.0018,-0.000278508,-0.0119,-0.002210253,-0.0034,-0.000591202,,,,,-0.001026654,0.001036882,,,,,,,,,,,,,270K,4.848E+18,-0.0075,-0.00116,0.0053,0.000867,-0.0001465,0.0010135,,,,,,,,,270K,5.184E+18,0.00284,0.002596928,0.0001,0.000133547,0.0053,0.005641299,0.0006,0.000693081,0.0025,0.002568581,0.002874972,0.002156196,,,,,,,,,270K,4.848E+18,0.0017,0.001959654,,,,7.75724E-05,0.000615617,0.000164666,,2.86E-04,,,,,,0.000320645,0.000239754,0.000280199,,,,0.000723317,3.71966E-05,0.00157126,0.000193042,0.000715422,0.000648047,,,,0.000545819,,,,,,,,,,,,,,,,,,,,,,,,
,,,,280K,5.346E+18,,,,,,,,,,,,,,,,,,,,,,,,,280K,4.9995E+18,-0.0084,-0.0013,0.0089,0.00146,0.00008,0.00138,,,,,,,,,280K,5.346E+18,,,0,0,0.0047,0.005002661,0.0009,0.001039621,0.0009,0.000924689,0.002322324,0.002223196,,,,,,,,,280K,4.9995E+18,0.0026,0.002997118,,,,,,,,,,,,,,0.000359122,0.000402606,0.000380864,,,,,3.71966E-06,0.001393381,0.000289564,0.000257552,0.000486054,,,,0.000834781,,,,,,,,,,,,,,,,,,,,,,,,
,,,,290K,5.508E+18,-0.0007,-0.000108309,-0.01382,-0.002566865,-0.0011,-0.000191271,,,,,-0.000955482,0.001396115,,,,,,,,,,,,,290K,5.151E+18,-0.0064,-0.00099,0.0135,0.00221,0.00061,0.0016,,,,,,,,,290K,5.508E+18,0.00218,0.001993416,0.0004,0.000534188,0.0052,0.005534859,0.0013,0.001501675,-0.0002,-0.000205486,0.002206116,0.002217775,,,,,,,,,290K,5.151E+18,0.0054,0.006224784,,,,3.0167E-05,0.000714944,5.32743E-05,,2.66E-04,,,,,,0.000273617,0.000610694,0.000442155,,,,0.000555222,0.000148786,0.001541613,0.000418258,5.72337E-05,0.000544223,,,,0.001733776,,,,,,,,,,,,,,,,,,,,,,,,
,,,,300K,5.67E+18,,,,,,,,,,,,,,,,,,,,,,,,,300K,5.3025E+18,-0.008,-0.00124,0.0181,0.00296,0.00086,0.0021,,,,,,,,,300K,5.67E+18,,,0.0002,0.000267094,0.0059,0.006279936,0.0002,0.000231027,-0.0002,-0.000205486,0.002101826,0.003098648,,,,,,,,,300K,5.3025E+18,0.0045,0.00518732,,,,,,,,,,,,,,0.000342021,0.000818783,0.000580402,,,,,7.43932E-05,0.001749138,6.43475E-05,5.72337E-05,0.000486278,,,,0.001444814,,,,,,,,,,,,,,,,,,,,,,,,
,,,,310K,5.832E+18,0.0016,0.000247563,-0.00513,-0.000952823,-0.0046,-0.000799861,,,,,-0.000501707,0.000653379,,,,,,,,,,,,,310K,5.454E+18,-0.0074,-0.00114,0.017,0.00278,0.00082,0.00196,,,,,,,,,310K,5.832E+18,0.0046,0.004206291,-0.0009,-0.001201923,0.0055,0.005854178,-0.0007,-0.000808594,0.0016,0.001643892,0.002723942,0.00308103,,,,,,,,,310K,5.454E+18,0.0059,0.006801153,,,,6.89532E-05,0.000265388,0.000222784,,1.86E-04,,,,,,0.000316369,0.000769022,0.000542696,,,,0.00117157,0.000334769,0.001630552,0.000225216,0.00045787,0.000763995,,,,0.001894311,,,,,,,,,,,,,,,,,,,,,,,,
,,,,,,,,,,,,,,,,,,,,,,,,,,,,,,,,,,,,,,,,,,,,,,,,,,,,,,,,,,,,,,,,,,,,,,,,,,,,,,,,,,,,,,,,,,,,,,,,,,,,,,,,,,,,,,,,,,,,,,,,,,,,
,,,,,,,,,,,,,,,,,,,,,,,,,,,,,,,,,,,,,,,,,,,,,,,,,,,,,,,,,,,,,,,,,,,,,,,,,,,,,,,,,,,,,,,,,,,,,,,,,,,,,,,,,,,,,,,,,,,,,,,,,,,,
,,,,,,,,,,,,,,,,,,,,,,,,,,,,,,,,,,,,,,,,,,,,,,,,,,,,,,,,,,,,,,,,,,,,,,,,,,,,,,,,,,,,,,,,,,,,,,,,,,,,,,,,,,,,,,,,,,,,,,,,,,,,
,,,,,,,,,,,,,,,,,,,,,,,,,,,,,,,,,,,,,,,,,,,,,,,,,,,,,,,,,,,,,,,,,,,,,,,,,,,,,,,,,,,,,,,,,,,,,,,,,,,,,,,,,,,,,,,,,,,,,,,,,,,,
,,,,,,,,,,,,,,,,,,,,,,,,,,,,,,,,,,,,,,,,,,,,,,,,,,,,,,,,,,,,,,,,,,,,,,,,,,,,,,,,,,,,,,,,,,,,,,,,,,,,,,,,,,,,,,,,,,,,,,,,,,,,
,,,,,,,,,,,,,,,,,,,,,,,,,,,,,,,,,,,,,,,,,,,,,,,,,,,,,,,,,,,,,,,,,,,,,,,,,,,,,,,,,,,,,,,,,,,,,,,,,,,,,,,,,,,,,,,,,,,,,,,,,,,,
,,,,,,,,,,,,,,,,,,,,,,,,,,,,,,,,,,,,,,,,,,,,,,,,,,,,,,,,,,,,,,,,,,,,,,,,,,,,,,,,,,,,,,,,,,,,,,,,,,,,,,,,,,,,,,,,,,,,,,,,,,,,
,,,,,,,,,,,,,,,,,,,,,,,,,,,,,,,,,,,,,,,,,,,,,,,,,,,,,,,,,,,,,,,,,,,,,,,,,,,,,,,,,,,,,,,,,,,,,,,,,,,,,,,,,,,,,,,,,,,,,,,,,,,,
,,,,,,,,,,,,,,,,,,,,,,,,,,,,,,,,,,,,,,,,,,,,,,,,,,,,,,,,,,,,,,,,,,,,,,,,,,,,,,,,,,,,,,,,,,,,,,,,,,,,,,,,,,,,,,,,,,,,,,,,,,,,
,,,,,,,,,,,,,,,,,,,,,,,,,,,,,,,,,,,,,,,,,,,,,,,,,,,,,,,,,,,,,,,,,,,,,,,,,,,,,,,,,,,,,,,,,,,,,,,,,,,,,,,,,,,,,,,,,,,,,,,,,,,,
,,,,,,,,,,,,,,,,,,,,,,,,,,,,,,,,,,,,,,,,,,,,,,,,,,,,,,,,,,,,,,,,,,,,,,,,,,,,,,,,,,,,,,,,,,,,,,,,,,,,,,,,,,,,,,,,,,,,,,,,,,,,
,,,,,,,,,,,,,,,,,,,,,,,,,,,,,,,,,,,,,,,,,,,,,,,,,,,,,,,,,,,,,,,,,,,,,,,,,,,,,,,,,,,,,,,,,,,,,,,,,,,,,,,,,,,,,,,,,,,,,,,,,,,,
,,,,,,,,,,,,,,,,,,,,,,,,,,,,,,,,,,,,,,,,,,,,,,,,,,,,,,,,,,,,,,,,,,,,,,,,,,,,,,,,,,,,,,,,,,,,,,,,,,,,,,,,,,,,,,,,,,,,,,,,,,,,
,,,,,,,,,,,,,,,,,,,,,,,,,,,,,,,,,,,,,,,,,,,,,,,,,,,,,,,,,,,,,,,,,,,,,,,,,,,,,,,,,,,,,,,,,,,,,,,,,,,,,,,,,,,,,,,,,,,,,,,,,,,,
,,,,,,,,,,,,,,,,,,,,,,,,,,,,,,,,,,,,,,,,,,,,,,,,,,,,,,,,,,,,,,,,,,,,,,,,,,,,,,,,,,,,,,,,,,,,,,,,,,,,,,,,,,,,,,,,,,,,,,,,,,,,
,,,,,,,,,,,,,,,,,,,,,,,,,,,,,,,,,,,,,,,,,,,,,,,,,,,,,,,,,,,,,,,,,,,,,,,,,,,,,,,,,,,,,,,,,,,,,,,,,,,,,,,,,,,,,,,,,,,,,,,,,,,,
,,,,,,,,,,,,,,,,,,,,,,,,,,,,,,,,,,,,,,,,,,,,,,,,,,,,,,,,,,,,,,,,,,,,,,,,,,,,,,,,,,,,,,,,,,,,,,,,,,,,,,,,,,,,,,,,,,,,,,,,,,,,
H2CO Production/Sublimation 1248,,,,,,,,,,,,,,,,,,,,,,,,,,,,,,,,,,,,,,,,,,,,,,,,,,,,,,,,,,,,,,,,,,,,,,,,,,,,,,,,,,,,,,,,,,,,,,,,,,,,,,,,,,,,,,,,,,,,,,,,,,,,
100% Methanol,,,,,,,,,,,,,,,,,,,,,,,,,,,,,,,,,,,,,,11-16% Methanol,,,,,,,,,,,,,,,,,,,,,,,,,,,,,,,,,,,,1248 cm-1,,,,,,,,,,,,,,,,,,,,,,,,,,,,,,,,,,,,,,,,,,,,,,,,,,
0min 100W,,,,60min 100W,,,,,,,,,,,,,,0min 50W,,,,,,,,,,,,75min 50W,,,,,,,,0 min 100W,,,,,,,,60 min 100W,,,,,,,,,,,,,,0min 50W,,,,,,,,75min 50W,,,,,,0 min 100W 100%,60 min 100W 100%,,,,,0 min 50W 100%,,,,,75 min 50W 100%,,,0min 100W 11-16%,,,60min 100W 11-16%,,,,,,0min 50W 11-16%,,,75min 50W 11-16%,,,,1248,,,,,,,,,,,,,,,,,,,,
,,110923,,,,101223,,092823 - IR out,,91523,,83123,,102824,,Average,st. dev.,,,010324 -2nd good,,122123 -power surge,,122723 -purge,,121823 -oscillate,,Average,st. dev.,,,010523,,122923 -purge,,Average,st. dev.,,,81524,,81624,,Average,st. dev.,,,71824,,090324 -purge,,92424,,100824 -purge,,101524,,Average,st. dev.,,,82724-purge,,083024 -purge,,Average,st. dev.,,,91724,,,,110923,101223,92823,91523,83123,ave,10324,122123,122723,121823,ave,10524,122923,ave,81524,81624,ave,71824,90324,92424,100824,101524,ave,82724,83024,ave,91724,,,,100%,,,,14-19%,,,,,,,,,,,,,,,,
Temp,Fluence,Integrated Absorbance,Normalized,Time/Temp,Fluence,Integrated Absorbance,Normalized,Integrated Absorbance,Normalized,Integrated Absorbance,Normalized,Integrated Absorbance,Normalized,Integrated Absorbance,Normalized,Normalized,Normalized,Temp,Fluence,Integrated Absorbance,Normalized,Integrated Absorbance,Normalized,Integrated Absorbance,Normalized,Integrated Absorbance,Normalized,Normalized,Normalized,Time/Temp,Fluence,Integrated Absorbance,Normalized,Integrated Absorbance,Normalized,Normalized,Normalized,Temp,Fluence,Integrated Absorbance,Normalized,Integrated Absorbance,Normalized,Normalized,Normalized,Time/Temp,Fluence,Integrated Absorbance,Normalized,Integrated Absorbance,Normalized,Integrated Absorbance,Normalized,Integrated Absorbance,Normalized,Integrated Absorbance,Normalized,Normalized,Normalized,Temp,Fluence,Integrated Absorbance,Normalized,Integrated Absorbance,Normalized,Normalized,Normalized,Time/Temp,Fluence,Integrated Absorbance,Normalized,,,Propagated 1sigma error,Propagated 1sigma error,Propagated 1sigma error,Propagated 1sigma error,Propagated 1sigma error,Propagated 1sigma error,Propagated 1sigma error,Propagated 1sigma error,Propagated 1sigma error,Propagated 1sigma error,Propagated 1sigma error,Propagated 1sigma error,Propagated 1sigma error,Propagated 1sigma error,Propagated 1sigma error,Propagated 1sigma error,Propagated 1sigma error,Propagated 1sigma error,Propagated 1sigma error,Propagated 1sigma error,Propagated 1sigma error,Propagated 1sigma error,Propagated 1sigma error,Propagated 1sigma error,Propagated 1sigma error,Propagated 1sigma error,Propagated 1sigma error,,fluence,normalized absorbance,temp,fluence,norm. int. absorbance,error,temp,fluence,norm. int. absorbance,error,,,,,,,,,,,,,
,,,,,,,,,,,,,,,,,,,,,,,,,,,,,,,,,,,,,,,,,,,,,,,,,,,,,,,,,,,,,,,,,,,,,,,,,,,,,,,,,,,,,,,,,,,,,,,,,,,,,,,,20,1.54E+17,0.003514202,0.000170957,20,1.54E+17,0.006951557,0.000338176,,,,,,,,,,,,,
20K,1.62E+17,0.01576,0.002435481,10,1.62E+17,0.03342,0.005170973,0.01306,0.002425706,0.01266,0.002201356,0.00356,0.001321749,,,0.003266012,0.001663691,20K,1.515E+17,0.01473,0.00214,0.01252,0.001961153,0.01456,0.002152572,0.0152,0.002282625,0.002134088,0.000132094,12.5,1.515E+17,0.0132,0.00204,0.01196,0.00196,0.002,4E-05,20K,1.62E+17,0.00405,0.00481,0.00375,0.00364,0.004225,0.000827315,10,1.62E+17,0.0026,0.00238,0.00272,0.00363,0.00386,0.004108568,0.00437,0.005047938,0.00442,0.004541251,0.004565919,0.001018226,20K,1.515E+17,0.00312,0.00451,0.00341,0.003910102,0.004210051,0.000424192,12.5,1.515E+17,0.00189,0.002178674,,,0.00011848,0.000251555,0.000118004,0.00010709,6.42997E-05,0.000135237,0.000103927,0.000103927,0.000104717,0.000111044,0.000105904,9.93266E-05,9.52248E-05,9.72757E-05,0.000234132,0.000177235,0.000205684,0.000115658,0.000176711,0.000199871,0.000245569,0.00022092,0.000191746,0.000219304,0.000109333,0.000164318,0.000105987,,1.62E+17,0.003266012,50,6.17E+17,0.003955036,0.000192402,50,6.17E+17,0.012478265,0.000607036,,,,,,,,,,,,,
30K,3.24E+17,0.01926,0.002976356,20,3.24E+17,0.03532,0.005464954,0.01604,0.002979198,0.01438,0.002500435,0.00657,0.002439296,,,0.003345971,0.001433132,30K,3.03E+17,0.01801,0.00261,0.01549,0.002426378,0.01896,0.002803075,0.01868,0.002805226,0.00266117,0.000181324,25,3.03E+17,0.0187,0.00289,0.01621,0.00265,0.00277,0.00012,30K,3.24E+17,0.0057,0.00677,0.00486,0.00472,0.005745,0.001449569,20,3.24E+17,0.003,0.00274,0.00311,0.00415,0.00476,0.005066525,0.00571,0.006595818,0.00632,0.006493373,0.006051905,0.001628719,30K,3.03E+17,0.00368,0.00532,0.00482,0.005526889,0.005423445,0.000146293,25,3.03E+17,0.00368,0.004242075,,,0.000144792,0.000265856,0.00014493,0.00012164,0.000118666,0.000162773,0.000127069,0.000127069,0.000136362,0.000136467,0.000131742,0.000140713,0.000129063,0.000134888,0.000329519,0.000229696,0.000279608,0.000133451,0.000202048,0.000246473,0.00032087,0.000315886,0.000243746,0.000258666,0.000195795,0.00022723,0.000206366,,3.24E+17,0.003345971,100,1.39E+18,0.00143238,6.96817E-05,70,9.26E+17,0.014146341,0.000688183,,,,,,,,,,,,,
40K,4.86E+17,0.0189,0.002920723,30,4.86E+17,0.03469,0.005367476,0.01924,0.003573551,0.01783,0.00310033,0.00503,0.001867528,,,0.003477221,0.001450919,40K,4.545E+17,0.01886,0.00274,0.01712,0.002681704,0.01884,0.002785334,0.01897,0.002848776,0.002763954,7.06888E-05,37.5,4.545E+17,0.0219,0.00339,0.01818,0.00298,0.003185,0.000205,40K,4.86E+17,0.0058,0.00689,0.00581,0.00564,0.006265,0.000883883,30,4.86E+17,0.0031,0.00283,0.00384,0.00513,0.00587,0.006248004,0.00626,0.007231142,0.0066,0.006781054,0.0067534,0.001757806,40K,4.545E+17,0.00383,0.00553,0.00527,0.006042885,0.005786442,0.000362664,37.5,4.545E+17,0.00503,0.005798271,,,0.000142086,0.000261114,0.000173844,0.000150823,9.08505E-05,0.000169158,0.000133066,0.000133066,0.000135499,0.000138586,0.000135054,0.000164792,0.000144748,0.00015477,0.0003353,0.000274596,0.000304948,0.0001379,0.000249474,0.000303949,0.000351777,0.000329881,0.000274596,0.000269209,0.000182965,0.000226087,0.000282071,,4.86E+17,0.003477221,130,1.85E+18,0.000147805,7.19035E-06,100,1.39E+18,0.002317432,5.01293E-05,,,,,,,,,,,,,
50K,6.48E+17,0.01662,0.002568382,40,6.48E+17,0.03615,0.005593378,0.02066,0.003837296,0.01941,0.003375065,0.00813,0.00301849,,,0.003956057,0.001141856,50K,6.06E+17,0.01843,0.00267,0.0165,0.002584586,0.01882,0.002782377,0.02109,0.003167142,0.002801026,0.000257166,50,6.06E+17,0.0232,0.00359,0.01936,0.00317,0.00338,0.00021,50K,6.48E+17,0.00519,0.00617,0.006,0.00583,0.006,0.000240416,40,6.48E+17,0.0035,0.0032,0.0034,0.00454,0.00599,0.006375732,0.00662,0.007646991,0.00677,0.006955718,0.006992814,0.001831002,50K,6.06E+17,0.0035,0.00506,0.00495,0.005675955,0.005367977,0.000435546,50,6.06E+17,0.00615,0.007089337,,,0.000124945,0.000272104,0.000186675,0.000164188,0.000146842,0.000192452,0.000130032,0.000130032,0.000135356,0.000154073,0.000137373,0.000174574,0.000154143,0.000164359,0.000300036,0.000283576,0.000291806,0.000155693,0.000220889,0.000310163,0.000372007,0.000338378,0.000279426,0.000246014,0.000162326,0.00020417,0.000344878,,6.48E+17,0.003956057,150,2.16E+18,-0.001363025,6.63077E-05,130,1.85E+18,-0.000561408,2.73111E-05,,,,,,,,,,,,,
60K,8.1E+17,0.0134,0.002070777,50,8.1E+17,,,0.02102,0.00390416,0.01998,0.003474178,0.00755,0.002803148,,,0.003393829,0.000554886,60K,7.575E+17,0.01674,0.00243,0.01604,0.002512531,0.0177,0.002616795,0.01841,0.002764679,0.002581001,0.000144347,62.5,7.575E+17,0.0257,0.00398,0.02208,0.00361,0.003795,0.000185,60K,8.1E+17,0.00546,0.00649,0.00454,0.00441,0.00545,0.001470782,50,8.1E+17,0.0038,0.00347,0.00359,0.00479,0.00618,0.006577967,0.00656,0.007577683,0.00656,0.006739957,0.006965202,0.001665313,60K,7.575E+17,0.00365,0.00527,0.00479,0.005492489,0.005381245,0.000157324,62.5,7.575E+17,0.00628,0.007239193,,,0.000100738,,0.000189927,0.00016901,0.000136366,0.000165101,0.000118109,0.000118109,0.0001273,0.000134495,0.000124503,0.000193386,0.0001758,0.000184593,0.000315645,0.000214572,0.000265109,0.000169038,0.000233232,0.000320001,0.000368635,0.000327882,0.000283758,0.000256557,0.000152285,0.000204421,0.000352168,,8.1E+17,0.003393829,,,,,150,2.16E+18,0.000725365,3.52871E-05,,,,,,,,,,,,,
70K,9.72E+17,0.00941,0.00145418,60,9.72E+17,0.03447,0.005333436,0.02314,0.00429792,0.02042,0.003550687,0.00963,0.003575407,,,0.004189363,0.000837762,70K,9.09E+17,0.01296,0.00188,0.01318,0.002064536,0.0146,0.002158486,0.01478,0.002219552,0.002080644,0.00014818,75,9.09E+17,0.0255,0.00394,0.02303,0.00377,0.003855,0.000085,70K,9.72E+17,0.00422,0.00501,0.00376,0.00365,0.00433,0.000961665,60,9.72E+17,0.0037,0.00338,0.00388,0.00518,0.0071,0.007557211,0.0067,0.007739402,0.00729,0.007489983,0.007595532,0.001926435,70K,9.09E+17,0.00359,0.00519,0.00456,0.005228758,0.005209379,2.74062E-05,75,9.09E+17,0.00613,0.007066282,,,7.07422E-05,0.000259458,0.000209083,0.000172732,0.000173934,0.000203802,9.14389E-05,9.14389E-05,0.000105005,0.000107976,9.89645E-05,0.000191881,0.000183363,0.000187622,0.00024396,0.000177708,0.000210834,0.00016459,0.000252073,0.000367639,0.000376502,0.000364369,0.000305034,0.00025234,0.000127183,0.000189761,0.000343757,,9.72E+17,0.004189363,,,,,,,,,,,,,,,,,,,,,
80K,1.134E+18,0.0049,0.000757225,20K,1.134E+18,,,,,,,,,,,,,80K,1.0605E+18,0.01004,0.00146,0.01045,0.001636905,0.01207,0.001784447,0.01087,0.001632377,0.001628432,0.000132662,20K,1.0605E+18,0.0242,0.00374,0.02179,0.00357,0.003655,0.000085,80K,1.134E+18,0.00368,0.00437,0.00292,0.00284,0.003605,0.001081873,20K,1.134E+18,,,0.00411,0.00549,0.00716,0.007621075,0.0071,0.008201455,0.00718,0.007376965,0.007733165,0.001173681,80K,1.0605E+18,0.00295,0.00426,0.0038,0.004357298,0.004308649,6.88004E-05,20K,1.0605E+18,0.00668,0.007700288,,,3.6837E-05,,,,,,7.08369E-05,7.08369E-05,8.68088E-05,7.9411E-05,7.69734E-05,0.000182099,0.000173491,0.000177795,0.000212742,0.000138007,0.000175375,,0.000267015,,,0.000358871,0.000312943,0.000207354,0.000132761,0.000170058,0.000374599,,1.296E+18,0.003927542,,,,,,,,,,,,,,,,,,,,,
90K,1.296E+18,-0.00007,-0.0000108,30K,1.296E+18,0.0311,0.004812007,0.01711,0.003177935,0.02136,0.003714137,0.01079,0.004006089,,,0.003927542,0.000682129,90K,1.212E+18,0.00513,0.000744,0.00485,0.000759712,0.00551,0.000814607,0.00648,0.000973119,0.00082286,0.000104646,30K,1.212E+18,0.0246,0.00381,0.02169,0.00355,0.00368,0.00013,90K,1.296E+18,0.00248,0.00295,0.00198,0.00192,0.002435,0.00072832,30K,1.296E+18,0.0038,0.00347,0.00432,0.00577,0.00713,0.007589143,0.00625,0.007219591,0.00691,0.007099558,0.007302764,0.001689075,90K,1.212E+18,0.00241,0.00348,0.00269,0.003084509,0.003282254,0.000279655,30K,1.212E+18,0.00691,0.007965418,,,5.26243E-07,0.000234092,0.000154598,0.000180683,0.000194886,0.000191065,3.61945E-05,3.61945E-05,3.96285E-05,4.73398E-05,3.98393E-05,0.000185109,0.000172694,0.000178902,0.00014337,9.35801E-05,0.000118475,0.000169038,0.000280658,0.000369192,0.000351215,0.000345375,0.000303096,0.000169398,7.92104E-05,0.000124304,0.000387497,,1.62E+18,0.003236095,,,,,,,,,,,,,,,,,,,,,
100K,1.458E+18,-0.00572,-0.000883944,40K,1.458E+18,,,,,,,,,,,,,100K,1.3635E+18,-0.00182,-0.000264,0.00066,0.000103383,0.00057,0.0000843,-0.00019,-0.0000285,-2.62043E-05,0.000168875,40K,1.3635E+18,0.0221,0.00342,0.02151,0.00352,0.00347,5E-05,100K,1.458E+18,0.00225,0.00267,0.00092,0.000894,0.001782,0.001255822,40K,1.458E+18,,,0.00435,0.00581,0.00731,0.007780734,0.00672,0.007762504,0.00666,0.0068427,0.00746198,0.000934916,100K,1.3635E+18,0.0016,0.00231,0.00224,0.002568513,0.002439256,0.000182796,40K,1.3635E+18,0.00697,0.008034582,,,4.30016E-05,,,,,,1.2841E-05,1.2841E-05,4.0995E-06,1.38805E-06,7.79236E-06,0.000166297,0.000171261,0.000168779,0.000130073,4.34816E-05,8.67775E-05,,0.000282607,,,0.00033288,0.000307744,0.000112463,6.13602E-05,8.69118E-05,0.000390862,,1.944E+18,0.001991315,,,,,,,,,,,,,,,,,,,,,
110K,1.62E+18,-0.01084,-0.001675166,50K,1.62E+18,0.02477,0.003832585,0.01241,0.002304978,0.01726,0.003001217,0.01025,0.003805599,,,0.003236095,0.000730817,110K,1.515E+18,-0.00485,-0.000703,-0.00526,-0.000823935,-0.00462,-0.000683028,-0.00376,-0.000564649,-0.000693653,0.000106169,50K,1.515E+18,0.0217,0.00336,0.02079,0.0034,0.00338,2E-05,110K,1.62E+18,0.00142,0.00169,0.00008,0.0000777,0.00088385,0.001140068,50K,1.62E+18,0.0033,0.00302,0.00351,0.00469,0.00639,0.00680149,0.00556,0.006422548,0.00643,0.006606391,0.006610143,0.00162598,110K,1.515E+18,0.00195,0.00282,0.00238,0.002729045,0.002774522,6.4315E-05,50K,1.515E+18,0.00638,0.007354467,,,5.77364E-05,0.000186446,0.000112131,0.000146002,0.000185133,0.000157428,3.4219E-05,3.4219E-05,3.32276E-05,2.74687E-05,3.22836E-05,0.000163287,0.000165529,0.000164408,8.20908E-05,3.78101E-06,4.29359E-05,0.000146796,0.000228035,0.000330875,0.000312441,0.000321384,0.000267906,0.000137065,4.79725E-05,9.25186E-05,0.000357776,,2.268E+18,0.000236862,,,,,,,,,,,,,,,,,,,,,
120K,1.782E+18,-0.00964,-0.001489723,60K,1.782E+18,,,,,,,,,,,,,120K,1.6665E+18,-0.00656,-0.000951,-0.00577,-0.000903822,-0.00452,-0.000668244,-0.0051,-0.000765881,-0.000822237,0.000129262,60K,1.6665E+18,0.0189,0.00292,0.01697,0.00278,0.00285,0.00007,120K,1.782E+18,0.00072,0.000856,0.00067,0.000651,0.0007535,0.000144957,60K,1.782E+18,,,0.00469,0.00626,0.00513,0.005460351,0.00419,0.004840014,0.00634,0.006513922,0.005604762,0.000764693,120K,1.6665E+18,0.00118,0.0017,0.00147,0.001685587,0.001692793,1.01919E-05,60K,1.6665E+18,0.00619,0.007135447,,,7.24712E-05,,,,,,4.62839E-05,4.62839E-05,3.25083E-05,3.72581E-05,4.05836E-05,0.000142218,0.000135114,0.000138666,4.16235E-05,3.1666E-05,3.66447E-05,,0.000304696,,,0.000316886,0.000310791,8.29418E-05,2.34284E-05,5.31851E-05,0.000347121,,2.592E+18,-0.001043548,,,,,,,,,,,,,,,,,,,,,
130K,1.944E+18,-0.00836,-0.001291918,70K,1.944E+18,0.01317,0.002037753,0.00587,0.001090267,0.01315,0.002286559,0.00687,0.002550679,,,0.001991315,0.000636161,130K,1.818E+18,-0.00707,-0.00103,-0.00517,-0.000809837,-0.00477,-0.000705204,-0.00428,-0.000642739,-0.000796945,0.000169977,70K,1.818E+18,0.0167,0.00258,0.01535,0.00251,0.002545,3.5E-05,130K,1.944E+18,0.00026,0.000309,0.00078,0.000758,0.0005335,0.000317491,70K,1.944E+18,0.0038,0.00347,0.00347,0.00463,0.00503,0.005353912,0.00426,0.004920873,0.00513,0.005270728,0.005181838,0.000760868,130K,1.818E+18,0.00143,0.00207,0.00129,0.001479188,0.001774594,0.000417767,70K,1.818E+18,0.00467,0.005383285,,,6.28485E-05,9.91315E-05,5.30387E-05,0.000111235,0.000124084,9.68724E-05,4.98822E-05,4.98822E-05,3.43064E-05,3.12676E-05,4.13346E-05,0.000125663,0.000122216,0.000123939,1.50307E-05,3.68649E-05,2.59478E-05,0.000169038,0.000225436,0.000260454,0.000239388,0.000256407,0.000230145,0.000100514,4.57412E-05,7.31277E-05,0.000261883,,2.916E+18,-0.000913024,,,,,,,,,,,,,,,,,,,,,
140K,2.106E+18,-0.00634,-0.000979756,80K,2.106E+18,,,,,,,,,,,,,140K,1.9695E+18,-0.0069,-0.001,-0.00548,-0.000858396,-0.00467,-0.00069042,-0.00357,-0.000536117,-0.000771233,0.000201446,80K,1.9695E+18,0.012,0.00186,0.01102,0.0018,0.00183,3E-05,140K,2.106E+18,0.00038,0.000452,0.00001,9.71534E-06,0.000230858,0.000312742,80K,2.106E+18,,,0.00292,0.0039,0.004,0.004257584,0.00355,0.004100728,0.00401,0.004120004,0.004159439,0.000147327,140K,1.9695E+18,0.00168,0.00243,0.00112,0.001284256,0.001857128,0.000810163,80K,1.9695E+18,0.00375,0.004322767,,,4.76626E-05,,,,,,4.86827E-05,4.86827E-05,3.35872E-05,2.60807E-05,3.92583E-05,9.02969E-05,8.77406E-05,8.90187E-05,2.1968E-05,4.72627E-07,1.12203E-05,,0.000189704,,,0.000200428,0.000195066,0.000118087,2.06393E-06,6.00752E-05,0.000210292,,3.24E+18,-0.001201484,,,,,,,,,,,,,,,,,,,,,
150K,2.268E+18,-0.00706,-0.001091021,90K,2.268E+18,0.00003,0.00000464,-0.0056,-0.001040119,0.00408,0.000709442,0.00343,0.001273483,,,0.000236862,0.000997083,150K,2.121E+18,-0.00837,-0.00121,-0.0056,-0.000877193,-0.00528,-0.000780603,-0.00513,-0.000770386,-0.000909546,0.000206003,90K,2.121E+18,0.0076,0.00118,0.00647,0.00106,0.00112,0.00006,150K,2.268E+18,-0.00067,0.000796,-0.00056,-0.000544,0.000126,0.000947523,90K,2.268E+18,0.003,0.00274,0.00287,0.00383,0.00264,0.002810005,0.00259,0.002991799,0.00278,0.002856262,0.002886022,0.00044803,150K,2.121E+18,0.0008,0.00116,0.00149,0.00170852,0.00143426,0.000387862,90K,2.121E+18,0.00278,0.003204611,,,5.30754E-05,2.25812E-07,5.05991E-05,3.45125E-05,6.19517E-05,3.68223E-05,5.90543E-05,5.90543E-05,3.79744E-05,3.74773E-05,4.839E-05,5.7188E-05,5.15137E-05,5.43509E-05,3.8733E-05,2.64671E-05,3.26E-05,0.000133451,0.000186456,0.0001367,0.000145543,0.00013895,0.00014822,5.62317E-05,5.29929E-05,5.46123E-05,0.000155896,,3.564E+18,-0.000919826,,,,,,,,,,,,,,,,,,,,,
160K,2.43E+18,-0.00733,-0.001132746,100K,2.43E+18,,,,,,,,,,,,,160K,2.2725E+18,-0.00779,-0.00113,-0.0051,-0.000798872,-0.00369,-0.000545535,-0.0047,-0.000705812,-0.000795055,0.000246595,100K,2.2725E+18,0.0023,0.000356,0.00386,0.000632,0.000494,0.000138,160K,2.43E+18,-0.00064,0.000761,-0.00095,-0.000923,-0.000081,0.001190768,100K,2.43E+18,,,0.00225,0.003,0.00197,0.00209686,0.00179,0.002067691,0.00171,0.001756909,0.00197382,0.000535657,160K,2.2725E+18,0.00123,0.00178,0.00106,0.001215457,0.001497728,0.000399192,100K,2.2725E+18,0.00107,0.001233429,,,5.51052E-05,,,,,,5.49621E-05,5.49621E-05,2.65389E-05,3.43359E-05,4.26998E-05,1.73069E-05,3.07331E-05,2.402E-05,3.69987E-05,4.48995E-05,4.09491E-05,,0.000146176,,,8.54692E-05,0.000115823,8.64562E-05,5.13194E-05,6.88878E-05,6.00032E-05,,3.888E+18,-0.000289564,,,,,,,,,,,,,,,,,,,,,
170K,2.592E+18,-0.00507,-0.000783496,110K,2.592E+18,-0.00541,-0.000837073,-0.01411,-0.002620728,-0.00491,-0.000853765,0.00037,0.000137373,,,-0.001043548,0.001149017,170K,2.424E+18,-0.00663,-0.000962,-0.00345,-0.000540414,-0.00441,-0.000651981,-0.00233,-0.000349902,-0.000626074,0.000256337,110K,2.424E+18,-0.0002,-0.0000309,0.00047,0.0000769,0.000023,0.0000539,170K,2.592E+18,-0.00094,0.00112,-0.00104,-0.00101,5.5E-05,0.001506137,110K,2.592E+18,0.0013,0.00119,0.00233,0.00311,0.00119,0.001266631,0.00093,0.001074275,0.00122,0.001253468,0.001198125,0.000859298,170K,2.424E+18,0.00188,0.00272,0.00095,0.001089325,0.001904662,0.001153062,110K,2.424E+18,0.00104,0.001198847,,,3.81151E-05,4.07214E-05,0.000127492,4.15335E-05,6.68284E-06,5.41074E-05,4.67777E-05,4.67777E-05,3.17172E-05,1.70219E-05,3.55736E-05,1.50495E-06,3.74211E-06,2.62353E-06,5.43418E-05,4.91532E-05,5.17475E-05,5.78289E-05,0.000151374,6.16184E-05,5.22607E-05,6.0978E-05,7.68119E-05,0.000132144,2.84488E-05,8.02966E-05,5.83209E-05,,4.212E+18,0.000476539,,,,,,,,,,,,,,,,,,,,,
180K,2.754E+18,-0.00296,-0.000457425,120K,2.754E+18,,,,,,,,,,,,,180K,2.5755E+18,-0.00388,-0.000563,-0.00174,-0.000272556,-0.00177,-0.000261679,-0.0032,-0.000480553,-0.000394447,0.000150896,120K,2.5755E+18,-0.0021,-0.000325,-0.00187,-0.000306,-0.0003155,9.5E-06,180K,2.754E+18,-0.00118,0.0014,0.00023,0.000223,0.0008115,0.000832265,120K,2.754E+18,,,0.00163,0.00218,0.000032,3.40607E-05,0.00073,0.000843248,0.0003,0.00030823,0.00039518,0.000953576,180K,2.5755E+18,0.00135,0.00195,0.00075,0.000859993,0.001404997,0.000770751,120K,2.5755E+18,0.00062,0.000714697,,,2.22526E-05,,,,,,2.73752E-05,2.73752E-05,1.273E-05,2.33777E-05,2.27145E-05,1.5802E-05,1.48888E-05,1.53454E-05,6.82163E-05,1.08704E-05,3.95433E-05,,0.000105897,,,1.49946E-05,6.04456E-05,9.4891E-05,4.23943E-05,6.86426E-05,3.47682E-05,,4.536E+18,0.000791483,,,,,,,,,,,,,,,,,,,,,
190K,2.916E+18,-0.00161,-0.000248802,130K,2.916E+18,-0.00668,-0.001033576,-0.01214,-0.002254829,-0.00333,-0.00057903,0.00058,0.000215341,,,-0.000913024,0.001032752,190K,2.727E+18,-0.00262,-0.00038,-0.00046,-0.0000721,-0.00058,-0.0000857,-0.00107,-0.000160685,-0.000174621,0.000142352,130K,2.727E+18,-0.0021,-0.000325,-0.00255,-0.000417,-0.000371,0.000046,190K,2.916E+18,-0.00034,0.000404,-0.00078,-0.000758,-0.000177,0.000821658,130K,2.916E+18,0.0009,0.000823,0.00163,0.00218,0.00065,0.000691857,-0.00024,-0.000277232,0.00013,0.000133566,0.00018273,0.000932859,190K,2.727E+18,0.00121,0.00175,0.0018,0.002063983,0.001906992,0.00022202,130K,2.727E+18,-0.00036,-0.000414986,,,1.21036E-05,5.02808E-05,0.000109692,2.81683E-05,1.04758E-05,4.96542E-05,1.84853E-05,1.84853E-05,4.17143E-06,7.8169E-06,1.22397E-05,1.5802E-05,2.03029E-05,1.80524E-05,1.96555E-05,3.68649E-05,2.82602E-05,4.00354E-05,0.000105897,3.36571E-05,1.34866E-05,6.49766E-06,3.99147E-05,8.50504E-05,7.64213E-05,8.07359E-05,2.0188E-05,,4.86E+18,0.000531612,,,,,,,,,,,,,,,,,,,,,
200K,3.078E+18,-0.00055,-0.000085,140K,3.078E+18,,,,,,,,,,,,,200K,2.8785E+18,-0.00305,-0.000442,-0.00013,-0.0000204,-0.00034,-0.0000503,-0.0002,-0.00003,-0.000135675,0.000204597,140K,2.8785E+18,-0.0022,-0.00034,,,-0.00034,,200K,3.078E+18,-0.00094,0.00112,-0.00151,-0.00147,-0.000175,0.001831407,140K,3.078E+18,,,0.00116,0.00155,0.00184,0.001958489,0.00013,0.000150167,0.00124,0.001274016,0.001127557,0.000774818,200K,2.8785E+18,0.00139,0.00201,0.00065,0.000745327,0.001377664,0.000894259,140K,2.8785E+18,-0.00027,-0.000311239,,,4.13477E-06,,,,,,2.15192E-05,2.15192E-05,2.44532E-06,1.4611E-06,1.17362E-05,1.65544E-05,,1.65544E-05,5.43418E-05,7.13666E-05,6.28542E-05,,7.5362E-05,,,6.19776E-05,6.86698E-05,9.77026E-05,2.00815E-05,5.8892E-05,1.5141E-05,,5.184E+18,0.00027661,,,,,,,,,,,,,,,,,,,,,
210K,3.24E+18,-0.00038,-0.0000587,150K,3.24E+18,-0.0092,-0.001423488,-0.01186,-0.002202823,-0.00751,-0.00130586,0.00034,0.000126234,,,-0.001201484,0.000970514,210K,3.03E+18,-0.00235,-0.000341,-0.00146,-0.000228697,0.00017,0.0000251,-0.0001,-0.000015,-0.000139899,0.000174309,150K,3.03E+18,-0.0027,-0.000418,-0.0033,-0.00054,-0.000479,0.000061,210K,3.24E+18,-0.00128,0.00152,-0.00206,-0.002,-0.00024,0.002489016,150K,3.24E+18,0.0004,0.000366,0.00188,0.00251,0.00029,0.000308675,0.00038,0.000438951,0.0006,0.000616459,0.000454695,0.000936265,210K,3.03E+18,0.00133,0.00192,0.00039,0.000447196,0.001183598,0.001041429,150K,3.03E+18,0.00073,0.000841499,,,2.85675E-06,6.9249E-05,0.000107162,6.35267E-05,6.14099E-06,6.15196E-05,1.65803E-05,1.65803E-05,1.22266E-06,7.30552E-07,8.77848E-06,2.03168E-05,2.62744E-05,2.32956E-05,7.39973E-05,9.73611E-05,8.56792E-05,1.77935E-05,0.000122138,1.50162E-05,2.13539E-05,2.99892E-05,4.12582E-05,9.34852E-05,3.45848E-05,6.4035E-05,4.09368E-05,,5.508E+18,0.000201044,,,,,,,,,,,,,,,,,,,,,
220K,3.402E+18,0.00064,0.0000989,160K,3.402E+18,,,,,,,,,,,,,220K,3.1815E+18,-0.00051,-0.000074,0.00096,0.000150376,0.00148,0.000218805,0.00038,0.0000571,8.80703E-05,0.000126754,160K,3.1815E+18,-0.0041,-0.000634,-0.00314,-0.000514,-0.000574,0.00006,220K,3.402E+18,-0.00135,0.0016,-0.00101,-0.000981,0.0003095,0.001825043,160K,3.402E+18,,,0.00095,0.00127,0.00065,0.000691857,-0.00032,-0.000369643,0.00055,0.000565088,0.000295767,0.000679225,220K,3.1815E+18,0.00064,0.000925,0.00099,0.001135191,0.001030095,0.000148627,160K,3.1815E+18,0.00001,1.15274E-05,,,4.81137E-06,,,,,,3.59829E-06,3.59829E-06,1.06443E-05,2.7761E-06,5.15425E-06,3.08514E-05,2.50005E-05,2.7926E-05,7.8044E-05,4.77353E-05,6.28897E-05,,6.17189E-05,,,2.74901E-05,4.46045E-05,4.49854E-05,5.2435E-05,4.87102E-05,5.60777E-07,,5.832E+18,0.000381341,,,,,,,,,,,,,,,,,,,,,
230K,3.564E+18,0.00257,0.000397157,170K,3.564E+18,-0.00974,-0.00150704,-0.00635,-0.001179421,-0.00287,-0.000499044,-0.00133,-0.0004938,,,-0.000919826,0.000506875,230K,3.333E+18,-0.00008,-0.0000116,0.00094,0.000147243,0.00086,0.000127144,0.00163,0.000244781,0.000126892,0.00010566,170K,3.333E+18,-0.0016,-0.000247,-0.00155,-0.000254,-0.0002505,0.0000035,230K,3.564E+18,-0.0019,0.00226,-0.00102,-0.000991,0.0006345,0.002298804,170K,3.564E+18,0.0003,0.000274,0.00115,0.00154,0.00074,0.000787653,-0.00004,-4.62054E-05,0.00064,0.000657557,0.000466335,0.000599356,230K,3.333E+18,0.00171,0.00247,0.00095,0.001089325,0.001779662,0.000976285,170K,3.333E+18,0.00048,0.000553314,,,1.93207E-05,7.33137E-05,5.73758E-05,2.42772E-05,2.40221E-05,4.47472E-05,5.64437E-07,5.64437E-07,6.18522E-06,1.1908E-05,4.80552E-06,1.20396E-05,1.2341E-05,1.21903E-05,0.00010984,4.82079E-05,7.90238E-05,1.33451E-05,7.47123E-05,3.83173E-05,2.24777E-06,3.19885E-05,3.21222E-05,0.000120195,5.5782E-05,8.79886E-05,2.69173E-05,,,,,,,,,,,,,,,,,,,,,,,,
240K,3.726E+18,0.00408,0.000630505,180K,3.726E+18,,,,,,,,,,,,,240K,3.4845E+18,0.00048,0.0000696,0.00214,0.000335213,0.00302,0.000446481,0.00278,0.00041748,0.000317194,0.000171658,180K,3.4845E+18,-0.0002,-0.0000309,0.00027,0.0000442,0.00000665,0.00003755,240K,3.726E+18,-0.00123,0.00146,-0.0019,-0.00185,-0.000195,0.002340523,180K,3.726E+18,,,0.00068,0.000908,0.0007,0.000745077,-0.00018,-0.000207924,0.00036,0.000369876,0.000302343,0.000495332,240K,3.4845E+18,0.0008,0.00116,0.0013,0.001490655,0.001325327,0.000233808,180K,3.4845E+18,0.00048,0.000553314,,,3.06725E-05,,,,,,3.38662E-06,3.38662E-06,2.17202E-05,2.03093E-05,1.22007E-05,1.50495E-06,2.14972E-06,1.82734E-06,7.11068E-05,8.9799E-05,8.04529E-05,,4.41777E-05,,,1.79935E-05,3.10856E-05,5.62317E-05,4.90881E-05,5.26599E-05,2.69173E-05,,,,,,,,,,,,,,,,,,,,,,,,
250K,3.888E+18,0.00444,0.000686138,190K,3.888E+18,-0.00643,-0.000994894,,,-0.00205,-0.00035646,0.0013,0.000482661,,,-0.000289564,0.000741046,250K,3.636E+18,0.00208,0.000302,0.00204,0.000319549,0.00435,0.000643111,0.00367,0.000551134,0.000453949,0.000169685,190K,3.636E+18,0.001,0.000155,0.0019,0.000311,0.000233,0.000078,250K,3.888E+18,-0.0003,0.000357,-0.00103,-0.001,-0.0003215,0.000959544,190K,3.888E+18,-0.0001,-0.0000914,0.00153,0.00204,0.0009,0.000957956,0.00065,0.000750837,0.00091,0.000934964,0.000881253,0.000759539,250K,3.636E+18,0.0009,0.0013,0.00108,0.00123839,0.001269195,4.35648E-05,190K,3.636E+18,0.00083,0.000956772,,,3.33789E-05,4.83991E-05,1.59026E-05,1.73409E-05,2.34802E-05,2.62807E-05,1.46754E-05,1.46754E-05,3.12857E-05,2.68113E-05,2.18619E-05,7.52474E-06,1.51277E-05,1.13262E-05,1.73431E-05,4.86805E-05,3.30118E-05,4.44838E-06,9.93998E-05,4.66021E-05,3.65263E-05,4.54836E-05,4.64921E-05,6.32607E-05,2.73332E-05,4.52969E-05,4.65445E-05,,,,,,,,,,,,,,,,,,,,,,,,
260K,4.05E+18,0.00538,0.000831402,200K,4.05E+18,,,,,,,,,,,,,260K,3.7875E+18,0.00296,0.000429,0.00332,0.00052005,0.0036,0.000532229,0.00336,0.00050458,0.000496465,4.63778E-05,200K,3.7875E+18,0.0015,0.000232,0.0021,0.000344,0.000288,0.000056,260K,4.05E+18,-0.00023,0.000273,-0.00138,-0.00134,-0.0005335,0.001140563,200K,4.05E+18,,,0.00075,0.001,0.00068,0.000723789,0.00072,0.000831697,0.00069,0.000708928,0.000754805,0.00013425,260K,3.7875E+18,0.00123,0.00178,0.00079,0.000905859,0.00134293,0.000618111,200K,3.7875E+18,0.00161,0.001855908,,,4.04456E-05,,,,,,2.08842E-05,2.08842E-05,2.58916E-05,2.45465E-05,2.30516E-05,1.12871E-05,1.67201E-05,1.40036E-05,1.32964E-05,6.52225E-05,3.92594E-05,,4.87254E-05,,,3.44876E-05,4.16065E-05,8.64562E-05,5.07616E-05,6.86089E-05,9.02852E-05,,,,,,,,,,,,,,,,,,,,,,,,
270K,4.212E+18,0.00622,0.000961212,210K,4.212E+18,-0.00075,-0.000116045,,,-0.00057,-0.0000991,0.00443,0.001644761,,,0.000476539,0.001011746,270K,3.939E+18,0.00194,0.000281,0.00268,0.000419799,0.0035,0.000517445,0.00226,0.00033939,0.000389409,0.000102585,210K,3.939E+18,0.0015,0.000232,0.00241,0.000394,0.000313,0.000081,270K,4.212E+18,-0.00099,0.00118,-0.0011,-0.00107,0.000055,0.00159099,210K,4.212E+18,-0.0001,-0.0000914,0.00108,0.00144,0.00034,0.000361895,0.0003,0.00034654,0.00032,0.000328778,0.000345738,0.000570676,270K,3.939E+18,0.00124,0.00179,0.00102,0.001169591,0.001479795,0.000438696,210K,3.939E+18,0.00014,0.000161383,,,4.67605E-05,5.6453E-06,0.000162188,4.8216E-06,8.00134E-05,6.31672E-05,1.36876E-05,1.36876E-05,2.51724E-05,1.65105E-05,1.72645E-05,1.12871E-05,1.91883E-05,1.52377E-05,5.72323E-05,5.19889E-05,5.46106E-05,4.44838E-06,7.01646E-05,1.76052E-05,1.68583E-05,1.59942E-05,2.50141E-05,8.71591E-05,4.07208E-05,6.394E-05,7.85088E-06,,,,,,,,,,,,,,,,,,,,,,,,
280K,4.374E+18,0.00478,0.00073868,220K,4.374E+18,,,,,,,,,,,,,280K,4.0905E+18,0.00105,0.000152,0.0024,0.00037594,0.00369,0.000545535,0.00267,0.000400961,0.000368609,0.000162607,220K,4.0905E+18,0.0024,0.000371,0.00364,0.000596,0.0004835,0.0001125,280K,4.374E+18,-0.00086,0.00102,-0.00091,-0.000884,0.000068,0.001346331,220K,4.374E+18,,,0.0012,0.0016,0.00037,0.000393827,0.00023,0.000265681,0.00015,0.000154115,0.000271207,0.000671576,280K,4.0905E+18,0.0007,0.00101,0.00109,0.001249857,0.001129928,0.000169604,220K,4.0905E+18,0.00083,0.000956772,,,3.59349E-05,,,,,,7.40824E-06,7.40824E-06,2.65389E-05,1.95057E-05,1.52153E-05,1.80594E-05,2.89815E-05,2.35204E-05,4.97169E-05,4.3009E-05,4.6363E-05,,7.79607E-05,,,7.49729E-06,4.2729E-05,4.92027E-05,4.12787E-05,4.52407E-05,4.65445E-05,,,,,,,,,,,,,,,,,,,,,,,,
290K,4.536E+18,0.00438,0.000676866,230K,4.536E+18,0.00179,0.000276961,,,-0.00045,-0.0000782,0.00586,0.002175689,,,0.000791483,0.001211839,290K,4.242E+18,-0.00069,-0.0001,0.00253,0.000396303,0.00368,0.000544057,0.00316,0.000474546,0.000328727,0.000292121,230K,4.242E+18,0.0051,0.000789,0.00442,0.000723,0.000756,0.000033,290K,4.536E+18,-0.00088,0.00105,-0.00109,-0.00106,-5E-06,0.001491995,230K,4.536E+18,-0.0005,-0.000457,0.00119,0.00159,-0.0007,-0.000745077,0.00064,0.000739286,0.00076,0.000780849,0.000258353,0.000964394,290K,4.242E+18,0.0007,0.00101,0.00099,0.001135191,0.001072595,8.85233E-05,230K,4.242E+18,0.00024,0.000276657,,,3.29278E-05,1.34735E-05,4.76716E-05,3.80653E-06,0.000105842,4.26983E-05,4.86827E-06,4.86827E-06,2.6467E-05,2.30854E-05,1.48222E-05,3.83762E-05,3.51918E-05,3.6784E-05,5.08731E-05,5.15163E-05,5.11947E-05,2.22419E-05,7.7311E-05,3.62461E-05,3.59644E-05,3.79863E-05,4.19499E-05,4.92027E-05,4.0163E-05,4.46829E-05,1.34587E-05,,,,,,,,,,,,,,,,,,,,,,,,
300K,4.698E+18,0.0048,0.000741771,240K,4.698E+18,,,,,,,,,,,,,300K,4.3935E+18,-0.00012,-0.0000174,0.00192,0.000300752,0.00324,0.000479007,0.00443,0.000665265,0.000356906,0.000290547,240K,4.3935E+18,0.0055,0.000851,0.00614,0.001,0.0009255,0.0000745,300K,4.698E+18,-0.00071,0.000844,-0.0008,-0.000777,0.0000335,0.00114622,240K,4.698E+18,,,0.00109,0.00146,0.00057,0.000606706,0.00002,2.31027E-05,-0.00011,-0.000113018,0.000172263,0.000715559,300K,4.3935E+18,0.00043,0.000621,0.00074,0.000848527,0.000734763,0.000160886,240K,4.3935E+18,0.00033,0.000380403,,,3.60853E-05,,,,,,8.46656E-07,8.46656E-07,2.33024E-05,3.23634E-05,1.43398E-05,4.13861E-05,4.88863E-05,4.51362E-05,4.10454E-05,3.78101E-05,3.94278E-05,,7.08143E-05,,,5.49802E-06,3.81561E-05,3.02245E-05,4.68568E-05,3.85407E-05,1.85057E-05,,,,,,,,,,,,,,,,,,,,,,,,
310K,4.86E+18,0.00382,0.000590326,250K,4.86E+18,0.00076,0.000117592,0.00211,0.000391902,-0.00048,-0.0000835,0.00458,0.001700453,,,0.000531612,0.000803219,310K,4.545E+18,-0.00009,-0.0000131,0.00257,0.000402569,0.00269,0.000397694,0.00319,0.000479,0.000316541,0.000222892,250K,4.545E+18,0.0063,0.000974,0.00619,0.00101,0.000992,0.000018,310K,4.86E+18,0.00026,0.000309,-0.00118,-0.00115,-0.0004205,0.001031669,250K,4.86E+18,0.0002,0.000183,0.00102,0.00136,-0.00001,-1.0644E-05,0.0006,0.000693081,0.00018,0.000184938,0.000289125,0.000555829,310K,4.545E+18,0.00035,0.000506,0.00115,0.001318656,0.000912328,0.000574635,250K,4.545E+18,0.00004,0.0000461,,,2.87179E-05,5.72057E-06,1.9065E-05,4.0603E-06,8.27227E-05,2.78921E-05,6.34992E-07,6.34992E-07,1.93468E-05,2.33046E-05,1.09803E-05,4.74059E-05,4.92844E-05,4.83451E-05,1.50307E-05,5.57699E-05,3.54003E-05,8.89675E-06,6.62666E-05,5.17801E-07,3.37166E-05,8.99675E-06,2.36789E-05,2.46014E-05,3.57005E-05,3.01509E-05,2.24311E-06,,,,,,,,,,,,,,,,,,,,,,,,
,,,,260K,5.022E+18,,,,,,,,,,,,,,,,,,,,,,,,,260K,4.6965E+18,0.0071,0.0011,0.00606,0.000992,0.001046,0.000054,,,,,,,,,260K,5.022E+18,,,0.00127,0.0017,0.00099,0.001053752,0.00033,0.000381194,0.00023,0.000236309,0.000557085,0.000673351,,,,,,,,,260K,4.6965E+18,-0.00017,-0.000195965,,,,,,,,,,,,,,5.34257E-05,4.82494E-05,5.08375E-05,,,,,8.25084E-05,,,1.14959E-05,4.70021E-05,,,,9.53322E-06,,,,,,,,,,,,,,,,,,,,,,,,
,,,,270K,5.184E+18,0.00207,0.000320285,0.00382,0.00070951,-0.00115,-0.000199965,,,,,0.00027661,0.000456308,,,,,,,,,,,,,270K,4.848E+18,0.0073,0.00113,0.00626,0.00102,0.001075,5.5E-05,,,,,,,,,270K,5.184E+18,0.0005,0.000457,0.00085,0.00114,0.00047,0.000500266,0.00048,0.000554465,0.00053,0.000544539,0.00053309,0.000282596,,,,,,,,,270K,4.848E+18,-0.00009,-0.000103746,,,,1.5581E-05,3.45158E-05,9.7278E-06,,1.99416E-05,,,,,,5.49306E-05,4.98417E-05,5.23862E-05,,,,2.22419E-05,5.52221E-05,2.43367E-05,2.69733E-05,2.64904E-05,3.10529E-05,,,,5.047E-06,,,,,,,,,,,,,,,,,,,,,,,,
,,,,280K,5.346E+18,,,,,,,,,,,,,,,,,,,,,,,,,280K,4.9995E+18,0.0071,0.0011,0.0057,0.000933,0.0010165,0.0000835,,,,,,,,,280K,5.346E+18,,,0.00126,0.00168,0.00051,0.000542842,0.00021,0.000242578,0.00082,0.000842495,0.000542638,0.000619178,,,,,,,,,280K,4.9995E+18,0.00036,0.000414986,,,,,,,,,,,,,,5.34257E-05,4.53831E-05,4.94044E-05,,,,,8.18587E-05,,,4.09852E-05,6.14219E-05,,,,2.0188E-05,,,,,,,,,,,,,,,,,,,,,,,,
,,,,290K,5.508E+18,0.00131,0.000202692,0.00151,0.000280461,0.00069,0.000119979,,,,,0.000201044,8.02537E-05,,,,,,,,,,,,,290K,5.151E+18,0.0075,0.00116,0.00583,0.000954,0.001057,0.000103,,,,,,,,,290K,5.508E+18,0,0,0.00061,0.000815,0.00088,0.000936668,-0.00045,-0.000519811,-0.00004,-0.0000411,0.000125253,0.000618442,,,,,,,,,290K,5.151E+18,0.00068,0.000783862,,,,9.86046E-06,1.36437E-05,5.83668E-06,,9.78028E-06,,,,,,5.64356E-05,4.64181E-05,5.14268E-05,,,,4.44838E-06,3.963E-05,4.55665E-05,2.52875E-05,1.99928E-06,2.33863E-05,,,,3.81329E-05,,,,,,,,,,,,,,,,,,,,,,,,
,,,,300K,5.67E+18,,,,,,,,,,,,,,,,,,,,,,,,,300K,5.3025E+18,0.0058,0.000897,0.00633,0.00104,0.0009685,7.15E-05,,,,,,,,,300K,5.67E+18,,,0.00132,0.00176,0.00006,6.38638E-05,-0.00018,-0.000207924,-0.00087,-0.000893866,-0.000345975,0.001127469,,,,,,,,,300K,5.3025E+18,0.00147,0.001694524,,,,,,,,,,,,,,4.36435E-05,5.03991E-05,4.70213E-05,,,,,8.57567E-05,,,4.34843E-05,6.46205E-05,,,,8.24343E-05,,,,,,,,,,,,,,,,,,,,,,,,
,,,,310K,5.832E+18,0.00164,0.000253752,0.00264,0.000490342,0.0023,0.00039993,,,,,0.000381341,0.000119385,,,,,,,,,,,,,310K,5.454E+18,0.005,0.000773,0.00571,0.000935,0.000854,0.000081,,,,,,,,,310K,5.832E+18,0.0002,0.000183,0.00042,0.000560897,0.00017,0.000180947,0.0002,0.000231027,-0.00029,-0.000297955,3.80064E-05,0.000306506,,,,,,,,,310K,5.454E+18,0.00147,0.001694524,,,,1.23444E-05,2.38539E-05,1.94556E-05,,1.85513E-05,,,,,,3.76237E-05,4.54627E-05,4.15432E-05,,,,8.89675E-06,2.72862E-05,8.80262E-06,1.12389E-05,1.44948E-05,1.41438E-05,,,,8.24343E-05,,,,,,,,,,,,,,,,,,,,,,,,
,,,,,,,,,,,,,,,,,,,,,,,,,,,,,,,,,,,,,,,,,,,,,,,,,,,,,,,,,,,,,,,,,,,,,,,,,,,,,,,,,,,,,,,,,,,,,,,,,,,,,,,,,,,,,,,,,,,,,,,,,,,,
,,,,,,,,,,,,,,,,,,,,,,,,,,,,,,,,,,,,,,,,,,,,,,,,,,,,,,,,,,,,,,,,,,,,,,,,,,,,,,,,,,,,,,,,,,,,,,,,,,,,,,,,,,,,,,,,,,,,,,,,,,,,
,,,,,,,,,,,,,,,,,,,,,,,,,,,,,,,,,,,,,,,,,,,,,,,,,,,,,,,,,,,,,,,,,,,,,,,,,,,,,,,,,,,,,,,,,,,,,,,,,,,,,,,,,,,,,,,,,,,,,,,,,,,,
,,,,,,,,,,,,,,,,,,,,,,,,,,,,,,,,,,,,,,,,,,,,,,,,,,,,,,,,,,,,,,,,,,,,,,,,,,,,,,,,,,,,,,,,,,,,,,,,,,,,,,,,,,,,,,,,,,,,,,,,,,,,
,,,,,,,,,,,,,,,,,,,,,,,,,,,,,,,,,,,,,,,,,,,,,,,,,,,,,,,,,,,,,,,,,,,,,,,,,,,,,,,,,,,,,,,,,,,,,,,,,,,,,,,,,,,,,,,,,,,,,,,,,,,,
,,,,,,,,,,,,,,,,,,,,,,,,,,,,,,,,,,,,,,,,,,,,,,,,,,,,,,,,,,,,,,,,,,,,,,,,,,,,,,,,,,,,,,,,,,,,,,,,,,,,,,,,,,,,,,,,,,,,,,,,,,,,
,,,,,,,,,,,,,,,,,,,,,,,,,,,,,,,,,,,,,,,,,,,,,,,,,,,,,,,,,,,,,,,,,,,,,,,,,,,,,,,,,,,,,,,,,,,,,,,,,,,,,,,,,,,,,,,,,,,,,,,,,,,,
,,,,,,,,,,,,,,,,,,,,,,,,,,,,,,,,,,,,,,,,,,,,,,,,,,,,,,,,,,,,,,,,,,,,,,,,,,,,,,,,,,,,,,,,,,,,,,,,,,,,,,,,,,,,,,,,,,,,,,,,,,,,
,,,,,,,,,,,,,,,,,,,,,,,,,,,,,,,,,,,,,,,,,,,,,,,,,,,,,,,,,,,,,,,,,,,,,,,,,,,,,,,,,,,,,,,,,,,,,,,,,,,,,,,,,,,,,,,,,,,,,,,,,,,,
,,,,,,,,,,,,,,,,,,,,,,,,,,,,,,,,,,,,,,,,,,,,,,,,,,,,,,,,,,,,,,,,,,,,,,,,,,,,,,,,,,,,,,,,,,,,,,,,,,,,,,,,,,,,,,,,,,,,,,,,,,,,
,,,,,,,,,,,,,,,,,,,,,,,,,,,,,,,,,,,,,,,,,,,,,,,,,,,,,,,,,,,,,,,,,,,,,,,,,,,,,,,,,,,,,,,,,,,,,,,,,,,,,,,,,,,,,,,,,,,,,,,,,,,,
,,,,,,,,,,,,,,,,,,,,,,,,,,,,,,,,,,,,,,,,,,,,,,,,,,,,,,,,,,,,,,,,,,,,,,,,,,,,,,,,,,,,,,,,,,,,,,,,,,,,,,,,,,,,,,,,,,,,,,,,,,,,
,,,,,,,,,,,,,,,,,,,,,,,,,,,,,,,,,,,,,,,,,,,,,,,,,,,,,,,,,,,,,,,,,,,,,,,,,,,,,,,,,,,,,,,,,,,,,,,,,,,,,,,,,,,,,,,,,,,,,,,,,,,,
,,,,,,,,,,,,,,,,,,,,,,,,,,,,,,,,,,,,,,,,,,,,,,,,,,,,,,,,,,,,,,,,,,,,,,,,,,,,,,,,,,,,,,,,,,,,,,,,,,,,,,,,,,,,,,,,,,,,,,,,,,,,
,,,,,,,,,,,,,,,,,,,,,,,,,,,,,,,,,,,,,,,,,,,,,,,,,,,,,,,,,,,,,,,,,,,,,,,,,,,,,,,,,,,,,,,,,,,,,,,,,,,,,,,,,,,,,,,,,,,,,,,,,,,,
,,,,,,,,,,,,,,,,,,,,,,,,,,,,,,,,,,,,,,,,,,,,,,,,,,,,,,,,,,,,,,,,,,,,,,,,,,,,,,,,,,,,,,,,,,,,,,,,,,,,,,,,,,,,,,,,,,,,,,,,,,,,
,,,,,,,,,,,,,,,,,,,,,,,,,,,,,,,,,,,,,,,,,,,,,,,,,,,,,,,,,,,,,,,,,,,,,,,,,,,,,,,,,,,,,,,,,,,,,,,,,,,,,,,,,,,,,,,,,,,,,,,,,,,,
Production/Sublimation 1089,,,,,,,,,,,,,,,,,,,,,,,,,,,,,,,,,,,,,,,,,,,,,,,,,,,,,,,,,,,,,,,,,,,,,,,,,,,,,,,,,,,,,,,,,,,,,,,,,,,,,,,,,,,,,,,,,,,,,,,,,,,,
100% Methanol,,,,,,,,,,,,,,,,,,,,,,,,,,,,,,,,,,,,,,11-16% Methanol,,,,,,,,,,,,,,,,,,,,,,,,,,,,,,,,,,,,1089 cm-1,,,,,,,,,,,,,,,,,,,,,,,,,,,,,,,,,,,,,,,,,,,,,,,,,,
0min 100W,,,,60min 100W,,,,,,,,,,,,,,0min 50W,,,,,,,,,,,,75min 50W,,,,,,,,0 min 100W,,,,,,,,60 min 100W,,,,,,,,,,,,,,0min 50W,,,,,,,,75min 50W,,,,,,0 min 100W 100%,60 min 100W 100%,,,,,0 min 50W 100%,,,,,75 min 50W 100%,,,0min 100W 11-16%,,,60min 100W 11-16%,,,,,,0min 50W 11-16%,,,75min 50W 11-16%,,,,1089,,,,,,,,,,,,,,,,,,,,
,,110923,,,,101223,,092823 - IR out,,91523,,83123,,102824,,Average,st. dev.,,,010324 -2nd good,,122123 -power surge,,122723 -purge,,121823 -oscillate,,Average,st. dev.,,,010523,,122923 -purge,,Average,st. dev.,,,81524,,81624,,Average,st. dev.,,,71824,,090324 -purge,,92424,,100824 -purge,,101524,,Average,st. dev.,,,82724,,083024 -purge,,Average,st. dev.,,,91724,,,,110923,101223,92823,91523,83123,ave,10324,122123,122723,121823,ave,10524,122923,ave,81524,81624,ave,71824,90324,92424,100824,101524,ave,82724,83024,ave,91724,,,,100%,,,,14-19%,,,,,,,,,,,,,,,,
Temp,Fluence,Integrated Absorbance,Normalized,Time/Temp,Fluence,Integrated Absorbance,Normalized,Integrated Absorbance,Normalized,Integrated Absorbance,Normalized,Integrated Absorbance,Normalized,Integrated Absorbance,Normalized,Normalized,Normalized,Temp,Fluence,Integrated Absorbance,Normalized,Integrated Absorbance,Normalized,Integrated Absorbance,Normalized,Integrated Absorbance,Normalized,Normalized,Normalized,Time/Temp,Fluence,Integrated Absorbance,Normalized,Integrated Absorbance,Normalized,Normalized,Normalized,Temp,Fluence,Integrated Absorbance,Normalized,Integrated Absorbance,Normalized,Normalized,Normalized,Time/Temp,Fluence,Integrated Absorbance,Normalized,Integrated Absorbance,Normalized,Integrated Absorbance,Normalized,Integrated Absorbance,Normalized,Integrated Absorbance,Normalized,Normalized,Normalized,Temp,Fluence,Integrated Absorbance,Normalized,Integrated Absorbance,Normalized,Normalized,Normalized,Time/Temp,Fluence,Integrated Absorbance,Normalized,,,Propagated 1sigma error,Propagated 1sigma error,Propagated 1sigma error,Propagated 1sigma error,Propagated 1sigma error,Propagated 1sigma error,Propagated 1sigma error,Propagated 1sigma error,Propagated 1sigma error,Propagated 1sigma error,Propagated 1sigma error,Propagated 1sigma error,Propagated 1sigma error,Propagated 1sigma error,Propagated 1sigma error,Propagated 1sigma error,Propagated 1sigma error,Propagated 1sigma error,Propagated 1sigma error,Propagated 1sigma error,Propagated 1sigma error,Propagated 1sigma error,Propagated 1sigma error,Propagated 1sigma error,Propagated 1sigma error,Propagated 1sigma error,Propagated 1sigma error,,fluence,normalized absorbance,temp,fluence,norm. int. absorbance,error,temp,fluence,norm. int. absorbance,error,,,,,,,,,,,,,
,,,,,,,,,,,,,,,,,,,,,,,,,,,,,,,,,,,,,,,,,,,,,,,,,,,,,,,,,,,,,,,,,,,,,,,,,,,,,,,,,,,,,,,,,,,,,,,,,,,,,,,,20,1.54E+17,0.00761998,0.000370693,20,1.54E+17,0.003542943,0.000214423,,,,,,,,,,,,,
20K,1.62E+17,0.03934,0.00608,10,1.62E+17,0.02473,0.00383,0.05253,0.009756686,0.02119,0.003684577,0.0127,0.00472,,,0.006053754,0.002875901,20K,1.515E+17,0.03643,0.005283539,0.0281,0.004401629,0.03518,0.005201064,0.03817,0.005732092,0.005154581,0.000553548,12.5,1.515E+17,0.02668,0.00413,0.02367,0.00387,0.004,0.00013,20K,1.62E+17,0.00375,0.004456328,0.00356,0.003458661,0.003957494,0.000705457,10,1.62E+17,-0.00072,-0.000658,0.001,0.00134,0.00052,0.000553,0.00119,0.00137,0.00013,0.000133566,0.000849142,0.00085574,20K,1.515E+17,0.00031,0.000448,0.00098,0.00112,0.000784,0.000475176,12.5,1.515E+17,0.00046,0.000530259,,,0.000295749,0.000186144,0.000474638,0.000179245,0.000229384,0.000267353,0.000257031,0.000214128,0.000253019,0.000278852,0.000250757,0.00020076,0.000188459,0.00019461,0.000216789,0.000168255,0.000192522,3.20283E-05,6.49672E-05,2.69257E-05,6.68713E-05,6.49766E-06,3.9458E-05,2.17898E-05,5.46663E-05,3.82281E-05,2.57958E-05,,1.62E+17,0.006053754,50,6.17E+17,0.018884892,0.000918702,50,6.17E+17,0.005676588,0.000329392,,,,,,,,,,,,,
30K,3.24E+17,0.06315,0.00976,20,3.24E+17,0.02763,0.00428,0.03185,0.005915676,0.02685,0.004668753,0.01592,0.00591,,,0.005498143,0.000845528,30K,3.03E+17,0.06169,0.008947063,0.04834,0.007572055,0.05895,0.008715257,0.06119,0.009189067,0.008605861,0.000715838,25,3.03E+17,0.03433,0.00531,0.03276,0.00536,0.005335,2.5E-05,30K,3.24E+17,0.00741,0.008805704,0.00376,0.003652968,0.006229336,0.003643535,20,3.24E+17,-0.00107,-0.000978,0.00086,0.00115,0.00126,0.00134,0.00201,0.00232,0.00076,0.000780849,0.001397712,0.001205304,30K,3.03E+17,0.0006,0.000867,0.00267,0.00306,0.0019635,0.001550685,25,3.03E+17,0.00106,0.001221902,,,0.000474747,0.000207973,0.000287783,0.000227123,0.000287543,0.000252605,0.000435252,0.000368361,0.000423975,0.000447025,0.000418653,0.000258324,0.000260833,0.000259579,0.000428375,0.000177708,0.000303041,4.75976E-05,5.58718E-05,6.5243E-05,0.000112951,3.79863E-05,6.39299E-05,4.21738E-05,0.000148938,9.55558E-05,5.94424E-05,,3.24E+17,0.005498143,100,1.39E+18,0.023522441,0.001144307,70,9.26E+17,0.007339242,0.000357036,,,,,,,,,,,,,
40K,4.86E+17,0.08596,0.0133,30,4.86E+17,0.03015,0.00467,0.03388,0.006292719,0.02964,0.005153886,0.01985,0.00737,,,0.006272202,0.001208511,40K,4.545E+17,0.08451,0.012256708,0.06722,0.010529449,0.08263,0.012216144,0.08142,0.012227061,0.011807341,0.0008521,37.5,4.545E+17,0.04195,0.00649,0.03783,0.00619,0.00634,0.00015,40K,4.86E+17,0.01051,0.012489602,0.0077,0.007480812,0.009985207,0.003541749,30,4.86E+17,-0.0017,-0.00155,0.00188,0.00251,0.0011,0.00117,0.0023,0.00266,0.00198,0.002034316,0.002093579,0.001729977,40K,4.545E+17,0.00213,0.00308,0.00344,0.00394,0.00351,0.000608112,37.5,4.545E+17,0.00095,0.001095101,,,0.000646227,0.000226941,0.000306125,0.000250723,0.000358525,0.000285579,0.000596258,0.000512231,0.000594284,0.000594815,0.000574397,0.000315663,0.0003012,0.000308432,0.000607587,0.000363922,0.000485755,7.56224E-05,0.000122138,5.69582E-05,0.000129247,9.89643E-05,9.6586E-05,0.000149717,0.00019189,0.000170803,5.32739E-05,,4.86E+17,0.006272202,130,1.85E+18,0.018468199,0.000898431,100,1.39E+18,0.003956591,0.000313446,,,,,,,,,,,,,
50K,6.48E+17,0.105,0.0162,40,6.48E+17,0.03123,0.00483,0.03538,0.006571322,0.03283,0.005708572,0.01874,0.00696,,,0.006413298,0.000948792,50K,6.06E+17,0.1103,0.015997099,0.0889,0.013925439,0.1049,0.015508575,0.10585,0.01589578,0.015331723,0.000960867,50,6.06E+17,0.0407,0.0063,0.04156,0.0068,0.00655,0.00025,50K,6.48E+17,0.0154,0.018300654,0.00968,0.00940445,0.013852552,0.006290566,40,6.48E+17,-0.00123,-0.00112,0.00195,0.0026,0.00207,0.0022,0.00259,0.00299,0.0021,0.002157608,0.002486902,0.001648062,50K,6.06E+17,0.00422,0.0061,0.00497,0.0057,0.0059,0.000282843,50,6.06E+17,0.00074,0.000853026,,,0.000789365,0.00023507,0.000319678,0.000277707,0.000338477,0.000292733,0.000778218,0.000677437,0.000754453,0.000773289,0.000745849,0.000306257,0.000330898,0.000318578,0.00089028,0.000457502,0.000673891,5.4715E-05,0.000126686,0.000107185,0.000145543,0.000104962,0.000107818,0.000296622,0.000277236,0.000286929,4.14975E-05,,6.48E+17,0.006413298,150,2.16E+18,0.010453782,0.00050855,130,1.85E+18,0.013314389,0.000647711,,,,,,,,,,,,,
60K,8.1E+17,0.1316,0.0203,50,8.1E+17,,,0.03681,0.006836924,0.03261,0.005670318,0.02013,0.00747,,,0.006659081,0.000912927,60K,7.575E+17,0.1362,0.019753445,0.1122,0.017575188,0.1279,0.01890893,0.128,0.019222105,0.018864917,0.000927794,62.5,7.575E+17,0.04315,0.00667,0.04218,0.0069,0.006785,0.000115,60K,8.1E+17,0.01602,0.019037433,0.01156,0.011230934,0.015134184,0.005520028,50,8.1E+17,-0.00145,-0.00133,0.00182,0.00243,0.00207,0.0022,0.00304,0.00351,0.00211,0.002167882,0.002576971,0.001831198,60K,7.575E+17,0.00429,0.0062,0.00658,0.00755,0.006875,0.000954594,62.5,7.575E+17,0.00108,0.001244957,,,0.000989338,,0.000332599,0.000275847,0.000363583,0.000324009,0.000960955,0.000854988,0.000919871,0.000935106,0.00091773,0.000324693,0.000335835,0.000330264,0.000926123,0.000546356,0.000736239,6.45015E-05,0.00011824,0.000107185,0.000170831,0.000105462,0.000113244,0.000301542,0.000367045,0.000334294,6.0564E-05,,8.1E+17,0.006659081,,,,,150,2.16E+18,0.009699823,0.000471872,,,,,,,,,,,,,
70K,9.72E+17,0.1596,0.0247,60,9.72E+17,0.03241,0.00501,0.03746,0.006957652,0.03496,0.006078943,0.02144,0.00796,,,0.006998865,0.001256771,70K,9.09E+17,0.1592,0.023089195,0.1337,0.020942982,0.1537,0.022723241,0.1525,0.022901337,0.022414189,0.000992121,75,9.09E+17,0.0447,0.00691,0.04432,0.00725,0.00708,0.00017,70K,9.72E+17,0.01883,0.022376708,0.01305,0.012678519,0.017527614,0.006857655,60,9.72E+17,-0.00151,-0.00138,0.00229,0.00306,0.00208,0.00221,0.00358,0.00414,0.00269,0.002763793,0.003043448,0.002099349,70K,9.09E+17,0.00535,0.00773,0.00807,0.00925,0.00849,0.001074802,75,9.09E+17,0.00114,0.001314121,,,0.001199835,0.000243952,0.000338472,0.000295725,0.000387243,0.000316348,0.00112323,0.001018823,0.001105428,0.001114092,0.001090393,0.000336356,0.000352873,0.000344615,0.00108857,0.000616778,0.000852674,6.71705E-05,0.000148775,0.000107703,0.000201176,0.000134451,0.000131855,0.000376049,0.00045016,0.000413105,6.39286E-05,,9.72E+17,0.006998865,,,,,,,,,,,,,,,,,,,,,
80K,1.134E+18,0.1787,0.0276,20K,1.134E+18,,,,,,,,,,,,,80K,1.0605E+18,0.1854,0.02688905,0.1575,0.024671053,0.1796,0.026552336,0.176,0.026430395,0.026135709,0.000995516,20K,1.0605E+18,0.04965,0.00768,0.05037,0.00824,0.00796,0.00028,80K,1.134E+18,0.02007,0.023850267,0.01567,0.015223939,0.019537103,0.006099735,20K,1.134E+18,,-0.001019,0.00248,0.00331,0.00287,0.00305,0.00385,0.00445,0.00253,0.002599404,0.003352351,0.002070745,80K,1.0605E+18,0.0072,0.0104,0.00937,0.0107,0.01055,0.000212132,20K,1.0605E+18,0.0016,0.00184438,,,0.001343424,,,,,,0.001308084,0.001200184,0.001291703,0.001285771,0.001271436,0.000373603,0.000401043,0.000387323,0.001160255,0.000740606,0.00095043,,0.000161119,0.000148609,0.000216348,0.000126454,0.000163133,0.000506085,0.000522677,0.000514381,8.97244E-05,,1.296E+18,0.0100295,,,,,,,,,,,,,,,,,,,,,
90K,1.296E+18,0.2003,0.031,30K,1.296E+18,0.04294,0.00664,0.05337,0.009912704,0.05277,0.009175796,0.02952,0.011,,,0.0100295,0.001853002,90K,1.212E+18,0.212,0.030746918,0.1834,0.02872807,0.2049,0.030292726,0.2048,0.030755369,0.030130771,0.000959785,30K,1.212E+18,0.06251,0.00967,0.06096,0.00998,0.009825,0.000155,90K,1.296E+18,0.02097,0.024919786,0.01753,0.017030992,0.020975389,0.00557822,30K,1.296E+18,-0.00072,-0.000658,0.00364,0.00486,0.00394,0.00419,0.0043,0.00497,0.00392,0.004027535,0.004511884,0.002347947,90K,1.212E+18,0.00875,0.0126,0.01182,0.013553492,0.013076746,0.000674221,30K,1.212E+18,0.00217,0.002501441,,,0.001505808,0.000323212,0.000482228,0.000446379,0.000533182,0.00044625,0.001495759,0.001397547,0.001473664,0.00149617,0.001465785,0.000470372,0.00048536,0.000477866,0.001212284,0.000828514,0.001020399,3.20283E-05,0.000236481,0.000204014,0.000241636,0.000195929,0.000182018,0.000615034,0.000659343,0.000637188,0.000121689,,1.62E+18,0.015271002,,,,,,,,,,,,,,,,,,,,,
100K,1.458E+18,0.2197,0.034,40K,1.458E+18,,,,,,,,,,,,,100K,1.3635E+18,0.235,0.034082669,0.2062,0.032299499,0.2303,0.034047901,0.2245,0.033713771,0.03353596,0.000840918,40K,1.3635E+18,0.07632,0.0118,0.07318,0.012,0.0119,0.0001,100K,1.458E+18,0.02146,0.02550208,0.01875,0.018216263,0.021859171,0.00515185,40K,1.458E+18,,0.000014,0.0044,0.00588,0.00503,0.00535,0.00555,0.00641,0.00506,0.005198808,0.005709702,0.002591459,100K,1.3635E+18,0.01108,0.016,0.01293,0.0148,0.0154,0.000848528,40K,1.3635E+18,0.00411,0.004737752,,,0.001651653,,,,,,0.001658035,0.001571288,0.001656343,0.001640089,0.001631439,0.000574288,0.000582655,0.000578471,0.001240611,0.000886175,0.001063393,,0.000285856,0.000260454,0.000311879,0.000252909,0.000277774,0.000778809,0.000721261,0.000750035,0.00023048,,1.944E+18,0.021153894,,,,,,,,,,,,,,,,,,,,,
110K,1.62E+18,0.2305,0.0356,50K,1.62E+18,0.06469,0.01,0.07994,0.014847697,0.08319,0.01446531,0.04432,0.0165,,,0.015271002,0.00277947,110K,1.515E+18,0.2512,0.036432197,0.2312,0.036215539,0.2468,0.036487286,0.2404,0.036101517,0.036309135,0.000181427,50K,1.515E+18,0.09499,0.0147,0.09139,0.015,0.01485,0.00015,110K,1.62E+18,0.02161,0.025680333,0.02036,0.019780433,0.022730383,0.004171859,50K,1.62E+18,0.00075,0.000686,0.00597,0.00797,0.00702,0.00747,0.00653,0.00754,0.00667,0.006852974,0.007458244,0.003054738,110K,1.515E+18,0.01242,0.0179,0.0163,0.0187,0.0183,0.000565685,50K,1.515E+18,0.00558,0.006432277,,,0.001732844,0.000486926,0.000722303,0.0007037,0.000800496,0.000678356,0.001772333,0.001761794,0.001775013,0.001756247,0.001766347,0.000714775,0.000727642,0.000721208,0.001249283,0.000962268,0.001105775,3.33628E-05,0.000387854,0.000363497,0.000366949,0.00033338,0.000297009,0.000872997,0.000909246,0.000891122,0.000312914,,2.268E+18,0.027405699,,,,,,,,,,,,,,,,,,,,,
120K,1.782E+18,0.2352,0.0363,60K,1.782E+18,,,,,,,,,,,,,120K,1.6665E+18,0.2615,0.037926033,0.237,0.03712406,0.2581,0.038157895,0.2481,0.037257847,0.037616459,0.000503338,60K,1.6665E+18,0.1148,0.0178,0.10923,0.0179,0.01785,5E-05,120K,1.782E+18,0.02155,0.025609031,0.02287,0.022218984,0.023914008,0.002397126,60K,1.782E+18,,0.000883,0.0069,0.00921,0.00762,0.00811,0.00821,0.00948,0.00704,0.007233124,0.008508281,0.003526231,120K,1.6665E+18,0.01516,0.0219,0.01843,0.0211,0.0215,0.000565685,60K,1.6665E+18,0.00644,0.007423631,,,0.001768178,,,,,,0.001845005,0.001805991,0.001856284,0.001812499,0.001829945,0.00086384,0.000869683,0.000866761,0.001245814,0.001080897,0.001163355,,0.000448274,0.000394565,0.000461356,0.000351873,0.000414017,0.001065591,0.001028062,0.001046826,0.000361141,,2.592E+18,0.030557436,,,,,,,,,,,,,,,,,,,,,
130K,1.944E+18,0.2345,0.0362,70K,1.944E+18,0.0891,0.0138,0.1118,0.02076523,0.1173,0.020396453,0.05999,0.0223,,,0.021153894,0.003768207,130K,1.818E+18,0.2574,0.0373314,0.2349,0.036795113,0.2593,0.038335305,0.2523,0.037888572,0.037587598,0.000669159,70K,1.818E+18,0.1353,0.0209,0.128,0.0209,0.0209,0,130K,1.944E+18,0.02204,0.026191325,0.0249,0.024191198,0.025191262,0.001414303,70K,1.944E+18,0.00118,0.00108,0.0081,0.0108,0.00906,0.00964,0.00921,0.0106,0.00968,0.009945546,0.010246387,0.004126374,130K,1.818E+18,0.01621,0.0234,0.02166,0.0248,0.0241,0.000989949,70K,1.818E+18,0.00785,0.009048991,,,0.001762916,0.000670662,0.001010175,0.000992235,0.001083523,0.000939149,0.001816077,0.001789988,0.001864915,0.001843182,0.001828541,0.001018097,0.001019128,0.001018613,0.001274141,0.00117684,0.001225491,5.24908E-05,0.000526234,0.000469128,0.00051755,0.000483825,0.000409846,0.001139395,0.001208237,0.001173816,0.00044021,,2.916E+18,0.028872195,,,,,,,,,,,,,,,,,,,,,
140K,2.106E+18,0.2098,0.0324,80K,2.106E+18,,,,,,,,,,,,,140K,1.9695E+18,0.2387,0.034619289,0.2179,0.034132206,0.2403,0.035526316,0.2345,0.035215498,0.034873327,0.000621093,80K,1.9695E+18,0.1557,0.0241,0.1491,0.0244,0.02425,0.00015,140K,2.106E+18,0.02419,0.028746286,0.02581,0.025075294,0.02691079,0.002595784,80K,2.106E+18,,0.002035,0.00932,0.0124,0.01073,0.0114,0.01032,0.0119,0.01088,0.011178465,0.011719616,0.004356716,140K,1.9695E+18,0.019,0.0275,0.02299,0.0264,0.02695,0.000777817,80K,1.9695E+18,0.01006,0.011596542,,,0.001577227,,,,,,0.00168414,0.001660445,0.001728265,0.001713144,0.001696498,0.001171602,0.001187125,0.001179364,0.001398433,0.001219849,0.001309141,,0.000605494,0.000555601,0.000579926,0.000543804,0.000571206,0.001335503,0.001282427,0.001308965,0.000564142,,3.24E+18,0.022528813,,,,,,,,,,,,,,,,,,,,,
150K,2.268E+18,0.1897,0.0293,90K,2.268E+18,0.1112,0.0172,0.1438,0.026708767,0.1559,0.027108329,0.07656,0.0284,,,0.027405699,0.005153639,150K,2.121E+18,0.2073,0.030065265,0.1896,0.029699248,0.2071,0.030617978,0.205,0.030785403,0.030291974,0.000500823,90K,2.121E+18,0.1763,0.0273,0.169,0.0277,0.0275,0.0002,150K,2.268E+18,0.02305,0.027391563,0.02294,0.022286991,0.024839277,0.003609477,90K,2.268E+18,0.00327,0.00299,0.01087,0.0145,0.01225,0.013,0.01155,0.0133,0.01243,0.012770985,0.013392746,0.004699712,150K,2.121E+18,0.01638,0.0237,0.0207,0.0237,0.0237,0,90K,2.121E+18,0.01144,0.01318732,,,0.00142612,0.00083701,0.001299313,0.001318751,0.001382806,0.00120947,0.001462598,0.001444793,0.001489486,0.001497631,0.001473627,0.001326612,0.001345568,0.00133609,0.00133253,0.001084205,0.001208367,0.000145462,0.000706194,0.000634307,0.000649045,0.000621276,0.000551257,0.001151344,0.001154687,0.001153015,0.000641529,,3.564E+18,0.015621132,,,,,,,,,,,,,,,,,,,,,
160K,2.43E+18,0.1608,0.0248,100K,2.43E+18,,,,,,,,,,,,,160K,2.2725E+18,0.1753,0.02542422,0.1615,0.025297619,0.1739,0.025709639,0.17,0.025529359,0.025490209,0.000174287,100K,2.2725E+18,0.1928,0.0298,0.1879,0.0308,0.0303,0.0005,160K,2.43E+18,0.01885,0.022400475,0.01872,0.018187117,0.020293796,0.002979294,100K,2.43E+18,,0.00388,0.01158,0.0155,0.01438,0.0153,0.01328,0.0153,0.01419,0.014579266,0.015169817,0.005061117,160K,2.2725E+18,0.01246,0.018,0.0152,0.0174,0.0177,0.000424264,100K,2.2725E+18,0.01322,0.015239193,,,0.001208856,,,,,,0.001236823,0.001230665,0.001250708,0.001241938,0.001240034,0.00145077,0.001496048,0.001473409,0.001089726,0.000884757,0.000987241,,0.00075232,0.000744599,0.000746261,0.000709244,0.000738106,0.000875809,0.000847886,0.000861847,0.000741348,,3.888E+18,0.010223031,,,,,,,,,,,,,,,,,,,,,
170K,2.592E+18,0.1246,0.0193,110K,2.592E+18,0.1192,0.0184,0.1603,0.029773403,0.18,0.031298905,0.08234,0.0306,,,0.030557436,0.006110612,170K,2.424E+18,0.1415,0.020522117,0.1316,0.020614035,0.1367,0.020209935,0.1211,0.018185914,0.019883,0.001144533,110K,2.424E+18,0.2037,0.0315,0.2005,0.0328,0.03215,0.00065,170K,2.592E+18,0.01259,0.014961378,0.00975,0.009472457,0.012216918,0.003881254,110K,2.592E+18,0.00522,0.00477,0.01264,0.0169,0.01599,0.017,0.01385,0.016,0.01642,0.016870441,0.01669261,0.005347143,170K,2.424E+18,0.00595,0.0086,0.00898,0.0103,0.00945,0.001202082,110K,2.424E+18,0.0155,0.017867435,,,0.000936713,0.000897227,0.0014484,0.001522612,0.001487202,0.00133886,0.000998349,0.00100282,0.000983162,0.000884698,0.000967257,0.00153279,0.001596369,0.001564579,0.000727833,0.000460811,0.000594322,0.000232205,0.000821186,0.000827965,0.000778292,0.000820704,0.00069607,0.000418223,0.000500922,0.000459573,0.000869205,,4.212E+18,0.005392122,,,,,,,,,,,,,,,,,,,,,
180K,2.754E+18,0.0926,0.0143,120K,2.754E+18,,,,,,,,,,,,,180K,2.5755E+18,0.1124,0.016301668,0.1025,0.016055764,0.1083,0.016011236,0.1079,0.016203634,0.016143076,0.000133945,120K,2.5755E+18,0.2083,0.0322,0.2061,0.0337,0.03295,0.00075,180K,2.754E+18,0.00562,0.00667855,0.00441,0.00428,0.005479275,0.001696031,120K,2.754E+18,,0.005095,0.01374,0.0183,0.01756,0.0187,0.01465,0.0169,0.01852,0.019028049,0.018232012,0.005930776,180K,2.5755E+18,0.00323,0.00467,0.00467,0.00535,0.00501,0.000480833,120K,2.5755E+18,0.01737,0.020023055,,,0.000696145,,,,,,0.000793035,0.000781072,0.000778906,0.000788265,0.000785319,0.001567403,0.001640956,0.00160418,0.000324894,0.000208428,0.000266661,,0.000892649,0.000909259,0.000823247,0.000925666,0.000887706,0.000227035,0.000260502,0.000243769,0.000974071,,4.536E+18,0.002365871,,,,,,,,,,,,,,,,,,,,,
190K,2.916E+18,0.07058,0.0109,130K,2.916E+18,0.1127,0.0174,0.1563,0.029030461,0.1713,0.029786124,0.0749,0.0278,,,0.028872195,0.005794203,190K,2.727E+18,0.08808,0.012774474,0.07833,0.012269737,0.08333,0.012319633,0.08142,0.012227061,0.012397726,0.000253998,130K,2.727E+18,0.2069,0.032,0.2075,0.034,0.033,0.001,190K,2.916E+18,0.00263,0.003125371,0.00192,0.00187,0.002497686,0.000887682,130K,2.916E+18,0.00593,0.00542,0.01528,0.0204,0.01843,0.0196,0.01487,0.0172,0.02028,0.02083633,0.019509083,0.006455564,190K,2.727E+18,0.00208,0.00301,0.00249,0.00286,0.002935,0.000106066,130K,2.727E+18,0.02006,0.023123919,,,0.000530604,0.000848301,0.001412258,0.001449019,0.001352823,0.0012656,0.000621446,0.000596891,0.000599319,0.000594815,0.000603118,0.001556869,0.001652102,0.001604486,0.000152041,9.07443E-05,0.000121393,0.000263789,0.000992699,0.000954308,0.00083561,0.001013634,0.000812008,0.000146202,0.000138897,0.00014255,0.00112492,,4.86E+18,0.000692208,,,,,,,,,,,,,,,,,,,,,
200K,3.078E+18,0.05788,0.00894,140K,3.078E+18,,,,,,,,,,,,,200K,2.8785E+18,0.06601,0.009573604,0.06251,0.009791667,0.06466,0.009559432,0.06268,0.009412825,0.009584382,0.000156138,140K,2.8785E+18,0.191,0.0295,,,0.0295,,200K,3.078E+18,0.00082,0.00097445,0.00114,0.00111,0.001042225,9.58481E-05,140K,3.078E+18,,0.00622,0.01575,0.021,0.01899,0.0202,0.01526,0.0176,0.02121,0.021791842,0.020147961,0.006424827,200K,2.8785E+18,0.00057,0.000824,0.00118,0.00135,0.001087,0.000371938,140K,2.8785E+18,0.02069,0.023850144,,,0.000435128,,,,,,0.000465731,0.00047634,0.000465042,0.00045791,0.000466256,0.001437225,,0.001437225,4.74045E-05,5.38794E-05,5.0642E-05,,0.001023234,0.000983305,0.000857526,0.001060118,0.000981045,4.00651E-05,6.58227E-05,5.29439E-05,0.001160249,,5.184E+18,0.00022579,,,,,,,,,,,,,,,,,,,,,
210K,3.24E+18,0.04202,0.00649,150K,3.24E+18,0.09513,0.0147,0.1213,0.022529718,0.1372,0.023856721,0.05707,0.0212,,,0.022528813,0.004061889,210K,3.03E+18,0.04937,0.007160261,0.04652,0.007286967,0.04423,0.00653903,0.04972,0.007466587,0.007113211,0.000402891,150K,3.03E+18,0.1672,0.0259,0.1666,0.0273,0.0266,0.0007,210K,3.24E+18,-0.00011,-0.000130719,-0.00026,-0.000253,-0.000191859,8.64658E-05,150K,3.24E+18,0.00768,0.00702,0.01395,0.0186,0.01763,0.0188,0.01326,0.0153,0.01846,0.018966403,0.017916601,0.005103549,210K,3.03E+18,-0.00023,-0.000332,-0.00048,-0.00055,-0.000441,0.000154149,150K,3.03E+18,0.01889,0.021775216,,,0.000315896,0.00071605,0.001096013,0.001160569,0.001030783,0.001000854,0.000348328,0.000354492,0.000318107,0.00036323,0.00034604,0.001258137,0.001326459,0.001292298,6.35914E-06,1.22883E-05,9.32372E-06,0.000341635,0.000906293,0.000912884,0.000745137,0.000922667,0.000765723,1.61666E-05,2.67753E-05,2.1471E-05,0.001059309,,5.508E+18,0.000156635,,,,,,,,,,,,,,,,,,,,,
220K,3.402E+18,0.03725,0.00576,160K,3.402E+18,,,,,,,,,,,,,220K,3.1815E+18,0.0332,0.004815083,0.03005,0.00470708,0.02501,0.003697516,0.0327,0.004910647,0.004532582,0.000562887,160K,3.1815E+18,0.1435,0.0222,0.1453,0.0238,0.023,0.0008,220K,3.402E+18,-0.00075,-0.000891266,-0.00021,-0.000204,-0.000547633,0.00048597,160K,3.402E+18,,0.00508,0.01024,0.0137,0.01349,0.0144,0.00995,0.0115,0.01539,0.015812185,0.013853046,0.004221099,220K,3.1815E+18,-0.00054,-0.00078,-0.00072,-0.000826,-0.000803,3.25269E-05,160K,3.1815E+18,0.01529,0.01762536,,,0.000280037,,,,,,0.000234242,0.000228987,0.000179875,0.00023889,0.000220499,0.0010798,0.00115687,0.001118335,4.33578E-05,9.92516E-06,2.66415E-05,,0.000665264,0.000698514,0.000559134,0.000769222,0.000673034,3.79564E-05,4.0163E-05,3.90597E-05,0.000857429,,5.832E+18,0.000214882,,,,,,,,,,,,,,,,,,,,,
230K,3.564E+18,0.02891,0.00447,170K,3.564E+18,0.06951,0.0108,0.07717,0.01433321,0.09449,0.016430186,0.04326,0.0161,,,0.015621132,0.002580382,230K,3.333E+18,0.01717,0.00249021,0.01962,0.003073308,0.01429,0.002112655,0.01879,0.002821745,0.00262448,0.000416475,170K,3.333E+18,0.1172,0.0181,0.1196,0.0196,0.01885,0.00075,230K,3.564E+18,-0.00158,-0.0018776,-0.00141,-0.00137,-0.0016238,0.000358927,170K,3.564E+18,0.00343,0.00314,0.00504,0.00673,0.00698,0.00743,0.00502,0.0058,0.000825,0.00847632,0.00710908,0.002026857,230K,3.333E+18,-0.00119,-0.00172,-0.00162,-0.00186,-0.00179,9.89949E-05,170K,3.333E+18,0.0094,0.010835735,,,0.000217339,0.000523207,0.000697274,0.000799287,0.00078135,0.000700279,0.000121142,0.000149509,0.000102775,0.000137271,0.000127674,0.0008819,0.000952248,0.000917074,9.13404E-05,6.66403E-05,7.89904E-05,0.000152579,0.000327435,0.000361425,0.000282096,4.12351E-05,0.000232954,8.36447E-05,9.03668E-05,8.70057E-05,0.000527131,,,,,,,,,,,,,,,,,,,,,,,,
240K,3.726E+18,0.01532,0.00237,180K,3.726E+18,,,,,,,,,,,,,240K,3.4845E+18,0.01049,0.001521392,0.01222,0.00191416,0.00873,0.001290656,0.01004,0.001507734,0.001558486,0.000259608,180K,3.4845E+18,0.0862,0.0133,0.09421,0.0154,0.01435,0.00105,240K,3.726E+18,-0.00185,-0.002198455,-0.00109,-0.00106,-0.001629228,0.000805009,180K,3.726E+18,,0.001305,0.00287,0.00383,0.00322,0.00343,0.00191,0.00221,0.00509,0.005229631,0.003674908,0.001511648,240K,3.4845E+18,-0.00111,-0.0016,-0.00138,-0.00158,-0.00159,1.41421E-05,180K,3.4845E+18,0.00572,0.00659366,,,0.000115172,,,,,,7.40119E-05,9.3119E-05,6.27871E-05,7.33474E-05,7.58164E-05,0.000648633,0.000750094,0.000699363,0.000106949,5.15163E-05,7.92328E-05,,0.000186456,0.000166732,0.000107331,0.000254408,0.000178732,7.80215E-05,7.69791E-05,7.75003E-05,0.000320765,,,,,,,,,,,,,,,,,,,,,,,,
250K,3.888E+18,0.0096,0.00148,190K,3.888E+18,0.04049,0.00626,,,0.05835,0.010146062,0.02785,0.0103,,,0.010223031,0.002289351,250K,3.636E+18,0.00513,0.000744017,0.00728,0.001140351,0.00296,0.000437611,0.00604,0.000907043,0.000807256,0.000295266,190K,3.636E+18,0.06845,0.0106,0.07506,0.0123,0.01145,0.00085,250K,3.888E+18,-0.00147,-0.001746881,-0.00152,-0.00148,-0.00161344,0.000188713,190K,3.888E+18,-0.00058,-0.00053,0.00074,0.000988,0.00168,0.00179,0.00096,0.00111,0.00301,0.003092572,0.001745143,0.001316745,250K,3.636E+18,-0.00057,-0.000824,-0.00133,-0.00153,-0.001177,0.000499217,190K,3.636E+18,0.00378,0.004357349,,,7.21705E-05,0.000304771,0.000456386,0.00049358,0.000503019,0.000439439,3.61945E-05,5.54752E-05,2.12887E-05,4.41253E-05,3.92709E-05,0.000515068,0.000597623,0.000556346,8.49813E-05,7.18392E-05,7.84103E-05,2.58006E-05,4.80757E-05,8.69906E-05,5.39466E-05,0.000150446,7.30519E-05,4.00651E-05,7.419E-05,5.71275E-05,0.000211974,,,,,,,,,,,,,,,,,,,,,,,,
260K,4.05E+18,0.00359,0.000555,200K,4.05E+18,,,,,,,,,,,,,260K,3.7875E+18,0.0043,0.00062364,0.00254,0.00039787,0.00088,0.000130101,0.00418,0.000627722,0.000444833,0.000235713,200K,3.7875E+18,0.04997,0.00773,0.05605,0.00917,0.00845,0.00072,260K,4.05E+18,-0.00142,-0.001687463,-0.00089,-0.000865,-0.001276231,0.000581569,200K,4.05E+18,,-0.000835,-0.00083,-0.00111,0.00052,0.000553,0.00003,0.0000347,0.00133,0.001366485,0.000211046,0.001012868,260K,3.7875E+18,-0.00086,-0.00124,-0.0016,-0.00183,-0.001535,0.000417193,200K,3.7875E+18,0.00152,0.001752161,,,2.69888E-05,,,,,,3.03385E-05,1.93553E-05,6.32906E-06,3.05371E-05,2.164E-05,0.000376011,0.000446267,0.000411139,8.20908E-05,4.20638E-05,6.20773E-05,,5.39228E-05,2.69257E-05,1.68583E-06,6.6476E-05,3.72526E-05,6.04491E-05,8.92511E-05,7.48501E-05,8.52382E-05,,,,,,,,,,,,,,,,,,,,,,,,
270K,4.212E+18,0.00253,0.000391,210K,4.212E+18,0.0168,0.0026,,,0.03223,0.005604243,0.01395,0.00518,,,0.005392122,0.001625928,270K,3.939E+18,0.00534,0.000774474,0.00241,0.000377506,0.00167,0.000246895,0.00183,0.000274816,0.000418423,0.00024392,210K,3.939E+18,0.03633,0.00562,0.04078,0.00667,0.006145,0.000525,270K,4.212E+18,-0.00191,-0.002269756,-0.00143,-0.00139,-0.001829878,0.000622082,210K,4.212E+18,-0.00125,-0.00114,-0.00041,-0.000548,0.0004,0.000426,-0.00011,-0.000127,0.0005,0.000513716,0.000066179,0.000690686,270K,3.939E+18,-0.00074,-0.00107,-0.0008,-0.000917,-0.0009935,0.000108187,210K,3.939E+18,0.00036,0.000414986,,,1.90199E-05,0.000126455,0.000195349,0.000272632,0.000251961,0.000211599,3.76762E-05,1.83647E-05,1.20108E-05,1.33691E-05,2.03552E-05,0.000273374,0.000324688,0.000299031,0.000110418,6.75856E-05,8.90017E-05,5.56047E-05,2.66366E-05,2.07121E-05,6.18138E-06,2.4991E-05,2.68251E-05,5.20143E-05,4.46256E-05,4.83199E-05,2.0188E-05,,,,,,,,,,,,,,,,,,,,,,,,
280K,4.374E+18,0.00167,0.000258,220K,4.374E+18,,,,,,,,,,,,,280K,4.0905E+18,0.0039,0.000565627,0.00178,0.000278822,0.00037,0.0000547,0.00143,0.000214747,0.000278474,0.00021338,220K,4.0905E+18,0.02222,0.00344,0.02287,0.00374,0.00359,0.00015,280K,4.374E+18,-0.00146,-0.001734997,-0.00153,-0.00149,-0.001612499,0.000173239,220K,4.374E+18,,-0.00121,-0.00105,-0.0014,-0.00105,-0.00112,0.00033,0.000381,-0.00032,-0.000328778,-0.000616945,0.000746081,280K,4.0905E+18,-0.00049,-0.000708,-0.00123,-0.00141,-0.001059,0.000496389,220K,4.0905E+18,0.00003,0.0000346,,,1.25547E-05,,,,,,2.75163E-05,1.3564E-05,2.66108E-06,1.04469E-05,1.35471E-05,0.0001672,0.00018209,0.000174645,8.44032E-05,7.23119E-05,7.83575E-05,,6.82156E-05,5.43692E-05,1.85441E-05,1.59942E-05,3.92808E-05,3.44419E-05,6.86118E-05,5.15269E-05,1.68233E-06,,,,,,,,,,,,,,,,,,,,,,,,
290K,4.536E+18,0.00125,0.000193,230K,4.536E+18,0.00662,0.00102,,,0.01433,0.002491741,0.00604,0.00224,,,0.002365871,0.000787167,290K,4.242E+18,0.00346,0.000501813,0.00218,0.000341479,0.00073,0.000107924,0.00229,0.000343895,0.000323778,0.000162283,230K,4.242E+18,0.00885,0.00137,0.01428,0.00234,0.001855,0.000485,290K,4.536E+18,-0.00127,-0.00150921,-0.00034,-0.00033,-0.000919605,0.000833827,230K,4.536E+18,-0.0014,-0.00128,-0.00165,-0.0022,-0.00048,-0.000511,-0.00062,-0.000716,-0.00099,-0.001017158,-0.00111104,0.000658329,290K,4.242E+18,-0.00056,-0.000809,-0.00139,-0.00159,-0.0011995,0.00055225,230K,4.242E+18,-0.00076,-0.000876081,,,9.3972E-06,4.98292E-05,0.000220558,0.000121217,0.000109093,0.000125174,2.44119E-05,1.66121E-05,5.25024E-06,1.67296E-05,1.5751E-05,6.6594E-05,0.000113696,9.01452E-05,7.34192E-05,1.60693E-05,4.47443E-05,6.22773E-05,0.000107196,2.48545E-05,3.48405E-05,4.94821E-05,5.57301E-05,3.93622E-05,7.75369E-05,5.84496E-05,4.26191E-05,,,,,,,,,,,,,,,,,,,,,,,,
300K,4.698E+18,0.00116,0.000179,240K,4.698E+18,,,,,,,,,,,,,300K,4.3935E+18,0.00514,0.000745468,0.00214,0.000335213,0.00221,0.00032673,0.0028,0.000420484,0.000456974,0.000196934,240K,4.3935E+18,0.00487,0.000753,0.00786,0.00129,0.0010215,0.0002685,300K,4.698E+18,-0.00089,-0.001057635,-0.0012,-0.00117,-0.001113818,7.94539E-05,240K,4.698E+18,,-0.00135,-0.00089,-0.00119,-0.00129,-0.00137,-0.00056,-0.000647,-0.00113,-0.001160999,-0.001092,0.000292799,300K,4.3935E+18,-0.00024,-0.000347,-0.00088,-0.00101,-0.0006785,0.000468812,240K,4.3935E+18,-0.00123,-0.001417867,,,8.72061E-06,,,,,,3.62651E-05,1.63073E-05,1.58946E-05,2.04555E-05,2.22306E-05,3.66455E-05,6.25808E-05,4.96132E-05,5.14513E-05,5.67152E-05,5.40832E-05,,5.78208E-05,6.67964E-05,3.14688E-05,5.64796E-05,5.31414E-05,1.68695E-05,4.90881E-05,3.29788E-05,6.89756E-05,,,,,,,,,,,,,,,,,,,,,,,,
310K,4.86E+18,0.00047,0.0000726,250K,4.86E+18,0.00221,0.000342,0.00167,0.000310178,0.00542,0.000942445,0.00222,0.000824,,,0.000692208,0.000325535,310K,4.545E+18,0.0046,0.00066715,-0.00019,-0.0000298,0.00154,0.000227676,0.00463,0.000695,0.000390007,0.000352334,250K,4.545E+18,0.00228,0.000353,0.0041,0.000671,0.000512,0.000159,310K,4.86E+18,-0.00097,-0.001152704,-0.00123,-0.00119,-0.001171352,2.63726E-05,250K,4.86E+18,-0.00155,-0.00142,-0.00115,-0.00154,-0.00134,-0.00143,-0.00032,-0.00037,-0.00093,-0.000955512,-0.001073878,0.000487183,310K,4.545E+18,-0.0008,-0.00116,,,-0.00116,#DIV/0!,250K,4.545E+18,-0.00102,-0.001175793,,,3.53335E-06,1.66348E-05,1.50894E-05,4.58475E-05,4.0097E-05,2.94172E-05,3.24552E-05,1.44784E-06,1.10759E-05,3.38246E-05,1.97008E-05,1.71564E-05,3.2644E-05,2.49002E-05,5.60761E-05,5.81331E-05,5.71046E-05,6.89498E-05,7.47123E-05,6.93854E-05,1.79822E-05,4.64832E-05,5.55026E-05,5.62317E-05,3.34692E-05,4.48504E-05,5.71993E-05,,,,,,,,,,,,,,,,,,,,,,,,
,,,,260K,5.022E+18,,,,,,,,,,,,,,,,,,,,,,,,,260K,4.6965E+18,0.00054,0.0000835,0.00171,0.00028,0.00018175,0.00009825,,,,,,,,,260K,5.022E+18,,-0.001295,-0.00109,-0.00146,-0.00082,-0.000873,-0.00058,-0.00067,-0.00048,-0.000493168,-0.000874042,0.00040982,,,,,,,,,260K,4.6965E+18,-0.00025,-0.000288184,,,,,,,,,,,,,,4.06336E-06,1.36149E-05,8.83914E-06,,,,,7.08143E-05,4.24597E-05,3.25927E-05,2.39913E-05,4.24645E-05,,,,1.40194E-05,,,,,,,,,,,,,,,,,,,,,,,,
,,,,270K,5.184E+18,0.00232,0.000359,0.00069,0.000128158,0.00186,0.000323422,,,,,0.00022579,0.000124286,,,,,,,,,,,,,270K,4.848E+18,-0.00007,-0.0000108,0.00271,0.000444,0.0002166,0.0002274,,,,,,,,,270K,5.184E+18,-0.00128,-0.00117,-0.00068,-0.000908,-0.00159,-0.00169,-0.00027,-0.000312,-0.00013,-0.000133566,-0.000760892,0.000635181,,,,,,,,,270K,4.848E+18,-0.00108,-0.001244957,,,,1.74628E-05,6.23454E-06,1.57337E-05,,1.31437E-05,,,,,,5.26732E-07,2.15769E-05,1.10518E-05,,,,5.69392E-05,4.41777E-05,8.23304E-05,1.51725E-05,6.49766E-06,4.10235E-05,,,,6.0564E-05,,,,,,,,,,,,,,,,,,,,,,,,
,,,,280K,5.346E+18,,,,,,,,,,,,,,,,,,,,,,,,,280K,4.9995E+18,0.00102,0.000158,0.00219,0.000358,0.000258,0.0001,,,,,,,,,280K,5.346E+18,,-0.00126,-0.0006,-0.000801,-0.00091,-0.000969,-0.00069,-0.000797,-0.00064,-0.000657557,-0.000806139,0.000231031,,,,,,,,,280K,4.9995E+18,-0.00068,-0.000783862,,,,,,,,,,,,,,7.67524E-06,1.74366E-05,1.25559E-05,,,,,3.89803E-05,4.71199E-05,3.87741E-05,3.19885E-05,3.92157E-05,,,,3.81329E-05,,,,,,,,,,,,,,,,,,,,,,,,
,,,,290K,5.508E+18,0.00398,0.000616,0.00193,0.00035847,-0.00026,-0.0000452,,,,,0.000156635,0.000333281,,,,,,,,,,,,,290K,5.151E+18,0.00095,0.000147,0.0022,0.00036,0.0002535,0.0001065,,,,,,,,,290K,5.508E+18,-0.00148,-0.00135,-0.0004,-0.000534,-0.00015,-0.00016,-0.00021,-0.000243,-0.00016,-0.000164389,-0.000275347,0.000504348,,,,,,,,,290K,5.151E+18,-0.00073,-0.000841499,,,,2.99577E-05,1.74386E-05,2.19933E-06,,1.65319E-05,,,,,,7.1485E-06,1.75163E-05,1.23324E-05,,,,6.5836E-05,2.59869E-05,7.76702E-06,1.18008E-05,7.99711E-06,2.38776E-05,,,,4.09368E-05,,,,,,,,,,,,,,,,,,,,,,,,
,,,,300K,5.67E+18,,,,,,,,,,,,,,,,,,,,,,,,,300K,5.3025E+18,0.0013,0.000201,0.0035,0.000573,0.000387,0.000186,,,,,,,,,300K,5.67E+18,,-0.001255,-0.00047,-0.000628,-0.00082,-0.000873,-0.00035,-0.000404,0.00014,0.000143841,-0.00044029,0.00052345,,,,,,,,,300K,5.3025E+18,-0.00053,-0.000610951,,,,,,,,,,,,,,9.78216E-06,2.78668E-05,1.88245E-05,,,,,3.05346E-05,4.24597E-05,1.9668E-05,6.99748E-06,2.4915E-05,,,,2.97212E-05,,,,,,,,,,,,,,,,,,,,,,,,
,,,,310K,5.832E+18,0.00313,0.000484,0.00105,0.000195022,0.00135,0.000234742,,,,,0.000214882,0.000156639,,,,,,,,,,,,,310K,5.454E+18,0.00168,0.00026,0.00391,0.00064,0.00045,0.00019,,,,,,,,,310K,5.832E+18,-0.00127,-0.00116,-0.00079,-0.00106,-0.00082,-0.000873,-0.00053,-0.000612,0.00016,0.000164389,-0.000595153,0.000530498,,,,,,,,,310K,5.454E+18,-0.00067,-0.000772334,,,,2.35597E-05,9.48734E-06,1.14196E-05,,1.48222E-05,,,,,,1.26416E-05,3.11312E-05,2.18864E-05,,,,5.64944E-05,5.13241E-05,4.24597E-05,2.9783E-05,7.99711E-06,3.76117E-05,,,,3.75721E-05,,,,,,,,,,,,,,,,,,,,,,,,
,,,,,,,,,,,,,,,,,,,,,,,,,,,,,,,,,,,,,,,,,,,,,,,,,,,,,,,,,,,,,,,,,,,,,,,,,,,,,,,,,,,,,,,,,,,,,,,,,,,,,,,,,,,,,,,,,,,,,,,,,,,,
,,,,,,,,,,,,,,,,,,,,,,,,,,,,,,,,,,,,,,,,,,,,,,,,,,,,,,,,,,,,,,,,,,,,,,,,,,,,,,,,,,,,,,,,,,,,,,,,,,,,,,,,,,,,,,,,,,,,,,,,,,,,
,,,,,,,,,,,,,,,,,,,,,,,,,,,,,,,,,,,,,,,,,,,,,,,,,,,,,,,,,,,,,,,,,,,,,,,,,,,,,,,,,,,,,,,,,,,,,,,,,,,,,,,,,,,,,,,,,,,,,,,,,,,,
,,,,,,,,,,,,,,,,,,,,,,,,,,,,,,,,,,,,,,,,,,,,,,,,,,,,,,,,,,,,,,,,,,,,,,,,,,,,,,,,,,,,,,,,,,,,,,,,,,,,,,,,,,,,,,,,,,,,,,,,,,,,
,,,,,,,,,,,,,,,,,,,,,,,,,,,,,,,,,,,,,,,,,,,,,,,,,,,,,,,,,,,,,,,,,,,,,,,,,,,,,,,,,,,,,,,,,,,,,,,,,,,,,,,,,,,,,,,,,,,,,,,,,,,,
,,,,,,,,,,,,,,,,,,,,,,,,,,,,,,,,,,,,,,,,,,,,,,,,,,,,,,,,,,,,,,,,,,,,,,,,,,,,,,,,,,,,,,,,,,,,,,,,,,,,,,,,,,,,,,,,,,,,,,,,,,,,
,,,,,,,,,,,,,,,,,,,,,,,,,,,,,,,,,,,,,,,,,,,,,,,,,,,,,,,,,,,,,,,,,,,,,,,,,,,,,,,,,,,,,,,,,,,,,,,,,,,,,,,,,,,,,,,,,,,,,,,,,,,,
,,,,,,,,,,,,,,,,,,,,,,,,,,,,,,,,,,,,,,,,,,,,,,,,,,,,,,,,,,,,,,,,,,,,,,,,,,,,,,,,,,,,,,,,,,,,,,,,,,,,,,,,,,,,,,,,,,,,,,,,,,,,
,,,,,,,,,,,,,,,,,,,,,,,,,,,,,,,,,,,,,,,,,,,,,,,,,,,,,,,,,,,,,,,,,,,,,,,,,,,,,,,,,,,,,,,,,,,,,,,,,,,,,,,,,,,,,,,,,,,,,,,,,,,,
,,,,,,,,,,,,,,,,,,,,,,,,,,,,,,,,,,,,,,,,,,,,,,,,,,,,,,,,,,,,,,,,,,,,,,,,,,,,,,,,,,,,,,,,,,,,,,,,,,,,,,,,,,,,,,,,,,,,,,,,,,,,
,,,,,,,,,,,,,,,,,,,,,,,,,,,,,,,,,,,,,,,,,,,,,,,,,,,,,,,,,,,,,,,,,,,,,,,,,,,,,,,,,,,,,,,,,,,,,,,,,,,,,,,,,,,,,,,,,,,,,,,,,,,,
,,,,,,,,,,,,,,,,,,,,,,,,,,,,,,,,,,,,,,,,,,,,,,,,,,,,,,,,,,,,,,,,,,,,,,,,,,,,,,,,,,,,,,,,,,,,,,,,,,,,,,,,,,,,,,,,,,,,,,,,,,,,
,,,,,,,,,,,,,,,,,,,,,,,,,,,,,,,,,,,,,,,,,,,,,,,,,,,,,,,,,,,,,,,,,,,,,,,,,,,,,,,,,,,,,,,,,,,,,,,,,,,,,,,,,,,,,,,,,,,,,,,,,,,,
,,,,,,,,,,,,,,,,,,,,,,,,,,,,,,,,,,,,,,,,,,,,,,,,,,,,,,,,,,,,,,,,,,,,,,,,,,,,,,,,,,,,,,,,,,,,,,,,,,,,,,,,,,,,,,,,,,,,,,,,,,,,
,,,,,,,,,,,,,,,,,,,,,,,,,,,,,,,,,,,,,,,,,,,,,,,,,,,,,,,,,,,,,,,,,,,,,,,,,,,,,,,,,,,,,,,,,,,,,,,,,,,,,,,,,,,,,,,,,,,,,,,,,,,,
,,,,,,,,,,,,,,,,,,,,,,,,,,,,,,,,,,,,,,,,,,,,,,,,,,,,,,,,,,,,,,,,,,,,,,,,,,,,,,,,,,,,,,,,,,,,,,,,,,,,,,,,,,,,,,,,,,,,,,,,,,,,
,,,,,,,,,,,,,,,,,,,,,,,,,,,,,,,,,,,,,,,,,,,,,,,,,,,,,,,,,,,,,,,,,,,,,,,,,,,,,,,,,,,,,,,,,,,,,,,,,,,,,,,,,,,,,,,,,,,,,,,,,,,,
Production/Sublimation 886,,,,,,,,,,,,,,,,,,,,,,,,,,,,,,,,,,,,,,,,,,,,,,,,,,,,,,,,,,,,,,,,,,,,,,,,,,,,,,,,,,,,,,,,,,,,,,,,,,,,,,,,,,,,,,,,,,,,,,,,,,,,
100% Methanol,,,,,,,,,,,,,,,,,,,,,,,,,,,,,,,,,,,,,,11-16% Methanol,,,,,,,,,,,,,,,,,,,,,,,,,,,,,,,,,,,,1089 cm-1,,,,,,,,,,,,,,,,,,,,,,,,,,,,,,,,,,,,,,,,,,,,,,,,,,
0min 100W,,,,60min 100W,,,,,,,,,,,,,,0min 50W,,,,,,,,,,,,75min 50W,,,,,,,,0 min 100W,,,,,,,,60 min 100W,,,,,,,,,,,,,,0min 50W,,,,,,,,75min 50W,,,,,,0 min 100W 100%,60 min 100W 100%,,,,,0 min 50W 100%,,,,,75 min 50W 100%,,,0min 100W 11-16%,,,60min 100W 11-16%,,,,,,0min 50W 11-16%,,,75min 50W 11-16%,,,,886,,,,,,,,,,,,,,,,,,,,
,,110923,,,,101223,,092823 - IR out,,91523,,83123,,102824,,Average,st. dev.,,,010324 -2nd good,,122123 -power surge,,122723 -purge,,121823 -oscillate,,Average,st. dev.,,,010523,,122923 -purge,,Average,st. dev.,,,81524,,81624,,Average,st. dev.,,,71824,,090324 -purge,,92424,,100824 -purge,,101524,,Average,st. dev.,,,82724,,083024 -purge,,Average,st. dev.,,,91724,,,,110923,101223,92823,91523,83123,ave,10324,122123,122723,121823,ave,10524,122923,ave,81524,81624,ave,71824,90324,92424,100824,101524,ave,82724,83024,ave,91724,,,,100%,,,,,,,,,,,,,,,,,,,,
Temp,Fluence,Integrated Absorbance,Normalized,Time/Temp,Fluence,Integrated Absorbance,Normalized,Integrated Absorbance,Normalized,Integrated Absorbance,Normalized,Integrated Absorbance,Normalized,Integrated Absorbance,Normalized,Normalized,Normalized,Temp,Fluence,Integrated Absorbance,Normalized,Integrated Absorbance,Normalized,Integrated Absorbance,Normalized,Integrated Absorbance,Normalized,Normalized,Normalized,Time/Temp,Fluence,Integrated Absorbance,Normalized,Integrated Absorbance,Normalized,Normalized,Normalized,Temp,Fluence,Integrated Absorbance,Normalized,Integrated Absorbance,Normalized,Normalized,Normalized,Time/Temp,Fluence,Integrated Absorbance,Normalized,Integrated Absorbance,Normalized,Integrated Absorbance,Normalized,Integrated Absorbance,Normalized,Integrated Absorbance,Normalized,Normalized,Normalized,Temp,Fluence,Integrated Absorbance,Normalized,Integrated Absorbance,Normalized,Normalized,Normalized,Time/Temp,Fluence,Integrated Absorbance,Normalized,,,Propagated 1sigma error,Propagated 1sigma error,Propagated 1sigma error,Propagated 1sigma error,Propagated 1sigma error,Propagated 1sigma error,Propagated 1sigma error,Propagated 1sigma error,Propagated 1sigma error,Propagated 1sigma error,Propagated 1sigma error,Propagated 1sigma error,Propagated 1sigma error,Propagated 1sigma error,Propagated 1sigma error,Propagated 1sigma error,Propagated 1sigma error,Propagated 1sigma error,Propagated 1sigma error,Propagated 1sigma error,Propagated 1sigma error,Propagated 1sigma error,Propagated 1sigma error,Propagated 1sigma error,Propagated 1sigma error,Propagated 1sigma error,Propagated 1sigma error,,fluence,normalized absorbance,temp,fluence,norm. int. absorbance,error,,,,,,,,,,,,,,,,,
,,,,,,,,,,,,,,,,,,,,,,,,,,,,,,,,,,,,,,,,,,,,,,,,,,,,,,,,,,,,,,,,,,,,,,,,,,,,,,,,,,,,,,,,,,,,,,,,,,,,,,,,20,1.54E+17,0.000509305,2.47764E-05,,,,,,,,,,,,,,,,,
20K,1.62E+17,0.0034,0.000525421,10,1.62E+17,-0.0009,-0.000139254,0.00085,0.000157875,-0.001,-0.000173883,0.0011,0.000408406,,,0.000130799,0.00027406,20K,1.515E+17,0.0013,0.000188542,-0.0012,-0.00018797,0.0005,7.39208E-05,0.0034,0.000510587,0.00014627,0.00028952,12.5,1.515E+17,-0.0007,-0.000108275,0.00088,0.000144026,1.78754E-05,0.000126151,20K,,,,,,,,,,,,,,,,,,,,,,,,,,,,,,,,,,,,2.55604E-05,6.77436E-06,7.68022E-06,8.45895E-06,1.98679E-05,1.06954E-05,9.17211E-06,9.14426E-06,3.59606E-06,1.75637E-05,9.86902E-06,5.26732E-06,7.00651E-06,6.13691E-06,,,#DIV/0!,,,,,,#DIV/0!,,,#DIV/0!,,,1.62E+17,0.000130799,50,6.17E+17,0.002185252,0.000106307,,,,,,,,,,,,,,,,,
30K,3.24E+17,0.004,0.000618142,20,3.24E+17,-0.0005,-7.73635E-05,0.00099,0.000183878,0.00105,0.000182577,-0.00022,-8.16811E-05,,,5.18526E-05,0.00015171,30K,3.03E+17,0.0034,0.000493111,0.0041,0.000642231,0.0025,0.000369604,0.0026,0.000390449,0.000473849,0.000124561,25,3.03E+17,-0.0003,-4.64037E-05,0.00026,4.25532E-05,-1.92526E-06,4.44785E-05,30K,,,,,,,,,,,,,,,,,,,,,,,,,,,,,,,,,,,,3.00711E-05,3.76353E-06,8.9452E-06,8.8819E-06,3.97358E-06,6.39105E-06,2.39886E-05,3.12429E-05,1.79803E-05,1.3431E-05,2.16607E-05,2.25742E-06,2.0701E-06,2.16376E-06,,,#DIV/0!,,,,,,#DIV/0!,,,#DIV/0!,,,3.24E+17,5.18526E-05,100,1.39E+18,0.004165309,0.000202632,,,,,,,,,,,,,,,,,
40K,4.86E+17,0.0083,0.001282646,30,4.86E+17,-0.0005,-7.73635E-05,0.00217,0.000403046,-0.00077,-0.00013389,0.00094,0.000349001,,,0.000135199,0.000279908,40K,4.545E+17,0.007,0.001015228,0.0035,0.000548246,0.006,0.000887049,0.0073,0.001096261,0.000886696,0.000241514,37.5,4.545E+17,-0.0002,-3.09358E-05,0.0013,0.000212766,9.09151E-05,0.000121851,40K,,,,,,,,,,,,,,,,,,,,,,,,,,,,,,,,,,,,6.23974E-05,3.76353E-06,1.96072E-05,6.5134E-06,1.6978E-05,1.17155E-05,4.93883E-05,2.66707E-05,4.31527E-05,3.77102E-05,3.92305E-05,1.50495E-06,1.03505E-05,5.92773E-06,,,#DIV/0!,,,,,,#DIV/0!,,,#DIV/0!,,,4.86E+17,0.000135199,130,1.85E+18,0.003590624,0.000174675,,,,,,,,,,,,,,,,,
50K,6.48E+17,0.0113,0.001746253,40,6.48E+17,-0.0032,-0.000495126,0.00138,0.000256315,-0.00002,-3.47766E-06,0.00118,0.000438108,,,4.89548E-05,0.000405467,50K,6.06E+17,0.0107,0.001551849,0.0072,0.00112782,0.0086,0.001271437,0.0098,0.001471692,0.0013557,0.000192318,50,6.06E+17,0.0017,0.000262954,0.00293,0.000479542,0.000371248,0.000108294,50K,,,,,,,,,,,,,,,,,,,,,,,,,,,,,,,,,,,,8.49507E-05,2.40866E-05,1.24691E-05,1.69179E-07,2.13128E-05,1.45094E-05,7.54935E-05,5.48655E-05,6.18522E-05,5.06247E-05,6.0709E-05,1.27921E-05,2.33285E-05,1.80603E-05,,,#DIV/0!,,,,,,#DIV/0!,,,#DIV/0!,,,6.48E+17,4.89548E-05,150,2.16E+18,0.002364706,0.000115037,,,,,,,,,,,,,,,,,
60K,8.1E+17,0.0166,0.002565291,50,8.1E+17,,-0.000371345,0.00026,4.82912E-05,0.00073,0.000126934,0.00127,0.000471523,,,6.8851E-05,0.000346272,60K,7.575E+17,0.0151,0.002189993,0.0112,0.001754386,0.0123,0.001818451,0.0161,0.00241778,0.002045152,0.00031399,62.5,7.575E+17,-0.0002,-3.09358E-05,0.00038,6.21931E-05,1.56287E-05,4.65645E-05,60K,,,,,,,,,,,,,,,,,,,,,,,,,,,,,,,,,,,,0.000124795,,2.34925E-06,6.17504E-06,2.29384E-05,1.04876E-05,0.000106538,8.53464E-05,8.8463E-05,8.31691E-05,9.0879E-05,1.50495E-06,3.02554E-06,2.26524E-06,,,#DIV/0!,,,,,,#DIV/0!,,,#DIV/0!,,,8.1E+17,6.8851E-05,,,,,,,,,,,,,,,,,,,,,
70K,9.72E+17,0.0245,0.003786123,60,9.72E+17,-0.0016,-0.000247563,-0.00042,-7.80089E-05,0.00224,0.000389497,0.00044,0.000163362,,,5.6822E-05,0.0002786,70K,9.09E+17,0.0236,0.00342277,0.0182,0.002850877,0.0199,0.002942046,0.0221,0.003318817,0.003133628,0.000279613,75,9.09E+17,0.0006,9.28074E-05,0.00227,0.000371522,0.000232165,0.000139357,70K,,,,,,,,,,,,,,,,,,,,,,,,,,,,,,,,,,,,0.000184185,1.20433E-05,3.79493E-06,1.89481E-05,7.94716E-06,1.06834E-05,0.000166509,0.000138688,0.000143123,0.000114164,0.000140621,4.51484E-06,1.80736E-05,1.12942E-05,,,#DIV/0!,,,,,,#DIV/0!,,,#DIV/0!,,,9.72E+17,5.6822E-05,,,,,,,,,,,,,,,,,,,,,
80K,1.134E+18,0.0312,0.004821511,20K,1.134E+18,,,,,,,,,,,,,80K,1.0605E+18,0.0298,0.004321972,0.0242,0.003790727,0.0261,0.003858664,0.0287,0.004309956,0.00407033,0.000285029,20K,1.0605E+18,0.0021,0.000324826,0.00301,0.000492635,0.000408731,8.39045E-05,80K,,,,,,,,,,,,,,,,,,,,,,,,,,,,,,,,,,,,0.000234554,,,,,,0.000210253,0.000184409,0.000187714,0.000148258,0.000182659,1.5802E-05,2.39654E-05,1.98837E-05,,,#DIV/0!,,,,,,#DIV/0!,,,#DIV/0!,,,1.296E+18,0.000305852,,,,,,,,,,,,,,,,,,,,,
90K,1.296E+18,0.0392,0.006057796,30K,1.296E+18,-0.0018,-0.000278508,0.00405,0.000752229,0.00192,0.000333855,0.00112,0.000415831,,,0.000305852,0.000429577,90K,1.212E+18,0.037,0.005366207,0.0337,0.005278822,0.0361,0.005337079,0.038,0.005706563,0.005422168,0.000193046,30K,1.212E+18,0.003,0.000464037,0.0032,0.000523732,0.000493884,2.98472E-05,90K,,,,,,,,,,,,,,,,,,,,,,,,,,,,,,,,,,,,0.000294696,1.35487E-05,3.6594E-05,1.62412E-05,2.02291E-05,2.16533E-05,0.000261052,0.000256801,0.000259635,0.0001963,0.000243447,2.25742E-05,2.54782E-05,2.40262E-05,,,#DIV/0!,,,,,,#DIV/0!,,,#DIV/0!,,,1.62E+18,0.001368787,,,,,,,,,,,,,,,,,,,,,
100K,1.458E+18,0.0449,0.006938649,40K,1.458E+18,,,,,,,,,,,,,100K,1.3635E+18,0.0491,0.007121102,0.0396,0.006203008,0.0456,0.006741573,0.0476,0.00714822,0.006803476,0.000441259,40K,1.3635E+18,0.003,0.000464037,0.00388,0.000635025,0.000549531,8.54937E-05,100K,,,,,,,,,,,,,,,,,,,,,,,,,,,,,,,,,,,,0.000337548,,,,,,0.000346423,0.00030176,0.00032796,0.000245891,0.000305509,2.25742E-05,3.08923E-05,2.67333E-05,,,#DIV/0!,,,,,,#DIV/0!,,,#DIV/0!,,,1.944E+18,0.00283468,,,,,,,,,,,,,,,,,,,,,
110K,1.62E+18,0.0503,0.007773142,50K,1.62E+18,0.0052,0.00080458,0.00749,0.001391159,0.00844,0.001467571,0.00488,0.001811836,,,0.001368787,0.000418283,110K,1.515E+18,0.055,0.007976795,0.0494,0.007738095,0.0504,0.007451212,0.0513,0.007703859,0.00771749,0.000215061,50K,1.515E+18,0.0076,0.001175561,0.0082,0.001342062,0.001258811,8.32507E-05,110K,,,,,,,,,,,,,,,,,,,,,,,,,,,,,,,,,,,,0.000378144,3.91408E-05,6.76763E-05,7.13936E-05,8.81412E-05,6.6588E-05,0.000388051,0.000376439,0.000362482,0.000265005,0.000347994,5.7188E-05,6.52879E-05,6.1238E-05,,,#DIV/0!,,,,,,#DIV/0!,,,#DIV/0!,,,2.268E+18,0.004553036,,,,,,,,,,,,,,,,,,,,,
120K,1.782E+18,0.0542,0.008375831,60K,1.782E+18,,,,,,,,,,,,,120K,1.6665E+18,0.0593,0.008600435,0.0511,0.008004386,0.0577,0.008530455,0.0563,0.008454723,0.0083975,0.000268746,60K,1.6665E+18,0.0131,0.002026295,0.01433,0.002345336,0.002185815,0.00015952,120K,,,,,,,,,,,,,,,,,,,,,,,,,,,,,,,,,,,,0.000407463,,,,,,0.000418389,0.000389393,0.000414985,0.000290834,0.0003784,9.85741E-05,0.000114095,0.000106334,,,#DIV/0!,,,,,,#DIV/0!,,,#DIV/0!,,,2.592E+18,0.005913775,,,,,,,,,,,,,,,,,,,,,
130K,1.944E+18,0.0562,0.008684902,70K,1.944E+18,0.0125,0.001934086,0.01558,0.002893759,0.01701,0.002957746,0.00957,0.00355313,,,0.00283468,0.000669795,130K,1.818E+18,0.0583,0.008455402,0.0539,0.008442982,0.0586,0.008663513,0.0567,0.008514792,0.008519172,0.000101201,70K,1.818E+18,0.0182,0.002815159,0.01763,0.002885434,0.002850296,3.51376E-05,130K,,,,,,,,,,,,,,,,,,,,,,,,,,,,,,,,,,,,0.000422498,9.40884E-05,0.000140774,0.000143887,0.000172851,0.0001379,0.000411334,0.00041073,0.000421458,0.0002929,0.000384105,0.00013695,0.000140369,0.00013866,,,#DIV/0!,,,,,,#DIV/0!,,,#DIV/0!,,,2.916E+18,0.00612456,,,,,,,,,,,,,,,,,,,,,
140K,2.106E+18,0.0525,0.00811312,80K,2.106E+18,,,,,,,,,,,,,140K,1.9695E+18,0.0598,0.008672951,0.0552,0.008646617,0.0556,0.008219988,0.0581,0.008725034,0.008566147,0.000233062,80K,1.9695E+18,0.0254,0.003928848,0.02287,0.003743044,0.003835946,9.29017E-05,140K,,,,,,,,,,,,,,,,,,,,,,,,,,,,,,,,,,,,0.000394683,,,,,,0.000421917,0.000420636,0.000399881,0.000300132,0.000385642,0.000191128,0.00018209,0.000186609,,,#DIV/0!,,,,,,#DIV/0!,,,#DIV/0!,,,3.24E+18,0.005755422,,,,,,,,,,,,,,,,,,,,,
150K,2.268E+18,0.0536,0.008283109,90K,2.268E+18,0.0216,0.003342101,0.02628,0.004881129,0.02924,0.005084333,0.01321,0.004904582,,,0.004553036,0.000812377,150K,2.121E+18,0.0576,0.00835388,0.053,0.008302005,0.0538,0.007953873,0.056,0.008409671,0.008254857,0.000205416,90K,2.121E+18,0.0323,0.004996133,0.03178,0.005201309,0.005098721,0.000102588,150K,,,,,,,,,,,,,,,,,,,,,,,,,,,,,,,,,,,,0.000402952,0.000162585,0.000237454,0.00024734,0.000238595,0.000221494,0.000406395,0.000403871,0.000386936,0.000289284,0.000371621,0.000243049,0.00025303,0.00024804,,,#DIV/0!,,,,,,#DIV/0!,,,#DIV/0!,,,3.564E+18,0.004712662,,,,,,,,,,,,,,,,,,,,,
160K,2.43E+18,0.0471,0.007278628,100K,2.43E+18,,,,,,,,,,,,,160K,2.2725E+18,0.05,0.007251632,0.0466,0.007299499,0.0482,0.007125961,0.0497,0.007463583,0.007285169,0.000139653,100K,2.2725E+18,0.0387,0.005986079,0.0361,0.005908347,0.005947213,3.8866E-05,160K,,,,,,,,,,,,,,,,,,,,,,,,,,,,,,,,,,,,0.000354087,,,,,,0.000352773,0.000355102,0.00034666,0.000256739,0.000327819,0.000291207,0.000287426,0.000289317,,,#DIV/0!,,,,,,#DIV/0!,,,#DIV/0!,,,3.888E+18,0.003112215,,,,,,,,,,,,,,,,,,,,,
170K,2.592E+18,0.0394,0.006088703,110K,2.592E+18,0.0266,0.004115736,0.03359,0.006238856,0.03889,0.006762302,0.01761,0.006538205,,,0.005913775,0.001217721,170K,2.424E+18,0.0434,0.006294416,0.0401,0.006281328,0.0406,0.006002365,0.0404,0.006066977,0.006161272,0.000148642,110K,2.424E+18,0.042,0.00649652,0.0424,0.006939444,0.006717982,0.000221462,170K,,,,,,,,,,,,,,,,,,,,,,,,,,,,,,,,,,,,0.0002962,0.00020022,0.000303504,0.000328969,0.000318067,0.00028769,0.000306207,0.000305571,0.000292,0.000208698,0.000278119,0.000316039,0.000337586,0.000326813,,,#DIV/0!,,,,,,#DIV/0!,,,#DIV/0!,,,4.212E+18,0.001707148,,,,,,,,,,,,,,,,,,,,,
180K,2.754E+18,0.033,0.005099675,120K,2.754E+18,,,,,,,,,,,,,180K,2.5755E+18,0.0343,0.004974619,0.0357,0.005592105,0.0351,0.005189237,0.0373,0.005601442,0.005339351,0.000309914,120K,2.5755E+18,0.0462,0.007146172,0.04641,0.007595745,0.007370958,0.000224786,180K,,,,,,,,,,,,,,,,,,,,,,,,,,,,,,,,,,,,0.000248086,,,,,,0.000242003,0.000272042,0.000252443,0.000192684,0.000239793,0.000347643,0.000369514,0.000358578,,,#DIV/0!,,,,,,#DIV/0!,,,#DIV/0!,,,4.536E+18,0.000957126,,,,,,,,,,,,,,,,,,,,,
190K,2.916E+18,0.0252,0.003894298,130K,2.916E+18,0.029,0.00448708,0.03678,0.006831352,0.04063,0.007064858,0.01647,0.006114948,,,0.00612456,0.001164066,190K,2.727E+18,0.0283,0.004104423,0.0258,0.004041353,0.0255,0.003769959,0.0281,0.004219853,0.004033897,0.000190851,130K,2.727E+18,0.0484,0.007486466,0.04865,0.007962357,0.007724411,0.000237946,190K,,,,,,,,,,,,,,,,,,,,,,,,,,,,,,,,,,,,0.000189448,0.000218285,0.000332328,0.000343687,0.000297477,0.000297944,0.00019967,0.000196602,0.000183399,0.000145158,0.000181207,0.000364197,0.000387348,0.000375773,,,#DIV/0!,,,,,,#DIV/0!,,,#DIV/0!,,,4.86E+18,0.000321641,,,,,,,,,,,,,,,,,,,,,
200K,3.078E+18,0.0188,0.00290527,140K,3.078E+18,,,,,,,,,,,,,200K,2.8785E+18,0.0193,0.00279913,0.021,0.003289474,0.0187,0.002764636,0.0199,0.002988437,0.002960419,0.000240421,140K,2.8785E+18,0.0471,0.007285383,,0.00759329,0.007439336,,200K,,,,,,,,,,,,,,,,,,,,,,,,,,,,,,,,,,,,0.000141334,,,,,,0.000136171,0.000160024,0.000134493,0.000102799,0.000133372,0.000354415,,0.000354415,,,#DIV/0!,,,,,,#DIV/0!,,,#DIV/0!,,,5.184E+18,-3.29996E-05,,,,,,,,,,,,,,,,,,,,,
210K,3.24E+18,0.014,0.002163499,150K,3.24E+18,0.0294,0.004548971,0.03236,0.006010401,0.03834,0.006666667,0.01561,0.005795649,,,0.005755422,0.000885536,210K,3.03E+18,0.0155,0.002248006,0.0158,0.002474937,0.0145,0.002143702,0.016,0.002402763,0.002317352,0.000149545,150K,3.03E+18,0.0448,0.006929621,0.04414,0.007224223,0.007076922,0.000147301,210K,,,,,,,,,,,,,,,,,,,,,,,,,,,,,,,,,,,,0.000105249,0.000221296,0.000292391,0.000324316,0.000281944,0.000279987,0.00010936,0.000120399,0.000104286,8.26525E-05,0.000104174,0.000337108,0.00035144,0.000344274,,,#DIV/0!,,,,,,#DIV/0!,,,#DIV/0!,,,5.508E+18,-0.000153004,,,,,,,,,,,,,,,,,,,,,
220K,3.402E+18,0.0137,0.002117138,160K,3.402E+18,,,,,,,,,,,,,220K,3.1815E+18,0.0104,0.001508339,0.0123,0.001926692,0.0081,0.001197516,0.0109,0.001636882,0.001567357,0.000302336,160K,3.1815E+18,0.0388,0.006001547,0.03939,0.006446809,0.006224178,0.000222631,220K,,,,,,,,,,,,,,,,,,,,,,,,,,,,,,,,,,,,0.000102993,,,,,,7.33769E-05,9.37286E-05,5.82561E-05,5.6307E-05,7.04172E-05,0.00029196,0.000313621,0.00030279,,,#DIV/0!,,,,,,#DIV/0!,,,#DIV/0!,,,5.832E+18,-1.83224E-06,,,,,,,,,,,,,,,,,,,,,
230K,3.564E+18,0.0094,0.001452635,170K,3.564E+18,0.0228,0.003527773,,,0.03008,0.005230395,0.01449,0.005379817,,,0.004712662,0.00102886,230K,3.333E+18,0.0078,0.001131255,0.0087,0.001362782,0.0073,0.001079243,0.0098,0.001471692,0.001261243,0.000186744,170K,3.333E+18,0.0348,0.005382831,0.03454,0.005653028,0.005517929,0.000135099,230K,,,,,,,,,,,,,,,,,,,,,,,,,,,,,,,,,,,,7.0667E-05,0.000171617,0.000323925,0.000254445,0.000261714,0.000252925,5.50326E-05,6.62959E-05,5.25024E-05,5.06247E-05,5.61139E-05,0.000261861,0.000275005,0.000268433,,,#DIV/0!,,,,,,#DIV/0!,,,#DIV/0!,,,,,,,,,,,,,,,,,,,,,,,,,
240K,3.726E+18,0.01,0.001545356,180K,3.726E+18,,,,,,,,,,,,,240K,3.4845E+18,0.0051,0.000739666,0.006,0.00093985,0.0052,0.000768776,0.0077,0.00115633,0.000901155,0.000191672,180K,3.4845E+18,0.0268,0.004145398,0.03027,0.004954173,0.004549786,0.000404388,240K,,,,,,,,,,,,,,,,,,,,,,,,,,,,,,,,,,,,7.51776E-05,,,,,,3.59829E-05,4.57213E-05,3.7399E-05,3.97765E-05,3.97199E-05,0.000201663,0.000241008,0.000221335,,,#DIV/0!,,,,,,#DIV/0!,,,#DIV/0!,,,,,,,,,,,,,,,,,,,,,,,,,
250K,3.888E+18,0.0068,0.001050842,190K,3.888E+18,0.0136,0.002104286,,,0.01975,0.003434185,0.01023,0.003798173,,,0.003112215,0.000891663,250K,3.636E+18,0.0031,0.000449601,0.0049,0.000767544,0.0033,0.000487877,0.006,0.000901036,0.000651515,0.000218533,190K,3.636E+18,0.0208,0.003217324,0.02479,0.004057283,0.003637304,0.00041998,250K,,,,,,,,,,,,,,,,,,,,,,,,,,,,,,,,,,,,5.11208E-05,0.000102368,0.000344255,0.000167064,0.000184771,0.000199615,2.18719E-05,3.7339E-05,2.3734E-05,3.09947E-05,2.84849E-05,0.000156515,0.000197376,0.000176946,,,#DIV/0!,,,,,,#DIV/0!,,,#DIV/0!,,,,,,,,,,,,,,,,,,,,,,,,,
260K,4.05E+18,0.0041,0.000633596,200K,4.05E+18,,,,,,,,,,,,,260K,3.7875E+18,0.0019,0.000275562,0.0045,0.000704887,-0.0005,-7.39208E-05,0.0039,0.000585674,0.00037305,0.000348622,200K,3.7875E+18,0.0165,0.002552204,0.01678,0.002746318,0.002649261,9.70567E-05,260K,,,,,,,,,,,,,,,,,,,,,,,,,,,,,,,,,,,,3.08228E-05,,,,,,1.34054E-05,3.4291E-05,3.59606E-06,2.01465E-05,1.78597E-05,0.000124158,0.000133601,0.00012888,,,#DIV/0!,,,,,,#DIV/0!,,,#DIV/0!,,,,,,,,,,,,,,,,,,,,,,,,,
270K,4.212E+18,0.0024,0.000370885,210K,4.212E+18,0.0058,0.000897416,,,0.01178,0.002048339,0.00586,0.002175689,,,0.001707148,0.000704133,270K,3.939E+18,0.0005,7.25163E-05,0.0024,0.00037594,0.001,0.000147842,0.0023,0.000345397,0.000235424,0.000148378,210K,3.939E+18,0.0125,0.001933488,0.01269,0.002076923,0.002005206,7.17175E-05,270K,,,,,,,,,,,,,,,,,,,,,,,,,,,,,,,,,,,,1.80426E-05,4.3657E-05,0.000593636,9.96465E-05,0.000105842,0.000210695,3.52773E-06,1.82885E-05,7.19211E-06,1.18813E-05,1.02224E-05,9.40593E-05,0.000101037,9.75481E-05,,,#DIV/0!,,,,,,#DIV/0!,,,#DIV/0!,,,,,,,,,,,,,,,,,,,,,,,,,
280K,4.374E+18,0.0013,0.000200896,220K,4.374E+18,,,,,,,,,,,,,280K,4.0905E+18,-0.0008,-0.000116026,0.0003,4.69925E-05,0.00001,1.47842E-06,-0.0003,-4.50518E-05,-2.81518E-05,6.95991E-05,220K,4.0905E+18,0.0087,0.001345708,0.00896,0.001466448,0.001406078,6.03704E-05,280K,,,,,,,,,,,,,,,,,,,,,,,,,,,,,,,,,,,,9.77309E-06,,,,,,5.64437E-06,2.28606E-06,7.19211E-08,1.54973E-06,2.38802E-06,6.54652E-05,7.1339E-05,6.84021E-05,,,#DIV/0!,,,,,,#DIV/0!,,,#DIV/0!,,,,,,,,,,,,,,,,,,,,,,,,,
290K,4.536E+18,0.0002,3.09071E-05,230K,4.536E+18,0.0038,0.000587962,,,0.00568,0.000987654,0.00349,0.00129576,,,0.000957126,0.000354885,290K,4.242E+18,-0.001,-0.000145033,0.0006,9.3985E-05,-0.0014,-0.000206978,-0.0005,-7.50863E-05,-8.3278E-05,0.000129878,230K,4.242E+18,0.007,0.001082753,0.0073,0.001194763,0.001138758,5.60047E-05,290K,,,,,,,,,,,,,,,,,,,,,,,,,,,,,,,,,,,,1.50355E-06,2.86029E-05,0.000300206,4.80469E-05,6.30354E-05,0.000109973,7.05547E-06,4.57213E-06,1.0069E-05,2.58289E-06,6.06986E-06,5.26732E-05,5.81222E-05,5.53977E-05,,,#DIV/0!,,,,,,#DIV/0!,,,#DIV/0!,,,,,,,,,,,,,,,,,,,,,,,,,
300K,4.698E+18,0.0011,0.000169989,240K,4.698E+18,,,,,,,,,,,,,300K,4.3935E+18,-0.0021,-0.000304569,0.0007,0.000109649,-0.0009,-0.000133057,0.0008,0.000120138,-5.19597E-05,0.000205039,240K,4.3935E+18,0.0055,0.000850735,0.0059,0.00096563,0.000908182,5.74477E-05,300K,,,,,,,,,,,,,,,,,,,,,,,,,,,,,,,,,,,,8.26954E-06,,,,,,1.48165E-05,5.33415E-06,6.4729E-06,4.13263E-06,7.68904E-06,4.13861E-05,4.69754E-05,4.41808E-05,,,#DIV/0!,,,,,,#DIV/0!,,,#DIV/0!,,,,,,,,,,,,,,,,,,,,,,,,,
310K,4.86E+18,0.0013,0.000200896,250K,4.86E+18,0.0021,0.000324927,0.00075,0.000139302,0.00332,0.000577291,0.00066,0.000245043,,,0.000321641,0.000186621,310K,4.545E+18,0.0006,8.70196E-05,0.0005,7.83208E-05,-0.0026,-0.000384388,-0.0015,-0.000225259,-0.000111077,0.000232988,250K,4.545E+18,0.0034,0.000525909,0.00577,0.000944354,0.000735131,0.000209222,310K,,,,,,,,,,,,,,,,,,,,,,,,,,,,,,,,,,,,9.77309E-06,1.58068E-05,6.77667E-06,2.80837E-05,1.19207E-05,1.5647E-05,4.23328E-06,3.81011E-06,1.86995E-05,7.74867E-06,8.62289E-06,2.55841E-05,4.59404E-05,3.57623E-05,,,#DIV/0!,,,,,,#DIV/0!,,,#DIV/0!,,,,,,,,,,,,,,,,,,,,,,,,,
,,,,260K,5.022E+18,,,,,,,,,,,,,,,,,,,,,,,,,260K,4.6965E+18,0.0026,0.000402166,0.00008,1.30933E-05,0.000207629,0.000194536,,,,,,,,,,,,,,,,,,,,,,,,,,,,,,,,,,,,,,,,,,,,,,,,1.95643E-05,6.36955E-07,1.01006E-05,,,,,,,,,#DIV/0!,,,,,,,,,,,,,,,,,,,,,,,,,,,,
,,,,270K,5.184E+18,-0.0021,-0.000324927,0.00043,7.98663E-05,0.00084,0.000146062,,,,,-3.29996E-05,0.000254973,,,,,,,,,,,,,270K,4.848E+18,0.0017,0.000262954,0.00063,0.00010311,0.000183032,7.99224E-05,,,,,,,,,,,,,,,,,,,,,,,,,,,,,,,,,,,,,,1.58068E-05,3.88529E-06,7.10552E-06,,8.93255E-06,,,,,,1.27921E-05,5.01602E-06,8.90404E-06,,,,,,,,,#DIV/0!,,,,,,,,,,,,,,,,,,,,,,,,,,,,
,,,,280K,5.346E+18,,,,,,,,,,,,,,,,,,,,,,,,,280K,4.9995E+18,0.0015,0.000232019,0.00052,8.51064E-05,0.000158562,7.34561E-05,,,,,,,,,,,,,,,,,,,,,,,,,,,,,,,,,,,,,,,,,,,,,,,,1.12871E-05,4.14021E-06,7.71366E-06,,,,,,,,,#DIV/0!,,,,,,,,,,,,,,,,,,,,,,,,,,,,
,,,,290K,5.508E+18,0.000001,1.54727E-07,-0.00089,-0.000165305,-0.00169,-0.000293862,,,,,-0.000153004,0.000147394,,,,,,,,,,,,,290K,5.151E+18,-0.0004,-6.18716E-05,0.00168,0.000274959,0.000106544,0.000168415,,,,,,,,,,,,,,,,,,,,,,,,,,,,,,,,,,,,,,7.52707E-09,8.04165E-06,1.42956E-05,,7.44827E-06,,,,,,3.0099E-06,1.33761E-05,8.19298E-06,,,,,,,,,#DIV/0!,,,,,,,,,,,,,,,,,,,,,,,,,,,,
,,,,300K,5.67E+18,,,,,,,,,,,,,,,,,,,,,,,,,300K,5.3025E+18,0.0003,4.64037E-05,0.0018,0.000294599,0.000170501,0.000124098,,,,,,,,,,,,,,,,,,,,,,,,,,,,,,,,,,,,,,,,,,,,,,,,2.25742E-06,1.43315E-05,8.29446E-06,,,,,,,,,#DIV/0!,,,,,,,,,,,,,,,,,,,,,,,,,,,,
,,,,310K,5.832E+18,-0.0004,-6.18908E-05,-0.00023,-4.27192E-05,0.00057,9.91132E-05,,,,,-1.83224E-06,8.79453E-05,,,,,,,,,,,,,310K,5.454E+18,0.0019,0.00029389,0.00166,0.000271686,0.000282788,1.11022E-05,,,,,,,,,,,,,,,,,,,,,,,,,,,,,,,,,,,,,,3.01083E-06,2.07818E-06,4.8216E-06,,3.30354E-06,,,,,,1.4297E-05,1.32168E-05,1.37569E-05,,,,,,,,,#DIV/0!,,,,,,,,,,,,,,,,,,,,,,,,,,,,
,,,,,,,,,,,,,,,,,,,,,,,,,,,,,,,,,,,,,,,,,,,,,,,,,,,,,,,,,,,,,,,,,,,,,,,,,,,,,,,,,,,,,,,,,,,,,,,,,,,,,,,,,,,,,,,,,,,,,,,,,,,,
,,,,,,,,,,,,,,,,,,,,,,,,,,,,,,,,,,,,,,,,,,,,,,,,,,,,,,,,,,,,,,,,,,,,,,,,,,,,,,,,,,,,,,,,,,,,,,,,,,,,,,,,,,,,,,,,,,,,,,,,,,,,
,,,,,,,,,,,,,,,,,,,,,,,,,,,,,,,,,,,,,,,,,,,,,,,,,,,,,,,,,,,,,,,,,,,,,,,,,,,,,,,,,,,,,,,,,,,,,,,,,,,,,,,,,,,,,,,,,,,,,,,,,,,,
,,,,,,,,,,,,,,,,,,,,,,,,,,,,,,,,,,,,,,,,,,,,,,,,,,,,,,,,,,,,,,,,,,,,,,,,,,,,,,,,,,,,,,,,,,,,,,,,,,,,,,,,,,,,,,,,,,,,,,,,,,,,
,,,,,,,,,,,,,,,,,,,,,,,,,,,,,,,,,,,,,,,,,,,,,,,,,,,,,,,,,,,,,,,,,,,,,,,,,,,,,,,,,,,,,,,,,,,,,,,,,,,,,,,,,,,,,,,,,,,,,,,,,,,,
,,,,,,,,,,,,,,,,,,,,,,,,,,,,,,,,,,,,,,,,,,,,,,,,,,,,,,,,,,,,,,,,,,,,,,,,,,,,,,,,,,,,,,,,,,,,,,,,,,,,,,,,,,,,,,,,,,,,,,,,,,,,
,,,,,,,,,,,,,,,,,,,,,,,,,,,,,,,,,,,,,,,,,,,,,,,,,,,,,,,,,,,,,,,,,,,,,,,,,,,,,,,,,,,,,,,,,,,,,,,,,,,,,,,,,,,,,,,,,,,,,,,,,,,,
,,,,,,,,,,,,,,,,,,,,,,,,,,,,,,,,,,,,,,,,,,,,,,,,,,,,,,,,,,,,,,,,,,,,,,,,,,,,,,,,,,,,,,,,,,,,,,,,,,,,,,,,,,,,,,,,,,,,,,,,,,,,
,,,,,,,,,,,,,,,,,,,,,,,,,,,,,,,,,,,,,,,,,,,,,,,,,,,,,,,,,,,,,,,,,,,,,,,,,,,,,,,,,,,,,,,,,,,,,,,,,,,,,,,,,,,,,,,,,,,,,,,,,,,,
,,,,,,,,,,,,,,,,,,,,,,,,,,,,,,,,,,,,,,,,,,,,,,,,,,,,,,,,,,,,,,,,,,,,,,,,,,,,,,,,,,,,,,,,,,,,,,,,,,,,,,,,,,,,,,,,,,,,,,,,,,,,
,,,,,,,,,,,,,,,,,,,,,,,,,,,,,,,,,,,,,,,,,,,,,,,,,,,,,,,,,,,,,,,,,,,,,,,,,,,,,,,,,,,,,,,,,,,,,,,,,,,,,,,,,,,,,,,,,,,,,,,,,,,,
,,,,,,,,,,,,,,,,,,,,,,,,,,,,,,,,,,,,,,,,,,,,,,,,,,,,,,,,,,,,,,,,,,,,,,,,,,,,,,,,,,,,,,,,,,,,,,,,,,,,,,,,,,,,,,,,,,,,,,,,,,,,
,,,,,,,,,,,,,,,,,,,,,,,,,,,,,,,,,,,,,,,,,,,,,,,,,,,,,,,,,,,,,,,,,,,,,,,,,,,,,,,,,,,,,,,,,,,,,,,,,,,,,,,,,,,,,,,,,,,,,,,,,,,,
,,,,,,,,,,,,,,,,,,,,,,,,,,,,,,,,,,,,,,,,,,,,,,,,,,,,,,,,,,,,,,,,,,,,,,,,,,,,,,,,,,,,,,,,,,,,,,,,,,,,,,,,,,,,,,,,,,,,,,,,,,,,
,,,,,,,,,,,,,,,,,,,,,,,,,,,,,,,,,,,,,,,,,,,,,,,,,,,,,,,,,,,,,,,,,,,,,,,,,,,,,,,,,,,,,,,,,,,,,,,,,,,,,,,,,,,,,,,,,,,,,,,,,,,,
,,,,,,,,,,,,,,,,,,,,,,,,,,,,,,,,,,,,,,,,,,,,,,,,,,,,,,,,,,,,,,,,,,,,,,,,,,,,,,,,,,,,,,,,,,,,,,,,,,,,,,,,,,,,,,,,,,,,,,,,,,,,
,,,,,,,,,,,,,,,,,,,,,,,,,,,,,,,,,,,,,,,,,,,,,,,,,,,,,,,,,,,,,,,,,,,,,,,,,,,,,,,,,,,,,,,,,,,,,,,,,,,,,,,,,,,,,,,,,,,,,,,,,,,,
,,,,,,,,,,,,,,,,,,,,,,,,,,,,,,,,,,,,,,,,,,,,,,,,,,,,,,,,,,,,,,,,,,,,,,,,,,,,,,,,,,,,,,,,,,,,,,,,,,,,,,,,,,,,,,,,,,,,,,,,,,,,
Production/Sublimation 910/920,,,,,,,,,,,,,,,,,,,,,,,,,,,,,,,,,,,,,,,,,,,,,,,,,,,,,,,,,,,,,,,,,,,,,,,,,,,,,,,,,,,,,,,,,,,,,,,,,,,,,,,,,,,,,,,,,,,,,,,,,,,,
100% Methanol,,,,,,,,,,,,,,,,,,,,,,,,,,,,,,,,,,,,,,11-16% Methanol,,,,,,,,,,,,,,,,,,,,,,,,,,,,,,,,,,,,910/920 cm-1,,,,,,,,,,,,,,,,,,,,,,,,,,,,,,,,,,,,,,,,,,,,,,,,,,
0min 100W,,,,60min 100W,,,,,,,,,,,,,,0min 50W,,,,,,,,,,,,75min 50W,,,,,,,,0 min 100W,,,,,,,,60 min 100W,,,,,,,,,,,,,,0min 50W,,,,,,,,75min 50W,,,,,,0 min 100W 100%,60 min 100W 100%,,,,,0 min 50W 100%,,,,,75 min 50W 100%,,,0min 100W 11-16%,,,60min 100W 11-16%,,,,,,0min 50W 11-16%,,,75min 50W 11-16%,,,,,,,,,,,,,,,,,,,,,,,,
,,110923,,,,101223,,092823 - IR out,,91523,,83123,,102824,,Average,st. dev.,,,010324 -2nd good,,122123 -power surge,,122723 -purge,,121823 -oscillate,,Average,st. dev.,,,010523,,122923 -purge,,Average,st. dev.,,,81524,,81624,,Average,st. dev.,,,71824,,090324 -purge,,92424,,100824 -purge,,101524,,Average,st. dev.,,,82724,,083024 -purge,,Average,st. dev.,,,91724,,,,110923,101223,92823,91523,83123,ave,10324,122123,122723,121823,ave,10524,122923,ave,81524,81624,ave,71824,90324,92424,100824,101524,ave,82724,83024,ave,91724,,,,100%,,,,,,,,,,,,,,,,,,,,
Temp,Fluence,Integrated Absorbance,Normalized,Time/Temp,Fluence,Integrated Absorbance,Normalized,Integrated Absorbance,Normalized,Integrated Absorbance,Normalized,Integrated Absorbance,Normalized,Integrated Absorbance,Normalized,Normalized,Normalized,Temp,Fluence,Integrated Absorbance,Normalized,Integrated Absorbance,Normalized,Integrated Absorbance,Normalized,Integrated Absorbance,Normalized,Normalized,Normalized,Time/Temp,Fluence,Integrated Absorbance,Normalized,Integrated Absorbance,Normalized,Normalized,Normalized,Temp,Fluence,Integrated Absorbance,Normalized,Integrated Absorbance,Normalized,Normalized,Normalized,Time/Temp,Fluence,Integrated Absorbance,Normalized,Integrated Absorbance,Normalized,Integrated Absorbance,Normalized,Integrated Absorbance,Normalized,Integrated Absorbance,Normalized,Normalized,Normalized,Temp,Fluence,Integrated Absorbance,Normalized,Integrated Absorbance,Normalized,Normalized,Normalized,Time/Temp,Fluence,Integrated Absorbance,Normalized,,,Propagated 1sigma error,Propagated 1sigma error,Propagated 1sigma error,Propagated 1sigma error,Propagated 1sigma error,Propagated 1sigma error,Propagated 1sigma error,Propagated 1sigma error,Propagated 1sigma error,Propagated 1sigma error,Propagated 1sigma error,Propagated 1sigma error,Propagated 1sigma error,Propagated 1sigma error,Propagated 1sigma error,Propagated 1sigma error,Propagated 1sigma error,Propagated 1sigma error,Propagated 1sigma error,Propagated 1sigma error,Propagated 1sigma error,Propagated 1sigma error,Propagated 1sigma error,Propagated 1sigma error,Propagated 1sigma error,Propagated 1sigma error,Propagated 1sigma error,,fluence,normalized absorbance,temp,fluence,norm. int. absorbance,error,,,,,,,,,,,,,,,,,
,,,,,,,,,,,,,,,,,,,,,,,,,,,,,,,,,,,,,,,,,,,,,,,,,,,,,,,,,,,,,,,,,,,,,,,,,,,,,,,,,,,,,,,,,,,,,,,,,,,,,,,,20,1.54E+17,0.00387855,0.000188682,,,,,,,,,,,,,,,,,
20K,1.62E+17,0.018,0.002781641,10,1.62E+17,0.0135,0.002088813,0.01429,0.00265416,0.01264,0.002197879,0.00716,0.00265835,,,0.002503463,0.000299462,20K,1.515E+17,0.01435,0.002081218,0.011,0.001723058,0.01505,0.002225015,0.01531,0.002299144,0.002082109,0.000255894,12.5,1.515E+17,0.01289,0.001993813,0.01028,0.001682488,0.00183815,0.000155663,20K,,,,,,,,,,,,,,,,,,,,,,,,,,,,,,,,,,,,0.00013532,0.000101615,0.000129118,0.000106921,0.000129322,0.000116744,0.000101246,8.38224E-05,0.000108241,7.90881E-05,9.30994E-05,9.69939E-05,8.18487E-05,8.94213E-05,,,#DIV/0!,,,,,,#DIV/0!,,,#DIV/0!,,,1.62E+17,0.002503463,50,6.17E+17,0.00626259,0.000304659,,,,,,,,,,,,,,,,,
30K,3.24E+17,0.0228,0.003523412,20,3.24E+17,0.0138,0.002135231,0.0162,0.003008915,0.01522,0.002646496,0.00903,0.00335264,,,0.003002684,0.000520811,30K,3.03E+17,0.0243,0.003524293,0.01884,0.002951128,0.02378,0.003515671,0.02155,0.003236222,0.003306828,0.000272283,25,3.03E+17,0.01967,0.003042537,0.01547,0.002531915,0.002787226,0.000255311,30K,,,,,,,,,,,,,,,,,,,,,,,,,,,,,,,,,,,,0.000171405,0.000103874,0.000146376,0.000128745,0.000163097,0.000135523,0.000171448,0.000143565,0.000171028,0.000111323,0.000149341,0.000148012,0.000123171,0.000135591,,,#DIV/0!,,,,,,#DIV/0!,,,#DIV/0!,,,3.24E+17,0.003002684,100,1.39E+18,0.008080284,0.000393085,,,,,,,,,,,,,,,,,
40K,4.86E+17,0.0285,0.004404265,30,4.86E+17,0.0155,0.002398267,0.01871,0.003475111,0.0166,0.002886455,0.01167,0.004332814,,,0.003564793,0.000832392,40K,4.545E+17,0.0294,0.004263959,0.02257,0.003535401,0.0268,0.003962153,0.02643,0.003969064,0.003932644,0.000299872,37.5,4.545E+17,0.01957,0.003027069,0.01646,0.002693944,0.002860507,0.000166562,40K,,,,,,,,,,,,,,,,,,,,,,,,,,,,,,,,,,,,0.000214256,0.00011667,0.000169055,0.000140419,0.00021078,0.000159231,0.000207431,0.000171988,0.000192749,0.000136532,0.000177175,0.000147259,0.000131054,0.000139156,,,#DIV/0!,,,,,,#DIV/0!,,,#DIV/0!,,,4.86E+17,0.003564793,130,1.85E+18,0.004683488,0.00022784,,,,,,,,,,,,,,,,,
50K,6.48E+17,0.0312,0.004821511,40,6.48E+17,0.0142,0.002197122,0.0186,0.003454681,0.01642,0.002855156,0.01169,0.004340239,,,0.003550025,0.000910885,50K,6.06E+17,0.03142,0.004556925,0.02474,0.003875313,0.03143,0.004646659,0.02867,0.004305451,0.004346087,0.000345483,50,6.06E+17,0.02188,0.003384377,0.02185,0.003576105,0.003480241,9.58637E-05,50K,,,,,,,,,,,,,,,,,,,,,,,,,,,,,,,,,,,,0.000234554,0.000106884,0.000168061,0.000138896,0.000211142,0.000156246,0.000221683,0.000188524,0.000226048,0.000148103,0.000196089,0.000164641,0.000173968,0.000169305,,,#DIV/0!,,,,,,#DIV/0!,,,#DIV/0!,,,6.48E+17,0.003550025,150,2.16E+18,0.004235294,0.000206036,,,,,,,,,,,,,,,,,
60K,8.1E+17,0.0327,0.005053315,50,8.1E+17,,,0.01861,0.003456538,0.01792,0.00311598,0.01242,0.004611272,,,0.00372793,0.000783719,60K,7.575E+17,0.0341,0.004945613,0.02785,0.004362469,0.03266,0.004828504,0.03107,0.004665866,0.004700613,0.000252936,62.5,7.575E+17,0.02271,0.003512761,0.01993,0.003261866,0.003387313,0.000125448,60K,,,,,,,,,,,,,,,,,,,,,,,,,,,,,,,,,,,,0.000245831,,0.000168152,0.000151584,0.000224327,0.000181354,0.000240591,0.000212223,0.000234894,0.000160501,0.000212052,0.000170887,0.000158681,0.000164784,,,#DIV/0!,,,,,,#DIV/0!,,,#DIV/0!,,,8.1E+17,0.00372793,,,,,,,,,,,,,,,,,,,,,
70K,9.72E+17,0.0329,0.005084222,60,9.72E+17,0.0157,0.002429212,0.0189,0.003510401,0.01922,0.003342027,0.01279,0.004748645,,,0.003867024,0.000954033,70K,9.09E+17,0.03507,0.005086294,0.03037,0.004757206,0.03214,0.004751626,0.03199,0.004804025,0.004849788,0.000159412,75,9.09E+17,0.02404,0.003718484,0.02039,0.003337152,0.003527818,0.000190666,70K,,,,,,,,,,,,,,,,,,,,,,,,,,,,,,,,,,,,0.000247334,0.000118175,0.000170772,0.000162581,0.000231009,0.000170634,0.000247435,0.000231426,0.000231154,0.000165253,0.000218817,0.000180895,0.000162344,0.000171619,,,#DIV/0!,,,,,,#DIV/0!,,,#DIV/0!,,,9.72E+17,0.003867024,,,,,,,,,,,,,,,,,,,,,
80K,1.134E+18,0.0323,0.004991501,20K,1.134E+18,,,,,,,,,,,,,80K,1.0605E+18,0.03447,0.004999275,0.02833,0.004437657,0.03296,0.004872856,0.03393,0.00509536,0.004851287,0.000290418,20K,1.0605E+18,0.02511,0.003883991,0.02341,0.003831424,0.003857707,2.62834E-05,80K,,,,,,,,,,,,,,,,,,,,,,,,,,,,,,,,,,,,0.000242824,,,,,,0.000243202,0.000215881,0.000237052,0.000175275,0.000217852,0.000188946,0.000186389,0.000187668,,,#DIV/0!,,,,,,#DIV/0!,,,#DIV/0!,,,1.296E+18,0.004827644,,,,,,,,,,,,,,,,,,,,,
90K,1.296E+18,0.0333,0.005146036,30K,1.296E+18,0.0183,0.002831502,0.02519,0.004678678,0.02363,0.004108851,0.01534,0.005695404,,,0.004827644,0.001194473,90K,1.212E+18,0.03248,0.00471066,0.02879,0.004509712,0.03264,0.004825547,0.03137,0.004710918,0.004689209,0.000131325,30K,1.212E+18,0.02929,0.004530549,0.02685,0.004394435,0.004462492,6.80569E-05,90K,,,,,,,,,,,,,,,,,,,,,,,,,,,,,,,,,,,,0.000250342,0.000137745,0.000227606,0.000199885,0.000277067,0.000210576,0.000229162,0.000219386,0.000234751,0.000162051,0.000211337,0.0002204,0.000213778,0.000217089,,,#DIV/0!,,,,,,#DIV/0!,,,#DIV/0!,,,1.62E+18,0.005726568,,,,,,,,,,,,,,,,,,,,,
100K,1.458E+18,0.0295,0.004558801,40K,1.458E+18,,,,,,,,,,,,,100K,1.3635E+18,0.03215,0.004662799,0.02686,0.004207393,0.02949,0.004359846,0.03155,0.004737949,0.004491997,0.000250419,40K,1.3635E+18,0.02954,0.004569219,0.0279,0.004566285,0.004567752,1.46705E-06,100K,,,,,,,,,,,,,,,,,,,,,,,,,,,,,,,,,,,,0.000221774,,,,,,0.000226833,0.000204679,0.000212095,0.00016298,0.000201647,0.000222281,0.000222138,0.000222209,,,#DIV/0!,,,,,,#DIV/0!,,,#DIV/0!,,,1.944E+18,0.005393122,,,,,,,,,,,,,,,,,,,,,
110K,1.62E+18,0.0284,0.004388812,50K,1.62E+18,0.0194,0.003001702,0.02854,0.005300892,0.02939,0.005110416,0.01823,0.006768397,,,0.005726568,0.001550798,110K,1.515E+18,0.03049,0.004422045,0.02466,0.003862782,0.02744,0.004056771,0.02977,0.004470641,0.00420306,0.000292543,50K,1.515E+18,0.03353,0.005186388,0.03189,0.005219313,0.00520285,1.64622E-05,110K,,,,,,,,,,,,,,,,,,,,,,,,,,,,,,,,,,,,0.000213504,0.000146025,0.000257875,0.000248609,0.000329265,0.000245443,0.000215121,0.000187914,0.000197352,0.000153785,0.000188543,0.000252305,0.000253906,0.000253105,,,#DIV/0!,,,,,,#DIV/0!,,,#DIV/0!,,,2.268E+18,0.005004349,,,,,,,,,,,,,,,,,,,,,
120K,1.782E+18,0.0244,0.003770669,60K,1.782E+18,,,,,,,,,,,,,120K,1.6665E+18,0.02882,0.00417984,0.02105,0.003297306,0.0272,0.004021289,0.02602,0.003907494,0.003851482,0.000385963,60K,1.6665E+18,0.03512,0.005432328,0.03487,0.005707038,0.005569683,0.000137355,120K,,,,,,,,,,,,,,,,,,,,,,,,,,,,,,,,,,,,0.000183433,,,,,,0.000203339,0.000160406,0.000195625,0.000134414,0.000173446,0.000264269,0.000277633,0.000270951,,,#DIV/0!,,,,,,#DIV/0!,,,#DIV/0!,,,2.592E+18,0.00426477,,,,,,,,,,,,,,,,,,,,,
130K,1.944E+18,0.0224,0.003461598,70K,1.944E+18,0.0175,0.002707721,0.02902,0.005390045,0.02953,0.005134759,0.01523,0.005654563,,,0.005393122,0.001359368,130K,1.818E+18,0.02258,0.003274837,0.01597,0.002501566,0.02218,0.003279125,0.02224,0.003339841,0.003098842,0.000399289,70K,1.818E+18,0.03302,0.005107502,0.03288,0.005381342,0.005244422,0.00013692,130K,,,,,,,,,,,,,,,,,,,,,,,,,,,,,,,,,,,,0.000168398,0.000131724,0.000262212,0.000249793,0.00027508,0.000229702,0.000159312,0.000121695,0.000159521,0.000114887,0.000138854,0.000248467,0.000261789,0.000255128,,,#DIV/0!,,,,,,#DIV/0!,,,#DIV/0!,,,2.916E+18,0.002641139,,,,,,,,,,,,,,,,,,,,,
140K,2.106E+18,0.0123,0.001900788,80K,2.106E+18,,,,,,,,,,,,,140K,1.9695E+18,0.01658,0.002404641,0.0116,0.001817043,0.0177,0.002616795,0.01521,0.002284127,0.002280651,0.000338285,80K,1.9695E+18,0.03436,0.005314772,0.03298,0.005397709,0.00535624,4.14684E-05,140K,,,,,,,,,,,,,,,,,,,,,,,,,,,,,,,,,,,,9.24685E-05,,,,,,0.00011698,8.83945E-05,0.0001273,7.85715E-05,0.000102812,0.00025855,0.000262585,0.000260567,,,#DIV/0!,,,,,,#DIV/0!,,,#DIV/0!,,,3.24E+18,0.001152212,,,,,,,,,,,,,,,,,,,,,
150K,2.268E+18,0.0111,0.001715345,90K,2.268E+18,0.0129,0.001995977,0.0266,0.004940565,0.02829,0.004919144,0.01388,0.005153338,,,0.005004349,0.001507896,150K,2.121E+18,0.00991,0.001437273,0.00572,0.00089599,0.01015,0.001500591,0.0089,0.001336537,0.001292598,0.000272898,90K,2.121E+18,0.03296,0.005098221,0.03076,0.00503437,0.005066296,3.19257E-05,150K,,,,,,,,,,,,,,,,,,,,,,,,,,,,,,,,,,,,8.34472E-05,9.70992E-05,0.000240346,0.000239304,0.000250697,0.000206861,6.99197E-05,4.35876E-05,7.29999E-05,4.59755E-05,5.81207E-05,0.000248015,0.000244909,0.000246462,,,#DIV/0!,,,,,,#DIV/0!,,,#DIV/0!,,,3.564E+18,0.000240551,,,,,,,,,,,,,,,,,,,,,
160K,2.43E+18,0.0061,0.000942667,100K,2.43E+18,,,,,,,,,,,,,160K,2.2725E+18,0.00732,0.001061639,0.00414,0.000648496,0.00588,0.000869308,0.00691,0.001037693,0.000904284,0.000190796,100K,2.2725E+18,0.03178,0.0049157,0.02987,0.004888707,0.004902203,1.34964E-05,160K,,,,,,,,,,,,,,,,,,,,,,,,,,,,,,,,,,,,4.58584E-05,,,,,,5.1646E-05,3.15477E-05,4.22896E-05,3.56956E-05,4.02947E-05,0.000239136,0.000237823,0.00023848,,,#DIV/0!,,,,,,#DIV/0!,,,#DIV/0!,,,3.888E+18,0.00071322,,,,,,,,,,,,,,,,,,,,,
170K,2.592E+18,0.0059,0.00091176,110K,2.592E+18,0.0076,0.001175924,0.023,0.004271917,0.02529,0.004397496,0.01111,0.004124898,,,0.00426477,0.001548436,170K,2.424E+18,0.00508,0.000736766,0.0051,0.000798872,0.0035,0.000517445,0.00344,0.000516594,0.000642419,0.000147003,110K,2.424E+18,0.02861,0.004425367,0.0275,0.004500818,0.004463093,3.77255E-05,170K,,,,,,,,,,,,,,,,,,,,,,,,,,,,,,,,,,,,4.43548E-05,5.72057E-05,0.000207818,0.000213927,0.000200666,0.000169904,3.58418E-05,3.88631E-05,2.51724E-05,1.77703E-05,2.94119E-05,0.000215283,0.000218953,0.000217118,,,#DIV/0!,,,,,,#DIV/0!,,,#DIV/0!,,,4.212E+18,0.000449821,,,,,,,,,,,,,,,,,,,,,
180K,2.754E+18,0.0049,0.000757225,120K,2.754E+18,,,,,,,,,,,,,180K,2.5755E+18,0.00356,0.000516316,0.00641,0.001004073,0.00282,0.000416913,0.00478,0.000717825,0.000663782,0.000259107,120K,2.5755E+18,0.02491,0.003853055,0.02585,0.004230769,0.004041912,0.000188857,180K,,,,,,,,,,,,,,,,,,,,,,,,,,,,,,,,,,,,3.6837E-05,,,,,,2.51175E-05,4.88456E-05,2.02818E-05,2.46924E-05,2.97343E-05,0.000187441,0.000205816,0.000196629,,,#DIV/0!,,,,,,#DIV/0!,,,#DIV/0!,,,4.536E+18,0.00029565,,,,,,,,,,,,,,,,,,,,,
190K,2.916E+18,0.0043,0.000664503,130K,2.916E+18,0.0026,0.00040229,0.01682,0.003124071,0.01511,0.002627369,0.00585,0.002171976,,,0.002641139,0.001185026,190K,2.727E+18,0.00389,0.000564177,0.00349,0.000546679,0.00357,0.000527794,0.00387,0.000581168,0.000554955,2.29375E-05,130K,2.727E+18,0.02205,0.003410673,0.0222,0.003633388,0.00352203,0.000111358,190K,,,,,,,,,,,,,,,,,,,,,,,,,,,,,,,,,,,,3.23264E-05,1.95704E-05,0.000151978,0.000127815,0.000105661,0.000101256,2.74458E-05,2.65945E-05,2.56758E-05,1.99916E-05,2.49269E-05,0.000165921,0.000176755,0.000171338,,,#DIV/0!,,,,,,#DIV/0!,,,#DIV/0!,,,4.86E+18,4.53637E-05,,,,,,,,,,,,,,,,,,,,,
200K,3.078E+18,0.0035,0.000540875,140K,3.078E+18,,,,,,,,,,,,,200K,2.8785E+18,0.00333,0.000482959,0.00275,0.000430764,0.00304,0.000449438,0.0033,0.00049557,0.000464683,2.98378E-05,140K,2.8785E+18,0.0146,0.002258314,,,0.002258314,,200K,,,,,,,,,,,,,,,,,,,,,,,,,,,,,,,,,,,,2.63122E-05,,,,,,2.34947E-05,2.09556E-05,2.1864E-05,1.70471E-05,2.08403E-05,0.000109861,,0.000109861,,,#DIV/0!,,,,,,#DIV/0!,,,#DIV/0!,,,5.184E+18,0.00014029,,,,,,,,,,,,,,,,,,,,,
210K,3.24E+18,0.0041,0.000633596,150K,3.24E+18,0.0001,1.54727E-05,0.00643,0.001194279,0.00605,0.001051991,0.00326,0.001210366,,,0.001152212,0.000572808,210K,3.03E+18,0.00355,0.000514866,0.0029,0.000454261,0.00387,0.000572147,0.00306,0.000459528,0.0005002,5.52449E-05,150K,3.03E+18,0.00916,0.00141686,0.00908,0.001486088,0.001451474,3.46142E-05,210K,,,,,,,,,,,,,,,,,,,,,,,,,,,,,,,,,,,,3.08228E-05,7.52707E-07,5.80986E-05,5.11767E-05,5.88812E-05,4.22273E-05,2.50469E-05,2.20986E-05,2.78335E-05,1.58073E-05,2.26966E-05,6.89266E-05,7.22944E-05,7.06105E-05,,,#DIV/0!,,,,,,#DIV/0!,,,#DIV/0!,,,5.508E+18,-0.000182676,,,,,,,,,,,,,,,,,,,,,
220K,3.402E+18,0.004,0.000618142,160K,3.402E+18,,,,,,,,,,,,,220K,3.1815E+18,0.00162,0.000234953,0.00195,0.000305451,0.00132,0.000195151,0.0034,0.000510587,0.000311535,0.00014032,160K,3.1815E+18,0.00491,0.000759474,0.00565,0.000924714,0.000842094,8.26197E-05,220K,,,,,,,,,,,,,,,,,,,,,,,,,,,,,,,,,,,,3.00711E-05,,,,,,1.14299E-05,1.48594E-05,9.49359E-06,1.75637E-05,1.33366E-05,3.69465E-05,4.4985E-05,4.09657E-05,,,#DIV/0!,,,,,,#DIV/0!,,,#DIV/0!,,,5.832E+18,-1.60864E-05,,,,,,,,,,,,,,,,,,,,,
230K,3.564E+18,0.0017,0.000262711,170K,3.564E+18,-0.0009,-0.000139254,-0.0035,-0.000650074,0.00396,0.000688576,0.00184,0.000683151,,,0.000240551,0.00065778,230K,3.333E+18,0.00219,0.000317621,0.00249,0.000390038,0.00143,0.000211413,0.00121,0.000181709,0.000275195,9.62576E-05,170K,3.333E+18,0.00535,0.000827533,0.00438,0.000716858,0.000772195,5.53376E-05,230K,,,,,,,,,,,,,,,,,,,,,,,,,,,,,,,,,,,,1.27802E-05,6.77436E-06,3.16245E-05,3.34975E-05,3.32336E-05,2.62825E-05,1.54515E-05,1.89743E-05,1.02847E-05,6.2506E-06,1.27403E-05,4.02574E-05,3.48733E-05,3.75653E-05,,,#DIV/0!,,,,,,#DIV/0!,,,#DIV/0!,,,,,,,,,,,,,,,,,,,,,,,,,
240K,3.726E+18,0.0012,0.000185443,180K,3.726E+18,,,,,,,,,,,,,240K,3.4845E+18,0.00098,0.000142132,0.0013,0.000203634,-0.00095,-0.000140449,0.00051,7.65881E-05,7.04762E-05,0.000149881,180K,3.4845E+18,0.00431,0.000666667,0.00498,0.000815057,0.000740862,7.41953E-05,240K,,,,,,,,,,,,,,,,,,,,,,,,,,,,,,,,,,,,9.02132E-06,,,,,,6.91436E-06,9.90628E-06,6.83251E-06,2.63455E-06,6.57192E-06,3.24316E-05,3.96505E-05,3.6041E-05,,,#DIV/0!,,,,,,#DIV/0!,,,#DIV/0!,,,,,,,,,,,,,,,,,,,,,,,,,
250K,3.888E+18,0.0005,7.72678E-05,190K,3.888E+18,-0.0003,-4.64181E-05,,,0.00278,0.000483394,0.00254,0.000943046,,,0.00071322,0.000495146,250K,3.636E+18,0.00026,3.77085E-05,0.00144,0.000225564,-0.00091,-0.000134536,0.00106,0.000159183,7.19799E-05,0.00015813,190K,3.636E+18,0.00371,0.000573859,0.00565,0.000924714,0.000749286,0.000175427,250K,,,,,,,,,,,,,,,,,,,,,,,,,,,,,,,,,,,,3.75888E-06,2.25812E-06,0.00018794,2.35159E-05,4.58768E-05,6.48976E-05,1.83442E-06,1.09731E-05,6.54482E-06,5.47573E-06,6.20702E-06,2.79168E-05,4.4985E-05,3.64509E-05,,,#DIV/0!,,,,,,#DIV/0!,,,#DIV/0!,,,,,,,,,,,,,,,,,,,,,,,,,
260K,4.05E+18,0.0016,0.000247257,200K,4.05E+18,,,,,,,,,,,,,260K,3.7875E+18,-0.00201,-0.000291516,0.00044,6.89223E-05,-0.00066,-9.75754E-05,0.00022,3.3038E-05,-7.17827E-05,0.000163027,200K,3.7875E+18,0.00554,0.000856922,0.00236,0.000386252,0.000621587,0.000235335,260K,,,,,,,,,,,,,,,,,,,,,,,,,,,,,,,,,,,,1.20284E-05,,,,,,1.41815E-05,3.35289E-06,4.74679E-06,1.13647E-06,5.85441E-06,4.16871E-05,1.87902E-05,3.02386E-05,,,#DIV/0!,,,,,,#DIV/0!,,,#DIV/0!,,,,,,,,,,,,,,,,,,,,,,,,,
270K,4.212E+18,0.0006,9.27214E-05,210K,4.212E+18,0.0009,0.000139254,,,0.00385,0.000669449,0.00062,0.000230192,,,0.000449821,0.000283526,270K,3.939E+18,-0.0024,-0.000348078,0.00053,8.30201E-05,-0.0005,-7.39208E-05,-0.00115,-0.000172699,-0.000127919,0.000180634,210K,3.939E+18,0.00308,0.000476411,0.00372,0.000608838,0.000542625,6.62133E-05,270K,,,,,,,,,,,,,,,,,,,,,,,,,,,,,,,,,,,,4.51066E-06,6.77436E-06,0.000430996,3.2567E-05,1.11983E-05,0.000120384,1.69331E-05,4.03871E-06,3.59606E-06,5.94065E-06,7.62714E-06,2.31762E-05,2.96184E-05,2.63973E-05,,,#DIV/0!,,,,,,#DIV/0!,,,#DIV/0!,,,,,,,,,,,,,,,,,,,,,,,,,
280K,4.374E+18,-0.0001,-1.54536E-05,220K,4.374E+18,,,,,,,,,,,,,280K,4.0905E+18,-0.00207,-0.000300218,0.00025,3.91604E-05,-0.0012,-0.00017741,-0.00134,-0.000201231,-0.000159925,0.000142979,220K,4.0905E+18,0.00283,0.000437742,-0.00166,-0.000271686,8.3028E-05,0.000354714,280K,,,,,,,,,,,,,,,,,,,,,,,,,,,,,,,,,,,,7.51776E-07,,,,,,1.46048E-05,1.90505E-06,8.63053E-06,6.92215E-06,8.01564E-06,2.1295E-05,1.32168E-05,1.72559E-05,,,#DIV/0!,,,,,,#DIV/0!,,,#DIV/0!,,,,,,,,,,,,,,,,,,,,,,,,,
290K,4.536E+18,-0.0007,-0.000108175,230K,4.536E+18,0.0003,4.64181E-05,,,0.00276,0.000479917,0.0003,0.000111383,,,0.00029565,0.000233794,290K,4.242E+18,-0.00213,-0.00030892,-0.00041,-6.42231E-05,-0.00136,-0.000201064,-0.00192,-0.000288332,-0.000215635,0.000111242,230K,4.242E+18,0.00117,0.000180974,0.00014,2.29133E-05,0.000101944,7.90306E-05,290K,,,,,,,,,,,,,,,,,,,,,,,,,,,,,,,,,,,,5.26243E-06,2.25812E-06,0.000722845,2.33467E-05,5.41852E-06,0.000188467,1.50281E-05,3.12429E-06,9.78127E-06,9.9183E-06,9.463E-06,8.80395E-06,1.11467E-06,4.95931E-06,,,#DIV/0!,,,,,,#DIV/0!,,,#DIV/0!,,,,,,,,,,,,,,,,,,,,,,,,,
300K,4.698E+18,-0.0003,-4.63607E-05,240K,4.698E+18,,,,,,,,,,,,,300K,4.3935E+18,-0.00166,-0.000240754,0.00022,3.44612E-05,-0.00104,-0.000153755,-0.00095,-0.000142664,-0.000125678,0.000115418,240K,4.3935E+18,0.00024,3.7123E-05,-0.00214,-0.000350245,-0.000156561,0.000193684,300K,,,,,,,,,,,,,,,,,,,,,,,,,,,,,,,,,,,,2.25533E-06,,,,,,1.17121E-05,1.67645E-06,7.4798E-06,4.90749E-06,6.44395E-06,1.80594E-06,1.70385E-05,9.42224E-06,,,#DIV/0!,,,,,,#DIV/0!,,,#DIV/0!,,,,,,,,,,,,,,,,,,,,,,,,,
310K,4.86E+18,0.0009,0.000139082,250K,4.86E+18,-0.0013,-0.000201145,0.00094,0.000174591,0.00138,0.000239958,-0.00075,-0.000278458,,,4.53637E-05,0.000261408,310K,4.545E+18,0.00077,0.000111675,0.00078,0.00012218,-0.00363,-0.000536665,-0.00184,-0.000276318,-0.000144782,0.000320371,250K,4.545E+18,0.00072,0.000111369,-0.00164,-0.000268412,-7.85218E-05,0.000189891,310K,,,,,,,,,,,,,,,,,,,,,,,,,,,,,,,,,,,,6.76599E-06,9.78519E-06,8.49343E-06,1.16734E-05,1.35463E-05,1.08746E-05,5.43271E-06,5.94377E-06,2.61074E-05,9.50504E-06,1.17472E-05,5.41781E-06,1.30576E-05,9.2377E-06,,,#DIV/0!,,,,,,#DIV/0!,,,#DIV/0!,,,,,,,,,,,,,,,,,,,,,,,,,
,,,,260K,5.022E+18,,,,,,,,,,,,,,,,,,,,,,,,,260K,4.6965E+18,-0.00032,-4.94973E-05,-0.0028,-0.000458265,-0.000253881,0.000204384,,,,,,,,,,,,,,,,,,,,,,,,,,,,,,,,,,,,,,,,,,,,,,,,2.40792E-06,2.22934E-05,1.23507E-05,,,,,,,,,#DIV/0!,,,,,,,,,,,,,,,,,,,,,,,,,,,,
,,,,270K,5.184E+18,-0.0039,-0.000603435,0.00108,0.000200594,0.00046,7.99861E-05,,,,,0.00014029,0.000433604,,,,,,,,,,,,,270K,4.848E+18,-0.00023,-3.55762E-05,-0.00176,-0.000288052,-0.000161814,0.000126238,,,,,,,,,,,,,,,,,,,,,,,,,,,,,,,,,,,,,,2.93556E-05,9.7584E-06,3.89112E-06,,1.4335E-05,,,,,,1.73069E-06,1.4013E-05,7.87185E-06,,,,,,,,,#DIV/0!,,,,,,,,,,,,,,,,,,,,,,,,,,,,
,,,,280K,5.346E+18,,,,,,,,,,,,,,,,,,,,,,,,,280K,4.9995E+18,-0.00077,-0.000119103,-0.00232,-0.000379705,-0.000249404,0.000130301,,,,,,,,,,,,,,,,,,,,,,,,,,,,,,,,,,,,,,,,,,,,,,,,5.79405E-06,1.84717E-05,1.21329E-05,,,,,,,,,#DIV/0!,,,,,,,,,,,,,,,,,,,,,,,,,,,,
,,,,290K,5.508E+18,,,0.00013,2.41456E-05,-0.00224,-0.000389497,,,,,-0.000182676,0.00029249,,,,,,,,,,,,,290K,5.151E+18,-0.00234,-0.000361949,-0.00062,-0.000101473,-0.000231711,0.000130238,,,,,,,,,,,,,,,,,,,,,,,,,,,,,,,,,,,,,,1.95704E-05,1.17462E-06,1.89481E-05,,1.3231E-05,,,,,,1.76079E-05,4.9364E-06,1.12721E-05,,,,,,,,,#DIV/0!,,,,,,,,,,,,,,,,,,,,,,,,,,,,
,,,,300K,5.67E+18,,,,,,,,,,,,,,,,,,,,,,,,,300K,5.3025E+18,-0.00239,-0.000369683,-0.00331,-0.000541735,-0.000455709,8.6026E-05,,,,,,,,,,,,,,,,,,,,,,,,,,,,,,,,,,,,,,,,,,,,,,,,1.79841E-05,2.6354E-05,2.21691E-05,,,,,,,,,#DIV/0!,,,,,,,,,,,,,,,,,,,,,,,,,,,,
,,,,310K,5.832E+18,,,0.00154,0.000286033,-0.00183,-0.000318206,,,,,-1.60864E-05,0.000427261,,,,,,,,,,,,,310K,5.454E+18,-0.00106,-0.00016396,-0.00082,-0.000134206,-0.000149083,1.48768E-05,,,,,,,,,,,,,,,,,,,,,,,,,,,,,,,,,,,,,,2.40866E-05,1.39148E-05,1.54799E-05,,1.78271E-05,,,,,,7.97622E-06,6.52879E-06,7.25251E-06,,,,,,,,,#DIV/0!,,,,,,,,,,,,,,,,,,,,,,,,,,,,
,,,,,,,,,,,,,,,,,,,,,,,,,,,,,,,,,,,,,,,,,,,,,,,,,,,,,,,,,,,,,,,,,,,,,,,,,,,,,,,,,,,,,,,,,,,,,,,,,,,,,,,,,,,,,,,,,,,,,,,,,,,,
,,,,,,,,,,,,,,,,,,,,,,,,,,,,,,,,,,,,,,,,,,,,,,,,,,,,,,,,,,,,,,,,,,,,,,,,,,,,,,,,,,,,,,,,,,,,,,,,,,,,,,,,,,,,,,,,,,,,,,,,,,,,
,,,,,,,,,,,,,,,,,,,,,,,,,,,,,,,,,,,,,,,,,,,,,,,,,,,,,,,,,,,,,,,,,,,,,,,,,,,,,,,,,,,,,,,,,,,,,,,,,,,,,,,,,,,,,,,,,,,,,,,,,,,,
,,,,,,,,,,,,,,,,,,,,,,,,,,,,,,,,,,,,,,,,,,,,,,,,,,,,,,,,,,,,,,,,,,,,,,,,,,,,,,,,,,,,,,,,,,,,,,,,,,,,,,,,,,,,,,,,,,,,,,,,,,,,
,,,,,,,,,,,,,,,,,,,,,,,,,,,,,,,,,,,,,,,,,,,,,,,,,,,,,,,,,,,,,,,,,,,,,,,,,,,,,,,,,,,,,,,,,,,,,,,,,,,,,,,,,,,,,,,,,,,,,,,,,,,,
,,,,,,,,,,,,,,,,,,,,,,,,,,,,,,,,,,,,,,,,,,,,,,,,,,,,,,,,,,,,,,,,,,,,,,,,,,,,,,,,,,,,,,,,,,,,,,,,,,,,,,,,,,,,,,,,,,,,,,,,,,,,
,,,,,,,,,,,,,,,,,,,,,,,,,,,,,,,,,,,,,,,,,,,,,,,,,,,,,,,,,,,,,,,,,,,,,,,,,,,,,,,,,,,,,,,,,,,,,,,,,,,,,,,,,,,,,,,,,,,,,,,,,,,,
,,,,,,,,,,,,,,,,,,,,,,,,,,,,,,,,,,,,,,,,,,,,,,,,,,,,,,,,,,,,,,,,,,,,,,,,,,,,,,,,,,,,,,,,,,,,,,,,,,,,,,,,,,,,,,,,,,,,,,,,,,,,
,,,,,,,,,,,,,,,,,,,,,,,,,,,,,,,,,,,,,,,,,,,,,,,,,,,,,,,,,,,,,,,,,,,,,,,,,,,,,,,,,,,,,,,,,,,,,,,,,,,,,,,,,,,,,,,,,,,,,,,,,,,,
,,,,,,,,,,,,,,,,,,,,,,,,,,,,,,,,,,,,,,,,,,,,,,,,,,,,,,,,,,,,,,,,,,,,,,,,,,,,,,,,,,,,,,,,,,,,,,,,,,,,,,,,,,,,,,,,,,,,,,,,,,,,
,,,,,,,,,,,,,,,,,,,,,,,,,,,,,,,,,,,,,,,,,,,,,,,,,,,,,,,,,,,,,,,,,,,,,,,,,,,,,,,,,,,,,,,,,,,,,,,,,,,,,,,,,,,,,,,,,,,,,,,,,,,,
,,,,,,,,,,,,,,,,,,,,,,,,,,,,,,,,,,,,,,,,,,,,,,,,,,,,,,,,,,,,,,,,,,,,,,,,,,,,,,,,,,,,,,,,,,,,,,,,,,,,,,,,,,,,,,,,,,,,,,,,,,,,
,,,,,,,,,,,,,,,,,,,,,,,,,,,,,,,,,,,,,,,,,,,,,,,,,,,,,,,,,,,,,,,,,,,,,,,,,,,,,,,,,,,,,,,,,,,,,,,,,,,,,,,,,,,,,,,,,,,,,,,,,,,,
,,,,,,,,,,,,,,,,,,,,,,,,,,,,,,,,,,,,,,,,,,,,,,,,,,,,,,,,,,,,,,,,,,,,,,,,,,,,,,,,,,,,,,,,,,,,,,,,,,,,,,,,,,,,,,,,,,,,,,,,,,,,
,,,,,,,,,,,,,,,,,,,,,,,,,,,,,,,,,,,,,,,,,,,,,,,,,,,,,,,,,,,,,,,,,,,,,,,,,,,,,,,,,,,,,,,,,,,,,,,,,,,,,,,,,,,,,,,,,,,,,,,,,,,,
,,,,,,,,,,,,,,,,,,,,,,,,,,,,,,,,,,,,,,,,,,,,,,,,,,,,,,,,,,,,,,,,,,,,,,,,,,,,,,,,,,,,,,,,,,,,,,,,,,,,,,,,,,,,,,,,,,,,,,,,,,,,
Production/Sublimation 1162,,,,,,,,,,,,,,,,,,,,,,,,,,,,,,,,,,,,,,,,,,,,,,,,,,,,,,,,,,,,,,,,,,,,,,,,,,,,,,,,,,,,,,,,,,,,,,,,,,,,,,,,,,,,,,,,,,,,,,,,,,,,
100% Methanol,,,,,,,,,,,,,,,,,,,,,,,,,,,,,,,,,,,,,,11-16% Methanol,,,,,,,,,,,,,,,,,,,,,,,,,,,,,,,,,,,,1162 cm-1,,,,,,,,,,,,,,,,,,,,,,,,,,,,,,,,,,,,,,,,,,,,,,,,,,
0min 100W,,,,60min 100W,,,,,,,,,,,,,,0min 50W,,,,,,,,,,,,75min 50W,,,,,,,,0 min 100W,,,,,,,,60 min 100W,,,,,,,,,,,,,,0min 50W,,,,,,,,75min 50W,,,,,,0 min 100W 100%,60 min 100W 100%,,,,,0 min 50W 100%,,,,,75 min 50W 100%,,,0min 100W 11-16%,,,60min 100W 11-16%,,,,,,0min 50W 11-16%,,,75min 50W 11-16%,,,,,,,,,,,,,,,,,,,,,,,,
,,110923,,,,101223,,092823 - IR out,,91523,,83123,,102824,,Average,st. dev.,,,010324 -2nd good,,122123 -power surge,,122723 -purge,,121823 -oscillate,,Average,st. dev.,,,010523,,122923 -purge,,Average,st. dev.,,,81524,,81624,,Average,st. dev.,,,71824,,090324 -purge,,92424,,100824 -purge,,101524,,Average,st. dev.,,,82724,,083024 -purge,,Average,st. dev.,,,91724,,,,110923,101223,92823,91523,83123,ave,10324,122123,122723,121823,ave,10524,122923,ave,81524,81624,ave,71824,90324,92424,100824,101524,ave,82724,83024,ave,91724,,,,100%,,,,,,,,,,,,,,,,,,,,
Temp,Fluence,Integrated Absorbance,Normalized,Time/Temp,Fluence,Integrated Absorbance,Normalized,Integrated Absorbance,Normalized,Integrated Absorbance,Normalized,Integrated Absorbance,Normalized,Integrated Absorbance,Normalized,Normalized,Normalized,Temp,Fluence,Integrated Absorbance,Normalized,Integrated Absorbance,Normalized,Integrated Absorbance,Normalized,Integrated Absorbance,Normalized,Normalized,Normalized,Time/Temp,Fluence,Integrated Absorbance,Normalized,Integrated Absorbance,Normalized,Normalized,Normalized,Temp,Fluence,Integrated Absorbance,Normalized,Integrated Absorbance,Normalized,Normalized,Normalized,Time/Temp,Fluence,Integrated Absorbance,Normalized,Integrated Absorbance,Normalized,Integrated Absorbance,Normalized,Integrated Absorbance,Normalized,Integrated Absorbance,Normalized,Normalized,Normalized,Temp,Fluence,Integrated Absorbance,Normalized,Integrated Absorbance,Normalized,Normalized,Normalized,Time/Temp,Fluence,Integrated Absorbance,Normalized,,,Propagated 1sigma error,Propagated 1sigma error,Propagated 1sigma error,Propagated 1sigma error,Propagated 1sigma error,Propagated 1sigma error,Propagated 1sigma error,Propagated 1sigma error,Propagated 1sigma error,Propagated 1sigma error,Propagated 1sigma error,Propagated 1sigma error,Propagated 1sigma error,Propagated 1sigma error,Propagated 1sigma error,Propagated 1sigma error,Propagated 1sigma error,Propagated 1sigma error,Propagated 1sigma error,Propagated 1sigma error,Propagated 1sigma error,Propagated 1sigma error,Propagated 1sigma error,Propagated 1sigma error,Propagated 1sigma error,Propagated 1sigma error,Propagated 1sigma error,,fluence,normalized absorbance,temp,fluence,norm. int. absorbance,error,,,,,,,,,,,,,,,,,
,,,,,,,,,,,,,,,,,,,,,,,,,,,,,,,,,,,,,,,,,,,,,,,,,,,,,,,,,,,,,,,,,,,,,,,,,,,,,,,,,,,,,,,,,,,,,,,,,,,,,,,,20,1.54E+17,0.003067581,0.00014923,,,,,,,,,,,,,,,,,
20K,1.62E+17,0.01264,0.00195333,10,1.62E+17,0.00362,0.000560111,0.00953,0.001770059,0.000764,0.000132846,0.00387,0.001436846,,,0.001113251,0.000758678,20K,1.515E+17,0.01328,0.001926033,0.00826,0.00129386,0.01149,0.001698699,0.01242,0.001865145,0.001695934,0.000284751,12.5,1.515E+17,0.00965,0.001492653,0.00809,0.001324059,0.001408356,8.42969E-05,20K,,,,,,,,,,,,,,,,,,,,,,,,,,,,,,,,,,,,9.50245E-05,2.7248E-05,8.61089E-05,6.46264E-06,6.98989E-05,4.74296E-05,9.36966E-05,6.2943E-05,8.26374E-05,6.4159E-05,7.5859E-05,7.26137E-05,6.44121E-05,6.85129E-05,,,#DIV/0!,,,,,,#DIV/0!,,,#DIV/0!,,,1.62E+17,0.001113251,50,6.17E+17,0.003848921,0.00018724,,,,,,,,,,,,,,,,,
30K,3.24E+17,0.02035,0.0031448,20,3.24E+17,0.00621,0.000960854,0.01189,0.002208395,0.01069,0.001858807,0.00611,0.002268508,,,0.002111904,0.000603208,30K,3.03E+17,0.02073,0.003006526,0.01507,0.002360589,0.01965,0.002905086,0.0196,0.002943385,0.002803897,0.000298483,25,3.03E+17,0.0147,0.002273782,0.01201,0.00196563,0.002119706,0.000154076,30K,,,,,,,,,,,,,,,,,,,,,,,,,,,,,,,,,,,,0.000152986,4.67431E-05,0.000107433,9.04262E-05,0.000110357,8.87398E-05,0.00014626,0.000114837,0.000141325,0.000101249,0.000125918,0.000110614,9.56229E-05,0.000103118,,,#DIV/0!,,,,,,#DIV/0!,,,#DIV/0!,,,3.24E+17,0.002111904,100,1.39E+18,0.003735743,0.000181734,,,,,,,,,,,,,,,,,
40K,4.86E+17,0.02462,0.003804667,30,4.86E+17,0.00734,0.001135695,0.01359,0.002524146,0.01357,0.00235959,0.00782,0.002903393,,,0.00259571,0.000764695,40K,4.545E+17,0.02628,0.003811458,0.01942,0.00304198,0.02435,0.003599941,0.02408,0.003616159,0.003517384,0.00033119,37.5,4.545E+17,0.01709,0.002643465,0.0141,0.002307692,0.002475579,0.000167886,40K,,,,,,,,,,,,,,,,,,,,,,,,,,,,,,,,,,,,0.000185087,5.52487E-05,0.000122793,0.000114788,0.000141243,0.000108518,0.000185418,0.000147985,0.000175128,0.000124392,0.000158231,0.000128598,0.000112263,0.000120431,,,#DIV/0!,,,,,,#DIV/0!,,,#DIV/0!,,,4.86E+17,0.00259571,130,1.85E+18,0.002069274,0.000100665,,,,,,,,,,,,,,,,,
50K,6.48E+17,0.02763,0.004269819,40,6.48E+17,0.00911,0.001409562,0.01542,0.002864042,0.01416,0.00246218,0.00909,0.003374916,,,0.00290038,0.000833752,50K,6.06E+17,0.02983,0.004326323,0.02364,0.003703008,0.02789,0.0041233,0.02786,0.004183811,0.004084111,0.000267944,50,6.06E+17,0.01916,0.00296365,0.01587,0.002597381,0.002780516,0.000183135,50K,,,,,,,,,,,,,,,,,,,,,,,,,,,,,,,,,,,,0.000207716,6.85716E-05,0.000139328,0.000119779,0.000164181,0.000122965,0.000210465,0.000180142,0.000200588,0.000143919,0.000183778,0.000144174,0.000126356,0.000135265,,,#DIV/0!,,,,,,#DIV/0!,,,#DIV/0!,,,6.48E+17,0.00290038,150,2.16E+18,0.000354622,1.72514E-05,,,,,,,,,,,,,,,,,
60K,8.1E+17,0.02982,0.004608252,50,8.1E+17,,,0.01594,0.002960624,0.01459,0.00253695,0.00873,0.003241256,,,0.002912944,0.000354566,60K,7.575E+17,0.03225,0.004677302,0.02569,0.004024123,0.03021,0.004466292,0.0288,0.004324974,0.004373173,0.000274059,62.5,7.575E+17,0.01904,0.002945089,0.0164,0.002684124,0.002814607,0.000130482,60K,,,,,,,,,,,,,,,,,,,,,,,,,,,,,,,,,,,,0.00022418,,0.000144027,0.000123416,0.000157679,0.000141707,0.000227539,0.000195763,0.000217274,0.000148775,0.000197338,0.000143271,0.000130576,0.000136923,,,#DIV/0!,,,,,,#DIV/0!,,,#DIV/0!,,,8.1E+17,0.002912944,,,,,,,,,,,,,,,,,,,,,
70K,9.72E+17,0.03065,0.004736517,60,9.72E+17,0.0091,0.001408015,0.0168,0.003120357,0.01603,0.002787341,0.00999,0.003709067,,,0.003205588,0.000976241,70K,9.09E+17,0.03278,0.00475417,0.0265,0.004151003,0.03127,0.004623004,0.02979,0.004473645,0.004500455,0.000259631,75,9.09E+17,0.01981,0.003064192,0.01732,0.002834697,0.002949445,0.000114747,70K,,,,,,,,,,,,,,,,,,,,,,,,,,,,,,,,,,,,0.000230419,6.84963E-05,0.000151797,0.000135597,0.000180437,0.000134082,0.000231278,0.000201936,0.000224897,0.000153889,0.000203,0.000149065,0.000137901,0.000143483,,,#DIV/0!,,,,,,#DIV/0!,,,#DIV/0!,,,9.72E+17,0.003205588,,,,,,,,,,,,,,,,,,,,,
80K,1.134E+18,0.03071,0.004745789,20K,1.134E+18,,,,,,,,,,,,,80K,1.0605E+18,0.03327,0.004825236,0.02797,0.004381266,0.03093,0.004572738,0.02983,0.004479652,0.004564723,0.00019046,20K,1.0605E+18,0.02232,0.003452436,0.01917,0.00313748,0.003294958,0.000157478,80K,,,,,,,,,,,,,,,,,,,,,,,,,,,,,,,,,,,,0.000230871,,,,,,0.000234735,0.000213137,0.000222452,0.000154095,0.000206105,0.000167952,0.00015263,0.000160291,,,#DIV/0!,,,,,,#DIV/0!,,,#DIV/0!,,,1.296E+18,0.003913342,,,,,,,,,,,,,,,,,,,,,
90K,1.296E+18,0.03008,0.004648431,30K,1.296E+18,0.01137,0.001759245,0.01999,0.003712853,0.0202,0.003512433,0.01216,0.00451474,,,0.003913342,0.001160848,90K,1.212E+18,0.03305,0.004793328,0.02753,0.004312343,0.03218,0.00475754,0.02982,0.00447815,0.00458534,0.000230166,30K,1.212E+18,0.02407,0.003723125,0.02202,0.003603928,0.003663526,5.95983E-05,90K,,,,,,,,,,,,,,,,,,,,,,,,,,,,,,,,,,,,0.000226134,8.55828E-05,0.000180621,0.000170871,0.000219631,0.000164176,0.000233183,0.000209784,0.000231442,0.000154044,0.000207113,0.000181121,0.000175322,0.000178221,,,#DIV/0!,,,,,,#DIV/0!,,,#DIV/0!,,,1.62E+18,0.004357329,,,,,,,,,,,,,,,,,,,,,
100K,1.458E+18,0.02942,0.004546438,40K,1.458E+18,,,,,,,,,,,,,100K,1.3635E+18,0.03191,0.004627991,0.02787,0.004365602,0.03101,0.004584565,0.02903,0.004359513,0.004484418,0.000141847,40K,1.3635E+18,0.02581,0.003992266,0.02444,0.004,0.003996133,3.86698E-06,100K,,,,,,,,,,,,,,,,,,,,,,,,,,,,,,,,,,,,0.000221173,,,,,,0.00022514,0.000212375,0.000223027,0.000149963,0.000202626,0.000194214,0.00019459,0.000194402,,,#DIV/0!,,,,,,#DIV/0!,,,#DIV/0!,,,1.944E+18,0.00456452,,,,,,,,,,,,,,,,,,,,,
110K,1.62E+18,0.02695,0.004164735,50K,1.62E+18,0.01391,0.002152251,0.02275,0.004225483,0.02267,0.003941923,0.01321,0.004904582,,,0.004357329,0.001174196,110K,1.515E+18,0.03029,0.004393038,0.02553,0.00399906,0.02961,0.004377587,0.02752,0.004132753,0.00422561,0.00019242,50K,1.515E+18,0.02808,0.004343387,0.02548,0.004170213,0.0042568,8.65874E-05,110K,,,,,,,,,,,,,,,,,,,,,,,,,,,,,,,,,,,,0.000202604,0.000104702,0.000205559,0.000191764,0.000238595,0.000185155,0.00021371,0.000194544,0.000212958,0.000142162,0.000190844,0.000211295,0.00020287,0.000207082,,,#DIV/0!,,,,,,#DIV/0!,,,#DIV/0!,,,2.268E+18,0.004374458,,,,,,,,,,,,,,,,,,,,,
120K,1.782E+18,0.02206,0.003409056,60K,1.782E+18,,,,,,,,,,,,,120K,1.6665E+18,0.02415,0.003502538,0.02073,0.00324718,0.02488,0.003678297,0.02339,0.003512539,0.003485139,0.00017794,60K,1.6665E+18,0.02887,0.004465584,0.02592,0.004242226,0.004353905,0.000111679,120K,,,,,,,,,,,,,,,,,,,,,,,,,,,,,,,,,,,,0.000165842,,,,,,0.00017039,0.000157967,0.00017894,0.000120828,0.000157031,0.000217239,0.000206373,0.000211806,,,#DIV/0!,,,,,,#DIV/0!,,,#DIV/0!,,,2.592E+18,0.003669837,,,,,,,,,,,,,,,,,,,,,
130K,1.944E+18,0.01852,0.002862,70K,1.944E+18,0.01595,0.002467894,0.02425,0.004504086,0.02492,0.004333159,0.01308,0.004856315,,,0.00456452,0.001070702,130K,1.818E+18,0.01878,0.002723713,0.01502,0.002352757,0.02059,0.003044057,0.02126,0.003192672,0.0028283,0.000372558,70K,1.818E+18,0.02851,0.004409899,0.02613,0.004276596,0.004343248,6.66519E-05,130K,,,,,,,,,,,,,,,,,,,,,,,,,,,,,,,,,,,,0.000139229,0.000120057,0.000219112,0.000210797,0.000236247,0.000196553,0.000132502,0.000114456,0.000148086,0.000109825,0.000126217,0.00021453,0.000208045,0.000211288,,,#DIV/0!,,,,,,#DIV/0!,,,#DIV/0!,,,2.916E+18,0.002200378,,,,,,,,,,,,,,,,,,,,,
140K,2.106E+18,0.0116,0.001792613,80K,2.106E+18,,,,,,,,,,,,,140K,1.9695E+18,0.01118,0.001621465,0.0095,0.001488095,0.0136,0.002010645,0.01408,0.002114432,0.001808659,0.000301163,80K,1.9695E+18,0.02847,0.004403712,0.02599,0.004253682,0.004328697,7.50149E-05,140K,,,,,,,,,,,,,,,,,,,,,,,,,,,,,,,,,,,,8.72061E-05,,,,,,7.88801E-05,7.2392E-05,9.78127E-05,7.27342E-05,8.04548E-05,0.000214229,0.000206931,0.00021058,,,#DIV/0!,,,,,,#DIV/0!,,,#DIV/0!,,,3.24E+18,0.001184773,,,,,,,,,,,,,,,,,,,,,
150K,2.268E+18,0.01071,0.001655076,90K,2.268E+18,0.01459,0.002257466,0.02282,0.004238484,0.0243,0.004225352,0.01255,0.004659538,,,0.004374458,0.001077534,150K,2.121E+18,0.01038,0.001505439,0.00738,0.001156015,0.01152,0.001703134,0.01099,0.001650398,0.001503746,0.000246429,90K,2.121E+18,0.02794,0.004321732,0.0252,0.004124386,0.004223059,9.86731E-05,150K,,,,,,,,,,,,,,,,,,,,,,,,,,,,,,,,,,,,8.05152E-05,0.00010982,0.000206191,0.000205553,0.000226675,0.00018706,7.32358E-05,5.62372E-05,8.28531E-05,5.67719E-05,6.72745E-05,0.000210241,0.000200641,0.000205441,,,#DIV/0!,,,,,,#DIV/0!,,,#DIV/0!,,,3.564E+18,0.000378779,,,,,,,,,,,,,,,,,,,,,
160K,2.43E+18,0.00691,0.001067841,100K,2.43E+18,,,,,,,,,,,,,160K,2.2725E+18,0.00703,0.001019579,0.00435,0.000681391,0.00819,0.001210822,0.00672,0.001009161,0.000980238,0.000219744,100K,2.2725E+18,0.02662,0.004117556,0.02533,0.004145663,0.004131609,1.40534E-05,160K,,,,,,,,,,,,,,,,,,,,,,,,,,,,,,,,,,,,5.19477E-05,,,,,,4.95999E-05,3.31479E-05,5.89034E-05,3.47141E-05,4.40913E-05,0.000200309,0.000201676,0.000200992,,,#DIV/0!,,,,,,#DIV/0!,,,#DIV/0!,,,3.888E+18,6.59606E-05,,,,,,,,,,,,,,,,,,,,,
170K,2.592E+18,0.00301,0.000465152,110K,2.592E+18,0.01091,0.001688071,0.01896,0.003521545,0.02122,0.003689793,0.01023,0.003798173,,,0.003669837,0.000997398,170K,2.424E+18,0.00367,0.00053227,0.0027,0.000422932,0.00539,0.000796866,0.00099,0.000148671,0.000475185,0.000268377,110K,2.424E+18,0.02391,0.003698376,0.02327,0.003808511,0.003753443,5.50674E-05,170K,,,,,,,,,,,,,,,,,,,,,,,,,,,,,,,,,,,,2.26285E-05,8.21203E-05,0.000171314,0.000179499,0.000184771,0.000154426,2.58936E-05,2.05746E-05,3.87655E-05,5.11412E-06,2.25869E-05,0.000179917,0.000185274,0.000182595,,,#DIV/0!,,,,,,#DIV/0!,,,#DIV/0!,,,4.212E+18,-8.93391E-05,,,,,,,,,,,,,,,,,,,,,
180K,2.754E+18,0.00015,2.31803E-05,120K,2.754E+18,,,,,,,,,,,,,180K,2.5755E+18,0.00088,0.000127629,-0.00007,-1.09649E-05,0.00095,0.000140449,0.00101,0.000151674,0.000102197,7.60782E-05,120K,2.5755E+18,0.02092,0.003235886,0.02095,0.003428805,0.003332345,9.64598E-05,180K,,,,,,,,,,,,,,,,,,,,,,,,,,,,,,,,,,,,1.12766E-06,,,,,,6.20881E-06,5.33415E-07,6.83251E-06,5.21744E-06,4.69804E-06,0.000157418,0.000166803,0.00016211,,,#DIV/0!,,,,,,#DIV/0!,,,#DIV/0!,,,4.536E+18,-0.000342675,,,,,,,,,,,,,,,,,,,,,
190K,2.916E+18,-0.00041,-6.33596E-05,130K,2.916E+18,0.00266,0.000411574,0.01139,0.002115527,0.0129,0.002243088,0.00604,0.002242519,,,0.002200378,0.000896412,190K,2.727E+18,-0.00067,-9.71719E-05,-0.00046,-7.20551E-05,0.00023,3.40035E-05,-0.00055,-8.2595E-05,-5.44546E-05,5.98645E-05,130K,2.727E+18,0.019,0.002938902,0.01901,0.003111293,0.003025097,8.61956E-05,190K,,,,,,,,,,,,,,,,,,,,,,,,,,,,,,,,,,,,3.08228E-06,2.0022E-05,0.000102915,0.000109121,0.000109093,8.52876E-05,4.72716E-06,3.5053E-06,1.65419E-06,2.84118E-06,3.18196E-06,0.00014297,0.000151356,0.000147163,,,#DIV/0!,,,,,,#DIV/0!,,,#DIV/0!,,,4.86E+18,-0.000439459,,,,,,,,,,,,,,,,,,,,,
200K,3.078E+18,-0.00009,-1.39082E-05,140K,3.078E+18,,,,,,,,,,,,,200K,2.8785E+18,-0.0014,-0.000203046,-0.00203,-0.000317982,-0.00126,-0.00018628,-0.00127,-0.000190719,-0.000224507,6.27193E-05,140K,2.8785E+18,0.01262,0.001952049,,,0.001952049,,200K,,,,,,,,,,,,,,,,,,,,,,,,,,,,,,,,,,,,6.76599E-07,,,,,,9.87765E-06,1.5469E-05,9.06206E-06,6.56054E-06,1.02423E-05,9.49622E-05,,9.49622E-05,,,#DIV/0!,,,,,,#DIV/0!,,,#DIV/0!,,,5.184E+18,-0.000363846,,,,,,,,,,,,,,,,,,,,,
210K,3.24E+18,-0.00115,-0.000177716,150K,3.24E+18,-0.0008,-0.000123782,0.00573,0.001064264,0.00642,0.001116328,0.0037,0.001373728,,,0.001184773,0.000668119,210K,3.03E+18,-0.00247,-0.000358231,-0.00292,-0.000457393,-0.00221,-0.00032673,-0.00234,-0.000351404,-0.000373439,5.75817E-05,150K,3.03E+18,0.0084,0.001299304,0.00971,0.001589198,0.001444251,0.000144947,210K,,,,,,,,,,,,,,,,,,,,,,,,,,,,,,,,,,,,8.64543E-06,6.02166E-06,5.17738E-05,5.43065E-05,6.68284E-05,4.47326E-05,1.7427E-05,2.2251E-05,1.58946E-05,1.20879E-05,1.69151E-05,6.32078E-05,7.73104E-05,7.02591E-05,,,#DIV/0!,,,,,,#DIV/0!,,,#DIV/0!,,,5.508E+18,-0.000181429,,,,,,,,,,,,,,,,,,,,,
220K,3.402E+18,-0.00165,-0.000254984,160K,3.402E+18,,,,,,,,,,,,,220K,3.1815E+18,-0.00375,-0.000543872,-0.00306,-0.000479323,-0.00334,-0.000493791,-0.00369,-0.000554137,-0.000517781,3.67744E-05,160K,3.1815E+18,0.00586,0.000906419,0.00605,0.00099018,0.0009483,4.18804E-05,220K,,,,,,,,,,,,,,,,,,,,,,,,,,,,,,,,,,,,1.24043E-05,,,,,,2.6458E-05,2.33179E-05,2.40217E-05,1.90617E-05,2.32148E-05,4.4095E-05,4.81697E-05,4.61324E-05,,,#DIV/0!,,,,,,#DIV/0!,,,#DIV/0!,,,5.832E+18,1.60448E-05,,,,,,,,,,,,,,,,,,,,,
230K,3.564E+18,-0.00229,-0.000353887,170K,3.564E+18,-0.00198,-0.000306359,0.00129,0.000239599,0.00236,0.000410363,0.00131,0.000486374,,,0.000378779,0.000357774,230K,3.333E+18,-0.00458,-0.000664249,-0.00413,-0.00064693,-0.00486,-0.00071851,-0.00471,-0.000707313,-0.000684251,3.4149E-05,170K,3.333E+18,0.00356,0.000550657,0.00407,0.000666121,0.000608389,5.77319E-05,230K,,,,,,,,,,,,,,,,,,,,,,,,,,,,,,,,,,,,1.72157E-05,1.49036E-05,1.16559E-05,1.99631E-05,2.36609E-05,1.75459E-05,3.2314E-05,3.14715E-05,3.49537E-05,2.43308E-05,3.07675E-05,2.67881E-05,3.24051E-05,2.95966E-05,,,#DIV/0!,,,,,,#DIV/0!,,,#DIV/0!,,,,,,,,,,,,,,,,,,,,,,,,,
240K,3.726E+18,-0.0033,-0.000509968,180K,3.726E+18,,,,,,,,,,,,,240K,3.4845E+18,-0.00592,-0.000858593,-0.00529,-0.000828634,-0.00567,-0.000838261,-0.00646,-0.000970116,-0.000873901,6.53474E-05,180K,3.4845E+18,0.00041,6.34184E-05,0.00084,0.00013748,0.000100449,3.70306E-05,240K,,,,,,,,,,,,,,,,,,,,,,,,,,,,,,,,,,,,2.48086E-05,,,,,,4.17684E-05,4.03109E-05,4.07793E-05,3.33709E-05,3.90574E-05,3.08514E-06,6.68803E-06,4.88659E-06,,,#DIV/0!,,,,,,#DIV/0!,,,#DIV/0!,,,,,,,,,,,,,,,,,,,,,,,,,
250K,3.888E+18,-0.0035,-0.000540875,190K,3.888E+18,-0.00284,-0.000439424,,,-0.00001,-1.73883E-06,0.00036,0.00013366,,,6.59606E-05,0.000299535,250K,3.636E+18,-0.00638,-0.000925308,-0.00556,-0.000870927,-0.00623,-0.000921053,-0.0069,-0.001036192,-0.00093837,6.9733E-05,190K,3.636E+18,-0.00079,-0.000122196,0.00012,1.96399E-05,-5.12783E-05,7.09182E-05,250K,,,,,,,,,,,,,,,,,,,,,,,,,,,,,,,,,,,,2.63122E-05,2.13769E-05,4.8792E-06,8.45895E-08,6.50222E-06,8.21072E-06,4.50139E-05,4.23684E-05,4.48069E-05,3.56439E-05,4.19583E-05,5.94455E-06,9.55433E-07,3.44999E-06,,,#DIV/0!,,,,,,#DIV/0!,,,#DIV/0!,,,,,,,,,,,,,,,,,,,,,,,,,
260K,4.05E+18,-0.00284,-0.000438881,200K,4.05E+18,,,,,,,,,,,,,260K,3.7875E+18,-0.00552,-0.00080058,-0.00518,-0.000811404,-0.00542,-0.000801301,-0.00545,-0.000818441,-0.000807931,8.5735E-06,200K,3.7875E+18,-0.00106,-0.00016396,-0.00139,-0.000227496,-0.000195728,3.17681E-05,260K,,,,,,,,,,,,,,,,,,,,,,,,,,,,,,,,,,,,2.13504E-05,,,,,,3.89462E-05,3.94727E-05,3.89812E-05,2.81535E-05,3.63884E-05,7.97622E-06,1.10671E-05,9.52166E-06,,,#DIV/0!,,,,,,#DIV/0!,,,#DIV/0!,,,,,,,,,,,,,,,,,,,,,,,,,
270K,4.212E+18,-0.00157,-0.000242621,210K,4.212E+18,-0.00189,-0.000292434,,,-0.00075,-0.000130412,-0.00013,-4.82661E-05,,,-8.93391E-05,0.000124242,270K,3.939E+18,-0.00494,-0.000716461,-0.00495,-0.000775376,-0.00532,-0.000786517,-0.00541,-0.000812434,-0.000772697,4.05778E-05,210K,3.939E+18,-0.00098,-0.000151585,-0.00231,-0.000378069,-0.000264827,0.000113242,270K,,,,,,,,,,,,,,,,,,,,,,,,,,,,,,,,,,,,1.18029E-05,1.42262E-05,2.71067E-06,6.34422E-06,2.34802E-06,6.40727E-06,3.4854E-05,3.77201E-05,3.8262E-05,2.79469E-05,3.46957E-05,7.37425E-06,1.83921E-05,1.28832E-05,,,#DIV/0!,,,,,,#DIV/0!,,,#DIV/0!,,,,,,,,,,,,,,,,,,,,,,,,,
280K,4.374E+18,-0.00094,-0.000145263,220K,4.374E+18,,,,,,,,,,,,,280K,4.0905E+18,-0.00391,-0.000567078,-0.00387,-0.000606203,-0.00416,-0.000615021,-0.00488,-0.000732843,-0.000630286,7.14754E-05,220K,4.0905E+18,-0.00277,-0.000428461,-0.00362,-0.000592471,-0.000510466,8.20052E-05,280K,,,,,,,,,,,,,,,,,,,,,,,,,,,,,,,,,,,,7.0667E-06,,,,,,2.75869E-05,2.94902E-05,2.99192E-05,2.5209E-05,2.80513E-05,2.08435E-05,2.88222E-05,2.48329E-05,,,#DIV/0!,,,,,,#DIV/0!,,,#DIV/0!,,,,,,,,,,,,,,,,,,,,,,,,,
290K,4.536E+18,-0.00073,-0.000112811,230K,4.536E+18,-0.00128,-0.00019805,,,-0.00155,-0.000269518,-0.00112,-0.000415831,,,-0.000342675,0.000111013,290K,4.242E+18,-0.00348,-0.000504714,-0.00317,-0.000496554,-0.0036,-0.000532229,-0.0031,-0.000465535,-0.000499758,2.74494E-05,230K,4.242E+18,-0.00346,-0.000535189,-0.0052,-0.000851064,-0.000693127,0.000157937,290K,,,,,,,,,,,,,,,,,,,,,,,,,,,,,,,,,,,,5.48797E-06,9.63465E-06,4.69849E-05,1.31114E-05,2.02291E-05,2.249E-05,2.4553E-05,2.41561E-05,2.58916E-05,1.60139E-05,2.26537E-05,2.60356E-05,4.14021E-05,3.37188E-05,,,#DIV/0!,,,,,,#DIV/0!,,,#DIV/0!,,,,,,,,,,,,,,,,,,,,,,,,,
300K,4.698E+18,-0.00016,-2.47257E-05,240K,4.698E+18,,,,,,,,,,,,,300K,4.3935E+18,-0.00243,-0.000352429,-0.00163,-0.000255326,-0.00262,-0.000387345,-0.00341,-0.000512089,-0.000376797,0.000106088,240K,4.3935E+18,-0.00461,-0.00071307,-0.00579,-0.000947627,-0.000830349,0.000117278,300K,,,,,,,,,,,,,,,,,,,,,,,,,,,,,,,,,,,,1.20284E-06,,,,,,1.71448E-05,1.24209E-05,1.88433E-05,1.76153E-05,1.65061E-05,3.46891E-05,4.60996E-05,4.03943E-05,,,#DIV/0!,,,,,,#DIV/0!,,,#DIV/0!,,,,,,,,,,,,,,,,,,,,,,,,,
310K,4.86E+18,0.00025,3.86339E-05,250K,4.86E+18,-0.00205,-0.00031719,-0.00247,-0.000458767,-0.00236,-0.000410363,-0.00121,-0.000449246,,,-0.000439459,6.46203E-05,310K,4.545E+18,-0.00138,-0.000200145,-0.00058,-9.08521E-05,-0.00216,-0.000319338,-0.00263,-0.000394954,-0.000251322,0.000133699,250K,4.545E+18,-0.00482,-0.000745553,-0.00576,-0.000942717,-0.000844135,9.85819E-05,310K,,,,,,,,,,,,,,,,,,,,,,,,,,,,,,,,,,,,1.87944E-06,1.54305E-05,2.23178E-05,1.99631E-05,2.18547E-05,1.98915E-05,9.73655E-06,4.41972E-06,1.5535E-05,1.3586E-05,1.08193E-05,3.62692E-05,4.58608E-05,4.1065E-05,,,#DIV/0!,,,,,,#DIV/0!,,,#DIV/0!,,,,,,,,,,,,,,,,,,,,,,,,,
,,,,260K,5.022E+18,,,,,,,,,,,,,,,,,,,,,,,,,260K,4.6965E+18,-0.0048,-0.000742459,-0.00585,-0.000957447,-0.000849953,0.000107494,,,,,,,,,,,,,,,,,,,,,,,,,,,,,,,,,,,,,,,,,,,,,,,,3.61188E-05,4.65773E-05,4.1348E-05,,,,,,,,,#DIV/0!,,,,,,,,,,,,,,,,,,,,,,,,,,,,
,,,,270K,5.184E+18,-0.00175,-0.000270772,-0.00242,-0.00044948,-0.0016,-0.000278212,,,,,-0.000363846,0.000101098,,,,,,,,,,,,,270K,4.848E+18,-0.00396,-0.000612529,-0.00443,-0.000725041,-0.000668785,5.6256E-05,,,,,,,,,,,,,,,,,,,,,,,,,,,,,,,,,,,,,,1.31724E-05,2.18661E-05,1.35343E-05,,1.61909E-05,,,,,,2.9798E-05,3.52714E-05,3.25347E-05,,,,,,,,,#DIV/0!,,,,,,,,,,,,,,,,,,,,,,,,,,,,
,,,,280K,5.346E+18,,,,,,,,,,,,,,,,,,,,,,,,,280K,4.9995E+18,-0.00285,-0.000440835,-0.00424,-0.000693944,-0.00056739,0.000126555,,,,,,,,,,,,,,,,,,,,,,,,,,,,,,,,,,,,,,,,,,,,,,,,2.14455E-05,3.37586E-05,2.76021E-05,,,,,,,,,#DIV/0!,,,,,,,,,,,,,,,,,,,,,,,,,,,,
,,,,290K,5.508E+18,0.000001,1.54727E-07,-0.00142,-0.000263744,-0.00057,-9.91132E-05,,,,,-0.000181429,0.000133292,,,,,,,,,,,,,290K,5.151E+18,-0.00276,-0.000426914,-0.00365,-0.000597381,-0.000512148,8.52336E-05,,,,,,,,,,,,,,,,,,,,,,,,,,,,,,,,,,,,,,7.52707E-09,1.28305E-05,4.8216E-06,,5.88654E-06,,,,,,2.07683E-05,2.90611E-05,2.49147E-05,,,,,,,,,#DIV/0!,,,,,,,,,,,,,,,,,,,,,,,,,,,,
,,,,300K,5.67E+18,,,,,,,,,,,,,,,,,,,,,,,,,300K,5.3025E+18,-0.00215,-0.00033256,-0.00265,-0.000433715,-0.000383138,5.05776E-05,,,,,,,,,,,,,,,,,,,,,,,,,,,,,,,,,,,,,,,,,,,,,,,,1.61782E-05,2.10991E-05,1.86387E-05,,,,,,,,,#DIV/0!,,,,,,,,,,,,,,,,,,,,,,,,,,,,
,,,,310K,5.832E+18,0.00019,2.93981E-05,-0.00008,-1.48588E-05,0.00027,4.69484E-05,,,,,1.60448E-05,3.18507E-05,,,,,,,,,,,,,310K,5.454E+18,-0.00233,-0.000360402,-0.00211,-0.000345336,-0.000352869,7.53333E-06,,,,,,,,,,,,,,,,,,,,,,,,,,,,,,,,,,,,,,1.43014E-06,7.22845E-07,2.28392E-06,,1.47897E-06,,,,,,1.75326E-05,1.67997E-05,1.71662E-05,,,,,,,,,#DIV/0!,,,,,,,,,,,,,,,,,,,,,,,,,,,,
,,,,,,,,,,,,,,,,,,,,,,,,,,,,,,,,,,,,,,,,,,,,,,,,,,,,,,,,,,,,,,,,,,,,,,,,,,,,,,,,,,,,,,,,,,,,,,,,,,,,,,,,,,,,,,,,,,,,,,,,,,,,
,,,,,,,,,,,,,,,,,,,,,,,,,,,,,,,,,,,,,,,,,,,,,,,,,,,,,,,,,,,,,,,,,,,,,,,,,,,,,,,,,,,,,,,,,,,,,,,,,,,,,,,,,,,,,,,,,,,,,,,,,,,,
,,,,,,,,,,,,,,,,,,,,,,,,,,,,,,,,,,,,,,,,,,,,,,,,,,,,,,,,,,,,,,,,,,,,,,,,,,,,,,,,,,,,,,,,,,,,,,,,,,,,,,,,,,,,,,,,,,,,,,,,,,,,
,,,,,,,,,,,,,,,,,,,,,,,,,,,,,,,,,,,,,,,,,,,,,,,,,,,,,,,,,,,,,,,,,,,,,,,,,,,,,,,,,,,,,,,,,,,,,,,,,,,,,,,,,,,,,,,,,,,,,,,,,,,,
,,,,,,,,,,,,,,,,,,,,,,,,,,,,,,,,,,,,,,,,,,,,,,,,,,,,,,,,,,,,,,,,,,,,,,,,,,,,,,,,,,,,,,,,,,,,,,,,,,,,,,,,,,,,,,,,,,,,,,,,,,,,
,,,,,,,,,,,,,,,,,,,,,,,,,,,,,,,,,,,,,,,,,,,,,,,,,,,,,,,,,,,,,,,,,,,,,,,,,,,,,,,,,,,,,,,,,,,,,,,,,,,,,,,,,,,,,,,,,,,,,,,,,,,,
,,,,,,,,,,,,,,,,,,,,,,,,,,,,,,,,,,,,,,,,,,,,,,,,,,,,,,,,,,,,,,,,,,,,,,,,,,,,,,,,,,,,,,,,,,,,,,,,,,,,,,,,,,,,,,,,,,,,,,,,,,,,
,,,,,,,,,,,,,,,,,,,,,,,,,,,,,,,,,,,,,,,,,,,,,,,,,,,,,,,,,,,,,,,,,,,,,,,,,,,,,,,,,,,,,,,,,,,,,,,,,,,,,,,,,,,,,,,,,,,,,,,,,,,,
,,,,,,,,,,,,,,,,,,,,,,,,,,,,,,,,,,,,,,,,,,,,,,,,,,,,,,,,,,,,,,,,,,,,,,,,,,,,,,,,,,,,,,,,,,,,,,,,,,,,,,,,,,,,,,,,,,,,,,,,,,,,
,,,,,,,,,,,,,,,,,,,,,,,,,,,,,,,,,,,,,,,,,,,,,,,,,,,,,,,,,,,,,,,,,,,,,,,,,,,,,,,,,,,,,,,,,,,,,,,,,,,,,,,,,,,,,,,,,,,,,,,,,,,,
,,,,,,,,,,,,,,,,,,,,,,,,,,,,,,,,,,,,,,,,,,,,,,,,,,,,,,,,,,,,,,,,,,,,,,,,,,,,,,,,,,,,,,,,,,,,,,,,,,,,,,,,,,,,,,,,,,,,,,,,,,,,
,,,,,,,,,,,,,,,,,,,,,,,,,,,,,,,,,,,,,,,,,,,,,,,,,,,,,,,,,,,,,,,,,,,,,,,,,,,,,,,,,,,,,,,,,,,,,,,,,,,,,,,,,,,,,,,,,,,,,,,,,,,,
,,,,,,,,,,,,,,,,,,,,,,,,,,,,,,,,,,,,,,,,,,,,,,,,,,,,,,,,,,,,,,,,,,,,,,,,,,,,,,,,,,,,,,,,,,,,,,,,,,,,,,,,,,,,,,,,,,,,,,,,,,,,
,,,,,,,,,,,,,,,,,,,,,,,,,,,,,,,,,,,,,,,,,,,,,,,,,,,,,,,,,,,,,,,,,,,,,,,,,,,,,,,,,,,,,,,,,,,,,,,,,,,,,,,,,,,,,,,,,,,,,,,,,,,,
,,,,,,,,,,,,,,,,,,,,,,,,,,,,,,,,,,,,,,,,,,,,,,,,,,,,,,,,,,,,,,,,,,,,,,,,,,,,,,,,,,,,,,,,,,,,,,,,,,,,,,,,,,,,,,,,,,,,,,,,,,,,
,,,,,,,,,,,,,,,,,,,,,,,,,,,,,,,,,,,,,,,,,,,,,,,,,,,,,,,,,,,,,,,,,,,,,,,,,,,,,,,,,,,,,,,,,,,,,,,,,,,,,,,,,,,,,,,,,,,,,,,,,,,,
Production/Sublimation 1195/1212,,,,,,,,,,,,,,,,,,,,,,,,,,,,,,,,,,,,,,,,,,,,,,,,,,,,,,,,,,,,,,,,,,,,,,,,,,,,,,,,,,,,,,,,,,,,,,,,,,,,,,,,,,,,,,,,,,,,,,,,,,,,
100% Methanol,,,,,,,,,,,,,,,,,,,,,,,,,,,,,,,,,,,,,,11-16% Methanol,,,,,,,,,,,,,,,,,,,,,,,,,,,,,,,,,,,,1195/1212 cm-1,,,,,,,,,,,,,,,,,,,,,,,,,,,,,,,,,,,,,,,,,,,,,,,,,,
0min 100W,,,,60min 100W,,,,,,,,,,,,,,0min 50W,,,,,,,,,,,,75min 50W,,,,,,,,0 min 100W,,,,,,,,60 min 100W,,,,,,,,,,,,,,0min 50W,,,,,,,,75min 50W,,,,,,0 min 100W 100%,60 min 100W 100%,,,,,0 min 50W 100%,,,,,75 min 50W 100%,,,0min 100W 11-16%,,,60min 100W 11-16%,,,,,,0min 50W 11-16%,,,75min 50W 11-16%,,,,,,,,,,,,,,,,,,,,,,,,
,,110923,,,,101223,,092823 - IR out,,91523,,83123,,102824,,Average,st. dev.,,,010324 -2nd good,,122123 -power surge,,122723 -purge,,121823 -oscillate,,Average,st. dev.,,,010523,,122923 -purge,,Average,st. dev.,,,81524,,81624,,Average,st. dev.,,,71824,,090324 -purge,,92424,,100824 -purge,,101524,,Average,st. dev.,,,82724,,083024 -purge,,Average,st. dev.,,,91724,,,,110923,101223,92823,91523,83123,ave,10324,122123,122723,121823,ave,10524,122923,ave,81524,81624,ave,71824,90324,92424,100824,101524,ave,82724,83024,ave,91724,,,,100%,,,,,,,,,,,,,,,,,,,,
Temp,Fluence,Integrated Absorbance,Normalized,Time/Temp,Fluence,Integrated Absorbance,Normalized,Integrated Absorbance,Normalized,Integrated Absorbance,Normalized,Integrated Absorbance,Normalized,Integrated Absorbance,Normalized,Normalized,Normalized,Temp,Fluence,Integrated Absorbance,Normalized,Integrated Absorbance,Normalized,Integrated Absorbance,Normalized,Integrated Absorbance,Normalized,Normalized,Normalized,Time/Temp,Fluence,Integrated Absorbance,Normalized,Integrated Absorbance,Normalized,Normalized,Normalized,Temp,Fluence,Integrated Absorbance,Normalized,Integrated Absorbance,Normalized,Normalized,Normalized,Time/Temp,Fluence,Integrated Absorbance,Normalized,Integrated Absorbance,Normalized,Integrated Absorbance,Normalized,Integrated Absorbance,Normalized,Integrated Absorbance,Normalized,Normalized,Normalized,Temp,Fluence,Integrated Absorbance,Normalized,Integrated Absorbance,Normalized,Normalized,Normalized,Time/Temp,Fluence,Integrated Absorbance,Normalized,,,Propagated 1sigma error,Propagated 1sigma error,Propagated 1sigma error,Propagated 1sigma error,Propagated 1sigma error,Propagated 1sigma error,Propagated 1sigma error,Propagated 1sigma error,Propagated 1sigma error,Propagated 1sigma error,Propagated 1sigma error,Propagated 1sigma error,Propagated 1sigma error,Propagated 1sigma error,Propagated 1sigma error,Propagated 1sigma error,Propagated 1sigma error,Propagated 1sigma error,Propagated 1sigma error,Propagated 1sigma error,Propagated 1sigma error,Propagated 1sigma error,Propagated 1sigma error,Propagated 1sigma error,Propagated 1sigma error,Propagated 1sigma error,Propagated 1sigma error,,fluence,normalized absorbance,temp,fluence,norm. int. absorbance,error,,,,,,,,,,,,,,,,,
,,,,,,,,,,,,,,,,,,,,,,,,,,,,,,,,,,,,,,,,,,,,,,,,,,,,,,,,,,,,,,,,,,,,,,,,,,,,,,,,,,,,,,,,,,,,,,,,,,,,,,,,20,1.54E+17,0.006760039,0.000328859,,,,,,,,,,,,,,,,,
20K,1.62E+17,0.04565,0.007054551,10,1.62E+17,0.03923,0.006069937,0.03977,0.007386701,0.0431,0.007494349,0.02227,0.00826836,,,0.00771647,0.000912135,20K,1.515E+17,0.05036,0.007303843,0.04385,0.006868734,0.04727,0.006988468,0.04765,0.007155729,0.007079194,0.000190481,12.5,1.515E+17,0.04808,0.007436968,0.04655,0.007618658,0.007527813,9.08448E-05,20K,,,,,,,,,,,,,,,,,,,,,,,,,,,,,,,,,,,,0.000343186,0.000295287,0.000359344,0.000364581,0.000402235,0.000355362,0.000355313,0.000334146,0.000339971,0.000246149,0.000318895,0.00036179,0.000370628,0.000366209,,,#DIV/0!,,,,,,#DIV/0!,,,#DIV/0!,,,1.62E+17,0.00771647,50,6.17E+17,0.005807554,0.000282523,,,,,,,,,,,,,,,,,
30K,3.24E+17,0.04501,0.006955648,20,3.24E+17,0.04253,0.006580535,0.03991,0.007412704,0.04423,0.007690836,0.02474,0.009185416,,,0.008096319,0.001086443,30K,3.03E+17,0.04635,0.006722263,0.04215,0.006602444,0.04539,0.006710526,0.04643,0.006972518,0.006751938,0.000156631,25,3.03E+17,0.0492,0.007610209,0.0484,0.00792144,0.007765825,0.000155616,30K,,,,,,,,,,,,,,,,,,,,,,,,,,,,,,,,,,,,0.000338375,0.000320126,0.000360609,0.00037414,0.000446847,0.000375431,0.000327021,0.000321192,0.00032645,0.000239847,0.000303628,0.000370217,0.000385358,0.000377788,,,#DIV/0!,,,,,,#DIV/0!,,,#DIV/0!,,,3.24E+17,0.008096319,100,1.39E+18,0.0046008,0.000223817,,,,,,,,,,,,,,,,,
40K,4.86E+17,0.0381,0.005887807,30,4.86E+17,0.04395,0.006800248,0.03958,0.007351412,0.04544,0.007901235,0.02353,0.00873617,,,0.007996272,0.000825668,40K,4.545E+17,0.04023,0.005834663,0.03938,0.006168546,0.04161,0.006151685,0.04065,0.00610452,0.006064854,0.000155835,37.5,4.545E+17,0.04931,0.007627224,0.04615,0.007553191,0.007590208,3.7016E-05,40K,,,,,,,,,,,,,,,,,,,,,,,,,,,,,,,,,,,,0.000286427,0.000330815,0.000357627,0.000384375,0.000424992,0.000374452,0.000283841,0.000300084,0.000299264,0.000209989,0.000273295,0.000371045,0.000367443,0.000369244,,,#DIV/0!,,,,,,#DIV/0!,,,#DIV/0!,,,4.86E+17,0.007996272,130,1.85E+18,0.005132875,0.000249701,,,,,,,,,,,,,,,,,
50K,6.48E+17,0.03382,0.005226395,40,6.48E+17,0.04435,0.006862138,0.03784,0.007028232,0.0438,0.007616067,0.02431,0.009025767,,,0.007890022,0.000983202,50K,6.06E+17,0.03339,0.00484264,0.03393,0.00531485,0.03527,0.00521437,0.03509,0.00526956,0.005160355,0.000215758,50,6.06E+17,0.04676,0.007232792,0.04635,0.007585925,0.007409358,0.000176566,50K,,,,,,,,,,,,,,,,,,,,,,,,,,,,,,,,,,,,0.000254251,0.000333826,0.000341906,0.000370502,0.000439081,0.000371328,0.000235582,0.000258554,0.000253666,0.000181267,0.000232267,0.000351857,0.000369036,0.000360446,,,#DIV/0!,,,,,,#DIV/0!,,,#DIV/0!,,,6.48E+17,0.007890022,150,2.16E+18,0.005304202,0.000258036,,,,,,,,,,,,,,,,,
60K,8.1E+17,0.02735,0.004226549,50,8.1E+17,,,0.03904,0.007251114,0.04454,0.00774474,0.02177,0.008082721,,,0.007692858,0.000418224,60K,7.575E+17,0.02871,0.004163887,0.02682,0.004201128,0.02897,0.004282969,0.02703,0.004059168,0.004176788,9.28577E-05,62.5,7.575E+17,0.0439,0.00679041,0.04714,0.007715221,0.007252815,0.000462406,60K,,,,,,,,,,,,,,,,,,,,,,,,,,,,,,,,,,,,0.000205611,,0.000352748,0.000376762,0.000393204,0.000374238,0.000202562,0.000204374,0.000208355,0.000139631,0.000188731,0.000330336,0.000375326,0.000352831,,,#DIV/0!,,,,,,#DIV/0!,,,#DIV/0!,,,8.1E+17,0.007692858,,,,,,,,,,,,,,,,,,,,,
70K,9.72E+17,0.02912,0.004500077,60,9.72E+17,0.04298,0.006650162,0.03727,0.006922363,0.0429,0.007459572,0.02213,0.008216381,,,0.007532772,0.000690297,70K,9.09E+17,0.02974,0.00431327,0.02335,0.003657581,0.02945,0.004353933,0.02877,0.004320469,0.004161313,0.000336288,75,9.09E+17,0.04384,0.006781129,0.0453,0.007414075,0.007097602,0.000316473,70K,,,,,,,,,,,,,,,,,,,,,,,,,,,,,,,,,,,,0.000218917,0.000323513,0.000336755,0.000362889,0.000399706,0.000355716,0.00020983,0.000177932,0.000211808,0.00014862,0.000187047,0.000329885,0.000360676,0.00034528,,,#DIV/0!,,,,,,#DIV/0!,,,#DIV/0!,,,9.72E+17,0.007532772,,,,,,,,,,,,,,,,,,,,,
80K,1.134E+18,0.03027,0.004677793,20K,1.134E+18,,,,,,,,,,,,,80K,1.0605E+18,0.03187,0.00462219,0.02484,0.003890977,0.02982,0.004408634,0.0295,0.004430095,0.004337974,0.000313083,20K,1.0605E+18,0.04033,0.006238206,0.04317,0.007065466,0.006651836,0.00041363,80K,,,,,,,,,,,,,,,,,,,,,,,,,,,,,,,,,,,,0.000227563,,,,,,0.000224858,0.000189286,0.000214469,0.000152391,0.000195251,0.000303473,0.000343717,0.000323595,,,#DIV/0!,,,,,,#DIV/0!,,,#DIV/0!,,,1.296E+18,0.006282815,,,,,,,,,,,,,,,,,,,,,
90K,1.296E+18,0.03159,0.00488178,30K,1.296E+18,0.02628,0.004066223,0.03152,0.005854383,0.03527,0.006132846,0.01848,0.006861216,,,0.006282815,0.00118681,90K,1.212E+18,0.03379,0.004900653,0.02629,0.004118108,0.03149,0.004655529,0.03222,0.004838564,0.004628214,0.000355633,30K,1.212E+18,0.03789,0.005860789,0.03759,0.006152209,0.006006499,0.00014571,90K,,,,,,,,,,,,,,,,,,,,,,,,,,,,,,,,,,,,0.000237486,0.000197811,0.000284801,0.000298347,0.000333781,0.000278685,0.000238404,0.000200335,0.00022648,0.000166441,0.000207915,0.000285112,0.000299289,0.000292201,,,#DIV/0!,,,,,,#DIV/0!,,,#DIV/0!,,,1.62E+18,0.005048925,,,,,,,,,,,,,,,,,,,,,
100K,1.458E+18,0.03478,0.005374749,40K,1.458E+18,,,,,,,,,,,,,100K,1.3635E+18,0.03511,0.005092096,0.02853,0.004468985,0.03468,0.005127144,0.03623,0.005440757,0.005032245,0.000406912,40K,1.3635E+18,0.0309,0.004779582,0.0336,0.005499182,0.005139382,0.0003598,100K,,,,,,,,,,,,,,,,,,,,,,,,,,,,,,,,,,,,0.000261468,,,,,,0.000247717,0.000217405,0.000249422,0.000187156,0.000225425,0.000232514,0.000267521,0.000250018,,,#DIV/0!,,,,,,#DIV/0!,,,#DIV/0!,,,1.944E+18,0.005282765,,,,,,,,,,,,,,,,,,,,,
110K,1.62E+18,0.03795,0.005864627,50K,1.62E+18,0.01302,0.002014544,0.02476,0.004598811,0.02669,0.004640932,0.01591,0.005907032,,,0.005048925,0.001634116,110K,1.515E+18,0.0394,0.005714286,0.03455,0.005411967,0.03801,0.005619456,0.03784,0.005682535,0.005607061,0.000135903,50K,1.515E+18,0.02835,0.004385151,0.02937,0.004806874,0.004596012,0.000210862,110K,,,,,,,,,,,,,,,,,,,,,,,,,,,,,,,,,,,,0.000285299,9.80024E-05,0.00022372,0.000225769,0.000287362,0.000208714,0.000277985,0.000263278,0.000273372,0.000195473,0.000252527,0.000213326,0.000233842,0.000223584,,,#DIV/0!,,,,,,#DIV/0!,,,#DIV/0!,,,2.268E+18,0.005569961,,,,,,,,,,,,,,,,,,,,,
120K,1.782E+18,0.04061,0.006275692,60K,1.782E+18,,,,,,,,,,,,,120K,1.6665E+18,0.03898,0.005653372,0.03568,0.005588972,0.0406,0.006002365,0.04095,0.006149572,0.00584857,0.000270646,60K,1.6665E+18,0.02639,0.00408198,0.02643,0.004325696,0.004203838,0.000121858,120K,,,,,,,,,,,,,,,,,,,,,,,,,,,,,,,,,,,,0.000305296,,,,,,0.000275022,0.000271889,0.000292,0.000211539,0.000262612,0.000198578,0.000210434,0.000204506,,,#DIV/0!,,,,,,#DIV/0!,,,#DIV/0!,,,2.592E+18,0.006213825,,,,,,,,,,,,,,,,,,,,,
130K,1.944E+18,0.04135,0.006390048,70K,1.944E+18,0.01876,0.002902677,0.02645,0.004912704,0.02751,0.004783516,0.01657,0.006152075,,,0.005282765,0.001340461,130K,1.818E+18,0.03986,0.005781001,0.03531,0.005531015,0.03992,0.005901833,0.04278,0.006424388,0.005909559,0.000376356,70K,1.818E+18,0.02797,0.004326373,0.02729,0.004466448,0.004396411,7.00378E-05,130K,,,,,,,,,,,,,,,,,,,,,,,,,,,,,,,,,,,,0.00031086,0.000141208,0.000238991,0.000232706,0.000299283,0.000228047,0.000281231,0.00026907,0.000287109,0.000220992,0.0002646,0.000210467,0.000217281,0.000213874,,,#DIV/0!,,,,,,#DIV/0!,,,#DIV/0!,,,2.916E+18,0.006159463,,,,,,,,,,,,,,,,,,,,,
140K,2.106E+18,0.04241,0.006553856,80K,2.106E+18,,,,,,,,,,,,,140K,1.9695E+18,0.04033,0.005849166,0.03507,0.005493421,0.0399,0.005898876,0.04157,0.006242679,0.005871036,0.000306575,80K,1.9695E+18,0.02927,0.004527456,0.0284,0.004648118,0.004587787,6.03312E-05,140K,,,,,,,,,,,,,,,,,,,,,,,,,,,,,,,,,,,,0.000318828,,,,,,0.000284547,0.000267241,0.000286965,0.000214742,0.000263374,0.000220249,0.000226119,0.000223184,,,#DIV/0!,,,,,,#DIV/0!,,,#DIV/0!,,,3.24E+18,0.006074874,,,,,,,,,,,,,,,,,,,,,
150K,2.268E+18,0.04195,0.006482769,90K,2.268E+18,0.02036,0.00315024,0.02983,0.00554049,0.02894,0.005032168,0.01653,0.006137224,,,0.005569961,0.001291403,150K,2.121E+18,0.041,0.005946338,0.0371,0.005811404,0.04138,0.006117682,0.04105,0.006164589,0.006010003,0.000162262,90K,2.121E+18,0.03135,0.004849188,0.02971,0.00486252,0.004855854,6.66626E-06,150K,,,,,,,,,,,,,,,,,,,,,,,,,,,,,,,,,,,,0.00031537,0.000153251,0.000269531,0.000244802,0.00029856,0.000241536,0.000289274,0.00028271,0.00029761,0.000212055,0.000270412,0.000235901,0.000236549,0.000236225,,,#DIV/0!,,,,,,#DIV/0!,,,#DIV/0!,,,3.564E+18,0.004628436,,,,,,,,,,,,,,,,,,,,,
160K,2.43E+18,0.03978,0.006147427,100K,2.43E+18,,,,,,,,,,,,,160K,2.2725E+18,0.03976,0.005766497,0.03456,0.005413534,0.03913,0.005785038,0.0408,0.006127046,0.005773029,0.000291406,100K,2.2725E+18,0.03347,0.005177108,0.03163,0.005176759,0.005176933,1.74045E-07,160K,,,,,,,,,,,,,,,,,,,,,,,,,,,,,,,,,,,,0.000299057,,,,,,0.000280525,0.000263355,0.000281427,0.000210764,0.000259018,0.000251853,0.000251836,0.000251845,,,#DIV/0!,,,,,,#DIV/0!,,,#DIV/0!,,,3.888E+18,0.003939579,,,,,,,,,,,,,,,,,,,,,
170K,2.592E+18,0.03539,0.005469016,110K,2.592E+18,0.02282,0.003530868,0.03301,0.006131129,0.03157,0.00548948,0.01891,0.007020866,,,0.006213825,0.001481162,170K,2.424E+18,0.03644,0.005284989,0.03117,0.004882519,0.03557,0.005258723,0.03685,0.005533864,0.005240024,0.000268653,110K,2.424E+18,0.03545,0.005483372,0.03442,0.005633388,0.00555838,7.50079E-05,170K,,,,,,,,,,,,,,,,,,,,,,,,,,,,,,,,,,,,0.000266054,0.000171768,0.000298264,0.000267049,0.000341547,0.000269657,0.000257101,0.000237522,0.000255823,0.000190359,0.000235201,0.000266752,0.00027405,0.000270401,,,#DIV/0!,,,,,,#DIV/0!,,,#DIV/0!,,,4.212E+18,0.002495281,,,,,,,,,,,,,,,,,,,,,
180K,2.754E+18,0.03148,0.004864781,120K,2.754E+18,,,,,,,,,,,,,180K,2.5755E+18,0.03393,0.004920957,0.02915,0.004566103,0.03149,0.004655529,0.03432,0.005153927,0.004824129,0.000266549,120K,2.5755E+18,0.03707,0.005733952,0.03649,0.005972177,0.005853064,0.000119112,180K,,,,,,,,,,,,,,,,,,,,,,,,,,,,,,,,,,,,0.000236659,,,,,,0.000239392,0.000222129,0.00022648,0.00017729,0.000216323,0.000278942,0.000290531,0.000284737,,,#DIV/0!,,,,,,#DIV/0!,,,#DIV/0!,,,4.536E+18,0.001106234,,,,,,,,,,,,,,,,,,,,,
190K,2.916E+18,0.02969,0.004588163,130K,2.916E+18,0.02131,0.00329723,0.03195,0.00593425,0.03138,0.005456442,0.01909,0.007087696,,,0.006159463,0.00158649,190K,2.727E+18,0.03202,0.004643945,0.02643,0.004140038,0.03008,0.004447073,0.03266,0.00490464,0.004533924,0.000322606,130K,2.727E+18,0.03863,0.005975251,0.03809,0.006234043,0.006104647,0.000129396,190K,,,,,,,,,,,,,,,,,,,,,,,,,,,,,,,,,,,,0.000223202,0.000160402,0.000288686,0.000265442,0.000344798,0.000264832,0.000225916,0.000201402,0.000216339,0.000168714,0.000203093,0.000290681,0.00030327,0.000296975,,,#DIV/0!,,,,,,#DIV/0!,,,#DIV/0!,,,4.86E+18,-0.000134418,,,,,,,,,,,,,,,,,,,,,
200K,3.078E+18,0.02739,0.004232731,140K,3.078E+18,,,,,,,,,,,,,200K,2.8785E+18,0.02982,0.004324873,0.02551,0.003995927,0.02939,0.004345062,0.0323,0.004850578,0.00437911,0.00035271,140K,2.8785E+18,0.03718,0.005750967,,,0.005750967,,200K,,,,,,,,,,,,,,,,,,,,,,,,,,,,,,,,,,,,0.000205912,,,,,,0.000210394,0.000194392,0.000211376,0.000166855,0.000195754,0.00027977,,0.00027977,,,#DIV/0!,,,,,,#DIV/0!,,,#DIV/0!,,,5.184E+18,-0.00065733,,,,,,,,,,,,,,,,,,,,,
210K,3.24E+18,0.02451,0.003787668,150K,3.24E+18,0.0221,0.003419465,0.03106,0.005768945,0.03322,0.005776387,0.01799,0.00667929,,,0.006074874,0.0013948,210K,3.03E+18,0.02805,0.004068165,0.02258,0.003536967,0.02681,0.003963631,0.02683,0.004029134,0.003899474,0.00024549,150K,3.03E+18,0.0366,0.005661253,0.03545,0.005801964,0.005731608,7.03555E-05,210K,,,,,,,,,,,,,,,,,,,,,,,,,,,,,,,,,,,,0.00018426,0.000166348,0.000280644,0.000281006,0.00032493,0.000263232,0.000197906,0.000172064,0.000192821,0.000138598,0.000175347,0.000275406,0.000282251,0.000278828,,,#DIV/0!,,,,,,#DIV/0!,,,#DIV/0!,,,5.508E+18,-0.000985611,,,,,,,,,,,,,,,,,,,,,
220K,3.402E+18,0.02172,0.003356514,160K,3.402E+18,,,,,,,,,,,,,220K,3.1815E+18,0.02146,0.0031124,0.01863,0.002918233,0.01928,0.002850384,0.02233,0.003353356,0.003058594,0.000225708,160K,3.1815E+18,0.0359,0.005552978,0.03416,0.005590835,0.005571906,1.89286E-05,220K,,,,,,,,,,,,,,,,,,,,,,,,,,,,,,,,,,,,0.000163286,,,,,,0.00015141,0.000141965,0.000138664,0.000115352,0.000136848,0.000270138,0.00027198,0.000271059,,,#DIV/0!,,,,,,#DIV/0!,,,#DIV/0!,,,5.832E+18,-0.000587732,,,,,,,,,,,,,,,,,,,,,
230K,3.564E+18,0.01915,0.002959357,170K,3.564E+18,0.02107,0.003260096,0.02169,0.004028603,0.03038,0.00528256,0.01232,0.004574144,,,0.004628436,0.000855354,230K,3.333E+18,0.01337,0.001939086,0.01368,0.002142857,0.01244,0.001839148,0.01395,0.002094909,0.002004,0.000140161,170K,3.333E+18,0.03301,0.005105955,0.03172,0.005191489,0.005148722,4.27671E-05,230K,,,,,,,,,,,,,,,,,,,,,,,,,,,,,,,,,,,,0.000143965,0.000158595,0.000195981,0.000256983,0.00022252,0.00020852,9.43316E-05,0.000104245,8.94699E-05,7.20627E-05,9.00272E-05,0.000248392,0.000252553,0.000250472,,,#DIV/0!,,,,,,#DIV/0!,,,#DIV/0!,,,,,,,,,,,,,,,,,,,,,,,,,
240K,3.726E+18,0.01415,0.002186679,180K,3.726E+18,,,,,,,,,,,,,240K,3.4845E+18,0.00749,0.001086294,0.00719,0.001126253,0.0044,0.000650503,0.00843,0.001265956,0.001032252,0.000265899,180K,3.4845E+18,0.02952,0.004566125,0.02936,0.004805237,0.004685681,0.000119556,240K,,,,,,,,,,,,,,,,,,,,,,,,,,,,,,,,,,,,0.000106376,,,,,,5.28455E-05,5.47893E-05,3.16453E-05,4.35475E-05,4.57069E-05,0.00022213,0.000233763,0.000227946,,,#DIV/0!,,,,,,#DIV/0!,,,#DIV/0!,,,,,,,,,,,,,,,,,,,,,,,,,
250K,3.888E+18,0.006,0.000927214,190K,3.888E+18,0.01693,0.002619527,,,0.023,0.003999304,0.01045,0.003879854,,,0.003939579,0.00076447,250K,3.636E+18,0.0012,0.000174039,0.0019,0.000297619,-0.00217,-0.000320816,0.00185,0.000277819,0.000107165,0.000290422,190K,3.636E+18,0.02939,0.004546017,0.028,0.004582651,0.004564334,1.83172E-05,250K,,,,,,,,,,,,,,,,,,,,,,,,,,,,,,,,,,,,4.51066E-05,0.000127433,9.08977E-05,0.000194556,0.000188745,0.000150408,8.46656E-06,1.44784E-05,1.56069E-05,9.5567E-06,1.20271E-05,0.000221152,0.000222934,0.000222043,,,#DIV/0!,,,,,,#DIV/0!,,,#DIV/0!,,,,,,,,,,,,,,,,,,,,,,,,,
260K,4.05E+18,-0.0012,-0.000185443,200K,4.05E+18,,,,,,,,,,,,,260K,3.7875E+18,-0.00232,-0.000336476,-0.00143,-0.000223997,-0.00582,-0.000860438,-0.0008,-0.000120138,-0.000385262,0.000328871,200K,3.7875E+18,0.02763,0.004273782,0.02593,0.004243863,0.004258822,1.49597E-05,260K,,,,,,,,,,,,,,,,,,,,,,,,,,,,,,,,,,,,9.02132E-06,,,,,,1.63687E-05,1.08969E-05,4.18581E-05,4.13263E-06,1.83141E-05,0.000207909,0.000206453,0.000207181,,,#DIV/0!,,,,,,#DIV/0!,,,#DIV/0!,,,,,,,,,,,,,,,,,,,,,,,,,
270K,4.212E+18,-0.00355,-0.000548601,210K,4.212E+18,0.01053,0.001629274,,,0.01732,0.00301165,0.00533,0.001978911,,,0.002495281,0.000718767,270K,3.939E+18,-0.00366,-0.000530819,-0.0028,-0.000438596,-0.00722,-0.001067416,-0.00461,-0.000692296,-0.000682282,0.00027734,210K,3.939E+18,0.02391,0.003698376,0.02246,0.003675941,0.003687158,1.12174E-05,270K,,,,,,,,,,,,,,,,,,,,,,,,,,,,,,,,,,,,2.66881E-05,7.926E-05,0.000137883,0.000146509,9.6269E-05,0.00011498,2.5823E-05,2.13366E-05,5.19271E-05,2.38143E-05,3.07252E-05,0.000179917,0.000178825,0.000179371,,,#DIV/0!,,,,,,#DIV/0!,,,#DIV/0!,,,,,,,,,,,,,,,,,,,,,,,,,
280K,4.374E+18,-0.00555,-0.000857673,220K,4.374E+18,,,,,,,,,,,,,280K,4.0905E+18,-0.0063,-0.000913706,-0.00415,-0.000650063,-0.0071,-0.001049675,-0.00687,-0.001031686,-0.000911282,0.000184293,220K,4.0905E+18,0.01539,0.00238051,0.01391,0.002276596,0.002328553,5.19573E-05,280K,,,,,,,,,,,,,,,,,,,,,,,,,,,,,,,,,,,,4.17236E-05,,,,,,4.44494E-05,3.16239E-05,5.1064E-05,3.54889E-05,4.06566E-05,0.000115806,0.000110751,0.000113278,,,#DIV/0!,,,,,,#DIV/0!,,,#DIV/0!,,,,,,,,,,,,,,,,,,,,,,,,,
290K,4.536E+18,-0.00608,-0.000939577,230K,4.536E+18,0.00325,0.000502862,,,0.00982,0.001707529,0.00136,0.000504938,,,0.001106234,0.000694916,290K,4.242E+18,-0.00615,-0.000891951,-0.00543,-0.000850564,-0.00792,-0.001170905,-0.00538,-0.000807929,-0.000930337,0.000164006,230K,4.242E+18,0.00742,0.001147718,0.00869,0.001422259,0.001284989,0.00013727,290K,,,,,,,,,,,,,,,,,,,,,,,,,,,,,,,,,,,,4.5708E-05,2.4463E-05,0.00021595,8.30669E-05,2.45639E-05,8.70109E-05,4.33911E-05,4.13778E-05,5.69615E-05,2.77919E-05,4.23806E-05,5.58336E-05,6.91893E-05,6.25114E-05,,,#DIV/0!,,,,,,#DIV/0!,,,#DIV/0!,,,,,,,,,,,,,,,,,,,,,,,,,
300K,4.698E+18,-0.00541,-0.000836038,240K,4.698E+18,,,,,,,,,,,,,300K,4.3935E+18,-0.00625,-0.000906454,-0.00518,-0.000811404,-0.00855,-0.001264045,-0.00841,-0.001262952,-0.001061214,0.00023678,240K,4.3935E+18,0.00109,0.0001686,0.00182,0.000297872,0.000233236,6.46361E-05,300K,,,,,,,,,,,,,,,,,,,,,,,,,,,,,,,,,,,,4.06711E-05,,,,,,4.40967E-05,3.94727E-05,6.14926E-05,4.34442E-05,4.71265E-05,8.20197E-06,1.44907E-05,1.13463E-05,,,#DIV/0!,,,,,,#DIV/0!,,,#DIV/0!,,,,,,,,,,,,,,,,,,,,,,,,,
310K,4.86E+18,-0.00603,-0.00093185,250K,4.86E+18,-0.00178,-0.000275414,-0.00204,-0.0003789,0.00144,0.000250391,-0.00074,-0.000274746,,,-0.000134418,0.000284284,310K,4.545E+18,-0.00577,-0.000836838,-0.0056,-0.000877193,-0.00821,-0.001213779,-0.00803,-0.001205887,-0.001033424,0.00020439,250K,4.545E+18,-0.00305,-0.000471771,-0.00255,-0.000417349,-0.00044456,2.72112E-05,310K,,,,,,,,,,,,,,,,,,,,,,,,,,,,,,,,,,,,4.53321E-05,1.33982E-05,1.84325E-05,1.21809E-05,1.33657E-05,1.43443E-05,4.071E-05,4.26732E-05,5.90472E-05,4.14812E-05,4.59779E-05,2.29505E-05,2.03029E-05,2.16267E-05,,,#DIV/0!,,,,,,#DIV/0!,,,#DIV/0!,,,,,,,,,,,,,,,,,,,,,,,,,
,,,,260K,5.022E+18,,,,,,,,,,,,,,,,,,,,,,,,,260K,4.6965E+18,-0.00607,-0.000938902,-0.00554,-0.00090671,-0.000922806,1.60957E-05,,,,,,,,,,,,,,,,,,,,,,,,,,,,,,,,,,,,,,,,,,,,,,,,4.56752E-05,4.41091E-05,4.48922E-05,,,,,,,,,#DIV/0!,,,,,,,,,,,,,,,,,,,,,,,,,,,,
,,,,270K,5.184E+18,-0.00269,-0.000416215,-0.00397,-0.00073737,-0.00332,-0.000577291,,,,,-0.00065733,0.000160578,,,,,,,,,,,,,270K,4.848E+18,-0.00692,-0.001070379,-0.00636,-0.001040917,-0.001055648,1.47312E-05,,,,,,,,,,,,,,,,,,,,,,,,,,,,,,,,,,,,,,2.02478E-05,3.58712E-05,2.80837E-05,,2.80676E-05,,,,,,5.20712E-05,5.06379E-05,5.13546E-05,,,,,,,,,#DIV/0!,,,,,,,,,,,,,,,,,,,,,,,,,,,,
,,,,280K,5.346E+18,,,,,,,,,,,,,,,,,,,,,,,,,280K,4.9995E+18,-0.00786,-0.001215777,-0.0078,-0.001276596,-0.001246187,3.04092E-05,,,,,,,,,,,,,,,,,,,,,,,,,,,,,,,,,,,,,,,,,,,,,,,,5.91445E-05,6.21031E-05,6.06238E-05,,,,,,,,,#DIV/0!,,,,,,,,,,,,,,,,,,,,,,,,,,,,
,,,,290K,5.508E+18,-0.0029,-0.000448708,-0.00523,-0.000971397,-0.00575,-0.000999826,,,,,-0.000985611,0.000310307,,,,,,,,,,,,,290K,5.151E+18,-0.00788,-0.001218871,-0.00872,-0.001427169,-0.00132302,0.000104149,,,,,,,,,,,,,,,,,,,,,,,,,,,,,,,,,,,,,,2.18285E-05,4.7256E-05,4.8639E-05,,3.92412E-05,,,,,,5.9295E-05,6.94281E-05,6.43615E-05,,,,,,,,,#DIV/0!,,,,,,,,,,,,,,,,,,,,,,,,,,,,
,,,,300K,5.67E+18,,,,,,,,,,,,,,,,,,,,,,,,,300K,5.3025E+18,-0.00848,-0.001311678,-0.00847,-0.001386252,-0.001348965,3.72869E-05,,,,,,,,,,,,,,,,,,,,,,,,,,,,,,,,,,,,,,,,,,,,,,,,6.38098E-05,6.74376E-05,6.56237E-05,,,,,,,,,#DIV/0!,,,,,,,,,,,,,,,,,,,,,,,,,,,,
,,,,310K,5.832E+18,-0.00127,-0.000196503,-0.00367,-0.000681649,-0.00563,-0.00097896,,,,,-0.000587732,0.000394968,,,,,,,,,,,,,310K,5.454E+18,-0.00832,-0.00128693,-0.00779,-0.001274959,-0.001280944,5.98527E-06,,,,,,,,,,,,,,,,,,,,,,,,,,,,,,,,,,,,,,9.55938E-06,3.31605E-05,4.76239E-05,,3.01146E-05,,,,,,6.26058E-05,6.20235E-05,6.23147E-05,,,,,,,,,#DIV/0!,,,,,,,,,,,,,,,,,,,,,,,,,,,,
,,,,,,,,,,,,,,,,,,,,,,,,,,,,,,,,,,,,,,,,,,,,,,,,,,,,,,,,,,,,,,,,,,,,,,,,,,,,,,,,,,,,,,,,,,,,,,,,,,,,,,,,,,,,,,,,,,,,,,,,,,,,
,,,,,,,,,,,,,,,,,,,,,,,,,,,,,,,,,,,,,,,,,,,,,,,,,,,,,,,,,,,,,,,,,,,,,,,,,,,,,,,,,,,,,,,,,,,,,,,,,,,,,,,,,,,,,,,,,,,,,,,,,,,,
,,,,,,,,,,,,,,,,,,,,,,,,,,,,,,,,,,,,,,,,,,,,,,,,,,,,,,,,,,,,,,,,,,,,,,,,,,,,,,,,,,,,,,,,,,,,,,,,,,,,,,,,,,,,,,,,,,,,,,,,,,,,
,,,,,,,,,,,,,,,,,,,,,,,,,,,,,,,,,,,,,,,,,,,,,,,,,,,,,,,,,,,,,,,,,,,,,,,,,,,,,,,,,,,,,,,,,,,,,,,,,,,,,,,,,,,,,,,,,,,,,,,,,,,,
,,,,,,,,,,,,,,,,,,,,,,,,,,,,,,,,,,,,,,,,,,,,,,,,,,,,,,,,,,,,,,,,,,,,,,,,,,,,,,,,,,,,,,,,,,,,,,,,,,,,,,,,,,,,,,,,,,,,,,,,,,,,
,,,,,,,,,,,,,,,,,,,,,,,,,,,,,,,,,,,,,,,,,,,,,,,,,,,,,,,,,,,,,,,,,,,,,,,,,,,,,,,,,,,,,,,,,,,,,,,,,,,,,,,,,,,,,,,,,,,,,,,,,,,,
,,,,,,,,,,,,,,,,,,,,,,,,,,,,,,,,,,,,,,,,,,,,,,,,,,,,,,,,,,,,,,,,,,,,,,,,,,,,,,,,,,,,,,,,,,,,,,,,,,,,,,,,,,,,,,,,,,,,,,,,,,,,
,,,,,,,,,,,,,,,,,,,,,,,,,,,,,,,,,,,,,,,,,,,,,,,,,,,,,,,,,,,,,,,,,,,,,,,,,,,,,,,,,,,,,,,,,,,,,,,,,,,,,,,,,,,,,,,,,,,,,,,,,,,,
,,,,,,,,,,,,,,,,,,,,,,,,,,,,,,,,,,,,,,,,,,,,,,,,,,,,,,,,,,,,,,,,,,,,,,,,,,,,,,,,,,,,,,,,,,,,,,,,,,,,,,,,,,,,,,,,,,,,,,,,,,,,
,,,,,,,,,,,,,,,,,,,,,,,,,,,,,,,,,,,,,,,,,,,,,,,,,,,,,,,,,,,,,,,,,,,,,,,,,,,,,,,,,,,,,,,,,,,,,,,,,,,,,,,,,,,,,,,,,,,,,,,,,,,,
,,,,,,,,,,,,,,,,,,,,,,,,,,,,,,,,,,,,,,,,,,,,,,,,,,,,,,,,,,,,,,,,,,,,,,,,,,,,,,,,,,,,,,,,,,,,,,,,,,,,,,,,,,,,,,,,,,,,,,,,,,,,
,,,,,,,,,,,,,,,,,,,,,,,,,,,,,,,,,,,,,,,,,,,,,,,,,,,,,,,,,,,,,,,,,,,,,,,,,,,,,,,,,,,,,,,,,,,,,,,,,,,,,,,,,,,,,,,,,,,,,,,,,,,,
,,,,,,,,,,,,,,,,,,,,,,,,,,,,,,,,,,,,,,,,,,,,,,,,,,,,,,,,,,,,,,,,,,,,,,,,,,,,,,,,,,,,,,,,,,,,,,,,,,,,,,,,,,,,,,,,,,,,,,,,,,,,
,,,,,,,,,,,,,,,,,,,,,,,,,,,,,,,,,,,,,,,,,,,,,,,,,,,,,,,,,,,,,,,,,,,,,,,,,,,,,,,,,,,,,,,,,,,,,,,,,,,,,,,,,,,,,,,,,,,,,,,,,,,,
,,,,,,,,,,,,,,,,,,,,,,,,,,,,,,,,,,,,,,,,,,,,,,,,,,,,,,,,,,,,,,,,,,,,,,,,,,,,,,,,,,,,,,,,,,,,,,,,,,,,,,,,,,,,,,,,,,,,,,,,,,,,
,,,,,,,,,,,,,,,,,,,,,,,,,,,,,,,,,,,,,,,,,,,,,,,,,,,,,,,,,,,,,,,,,,,,,,,,,,,,,,,,,,,,,,,,,,,,,,,,,,,,,,,,,,,,,,,,,,,,,,,,,,,,
Production/Sublimation 1340/1376,,,,,,,,,,,,,,,,,,,,,,,,,,,,,,,,,,,,,,,,,,,,,,,,,,,,,,,,,,,,,,,,,,,,,,,,,,,,,,,,,,,,,,,,,,,,,,,,,,,,,,,,,,,,,,,,,,,,,,,,,,,,
100% Methanol,,,,,,,,,,,,,,,,,,,,,,,,,,,,,,,,,,,,,,11-16% Methanol,,,,,,,,,,,,,,,,,,,,,,,,,,,,,,,,,,,,1340/1376 cm-1,,,,,,,,,,,,,,,,,,,,,,,,,,,,,,,,,,,,,,,,,,,,,,,,,,
0min 100W,,,,60min 100W,,,,,,,,,,,,,,0min 50W,,,,,,,,,,,,75min 50W,,,,,,,,0 min 100W,,,,,,,,60 min 100W,,,,,,,,,,,,,,0min 50W,,,,,,,,75min 50W,,,,,,0 min 100W 100%,60 min 100W 100%,,,,,0 min 50W 100%,,,,,75 min 50W 100%,,,0min 100W 11-16%,,,60min 100W 11-16%,,,,,,0min 50W 11-16%,,,75min 50W 11-16%,,,,,,,,,,,,,,,,,,,,,,,,
,,110923,,,,101223,,092823 - IR out,,91523,,83123,,102824,,Average,st. dev.,,,010324 -2nd good,,122123 -power surge,,122723 -purge,,121823 -oscillate,,Average,st. dev.,,,010523,,122923 -purge,,Average,st. dev.,,,81524,,81624,,Average,st. dev.,,,71824,,090324 -purge,,92424,,100824 -purge,,101524,,Average,st. dev.,,,82724,,083024 -purge,,Average,st. dev.,,,91724,,,,110923,101223,92823,91523,83123,ave,10324,122123,122723,121823,ave,10524,122923,ave,81524,81624,ave,71824,90324,92424,100824,101524,ave,82724,83024,ave,91724,,,,100%,,,,,,,,,,,,,,,,,,,,
Temp,Fluence,Integrated Absorbance,Normalized,Time/Temp,Fluence,Integrated Absorbance,Normalized,Integrated Absorbance,Normalized,Integrated Absorbance,Normalized,Integrated Absorbance,Normalized,Integrated Absorbance,Normalized,Normalized,Normalized,Temp,Fluence,Integrated Absorbance,Normalized,Integrated Absorbance,Normalized,Integrated Absorbance,Normalized,Integrated Absorbance,Normalized,Normalized,Normalized,Time/Temp,Fluence,Integrated Absorbance,Normalized,Integrated Absorbance,Normalized,Normalized,Normalized,Temp,Fluence,Integrated Absorbance,Normalized,Integrated Absorbance,Normalized,Normalized,Normalized,Time/Temp,Fluence,Integrated Absorbance,Normalized,Integrated Absorbance,Normalized,Integrated Absorbance,Normalized,Integrated Absorbance,Normalized,Integrated Absorbance,Normalized,Normalized,Normalized,Temp,Fluence,Integrated Absorbance,Normalized,Integrated Absorbance,Normalized,Normalized,Normalized,Time/Temp,Fluence,Integrated Absorbance,Normalized,,,Propagated 1sigma error,Propagated 1sigma error,Propagated 1sigma error,Propagated 1sigma error,Propagated 1sigma error,Propagated 1sigma error,Propagated 1sigma error,Propagated 1sigma error,Propagated 1sigma error,Propagated 1sigma error,Propagated 1sigma error,Propagated 1sigma error,Propagated 1sigma error,Propagated 1sigma error,Propagated 1sigma error,Propagated 1sigma error,Propagated 1sigma error,Propagated 1sigma error,Propagated 1sigma error,Propagated 1sigma error,Propagated 1sigma error,Propagated 1sigma error,Propagated 1sigma error,Propagated 1sigma error,Propagated 1sigma error,Propagated 1sigma error,Propagated 1sigma error,,fluence,normalized absorbance,temp,fluence,norm. int. absorbance,error,,,,,,,,,,,,,,,,,
,,,,,,,,,,,,,,,,,,,,,,,,,,,,,,,,,,,,,,,,,,,,,,,,,,,,,,,,,,,,,,,,,,,,,,,,,,,,,,,,,,,,,,,,,,,,,,,,,,,,,,,,20,1.54E+17,-0.000568071,0.000158224,,,,,,,,,,,,,,,,,
20K,1.62E+17,0.02689,0.004155463,10,1.62E+17,0.03824,0.005916757,0.0032,0.000594354,0.00685,0.001191097,0.00525,0.001949209,,,0.002567403,0.002400829,20K,1.515E+17,0.02982,0.004324873,0.03072,0.00481203,0.03009,0.004448551,0.02646,0.00397357,0.004389756,0.000346022,12.5,1.515E+17,0.01238,0.001914927,0.01183,0.00193617,0.001925548,1.06218E-05,20K,,,,,,,,,,,,,,,,,,,,,,,,,,,,,,,,,,,,0.001157413,0.000287835,0.000165544,0.000331754,0.000542909,2.62E-04,0.001204598,0.001340285,0.001239046,0.001098277,0.001220552,0.000529277,0.000535149,0.000532213,,,#DIV/0!,,,,,,#DIV/0!,,,#DIV/0!,,,1.62E+17,0.002567403,50,6.17E+17,0.01077518,0.003001189,,,,,,,,,,,,,,,,,
30K,3.24E+17,0.05257,0.008123938,20,3.24E+17,0.03788,0.005861055,0.00386,0.000716939,0.00725,0.00126065,0.0013,0.000482661,,,0.002612882,0.002541465,30K,3.03E+17,0.04713,0.006835388,0.04767,0.007467105,0.04874,0.007205795,0.04609,0.00692146,0.007107437,0.000287306,25,3.03E+17,0.01501,0.002321732,0.01436,0.002350245,0.002335989,1.42565E-05,30K,,,,,,,,,,,,,,,,,,,,,,,,,,,,,,,,,,,,0.002262744,0.000285125,0.000199688,0.000351126,0.000134435,2.79E-04,0.001903847,0.002079798,0.002007016,0.001913061,0.00197593,0.000641717,0.000649598,0.000645657,,,#DIV/0!,,,,,,#DIV/0!,,,#DIV/0!,,,3.24E+17,0.002612882,100,1.39E+18,0.015754703,0.004388126,,,,,,,,,,,,,,,,,
40K,4.86E+17,0.0672,0.010384794,30,4.86E+17,0.03958,0.006124091,0.00925,0.001718053,0.0111,0.001930099,-0.00633,-0.002350189,,,0.003257415,0.003460884,40K,4.545E+17,0.06673,0.009678028,0.06533,0.010233396,0.07275,0.01075547,0.06424,0.009647094,0.010078497,0.000525601,37.5,4.545E+17,0.03271,0.005059551,0.0164,0.002684124,0.003871838,0.001187714,40K,,,,,,,,,,,,,,,,,,,,,,,,,,,,,,,,,,,,0.002892456,0.000297921,0.000478526,0.000537587,0.000654594,4.38E-04,0.002695602,0.002850287,0.002995699,0.002666415,0.002802001,0.001398438,0.00074188,0.001070159,,,#DIV/0!,,,,,,#DIV/0!,,,#DIV/0!,,,4.86E+17,0.003257415,130,1.85E+18,0.013869812,0.003863131,,,,,,,,,,,,,,,,,
50K,6.48E+17,0.08014,0.012384485,40,6.48E+17,0.04016,0.006213833,0.00742,0.001378158,0.01252,0.002177013,-0.02869,-0.010651964,,,0.003256334,0.007269109,50K,6.06E+17,0.09117,0.013222625,0.08387,0.013137531,0.08474,0.01252809,0.08558,0.01285178,0.012935006,0.000314244,50,6.06E+17,0.02128,0.00329157,0.01435,0.002348609,0.002820089,0.000471481,50K,,,,,,,,,,,,,,,,,,,,,,,,,,,,,,,,,,,,0.003449426,0.000302287,0.000383855,0.000606359,0.00296687,4.31E-04,0.003682871,0.00365917,0.003489424,0.003552176,0.00359591,0.000909776,0.000649145,0.00077946,,,#DIV/0!,,,,,,#DIV/0!,,,#DIV/0!,,,6.48E+17,0.003256334,150,2.16E+18,0.000213445,5.94505E-05,,,,,,,,,,,,,,,,,
60K,8.1E+17,0.09817,0.015170762,50,8.1E+17,,,0.01039,0.001929792,0.01317,0.002290037,-0.00325,-0.001206653,,,0.002109914,0.001923274,60K,7.575E+17,0.10324,0.014973169,0.0963,0.015084586,0.09837,0.01454317,0.09831,0.014763478,0.014841101,0.000239106,62.5,7.575E+17,0.01972,0.003050271,0.0182,0.002978723,0.003014497,3.57736E-05,60K,,,,,,,,,,,,,,,,,,,,,,,,,,,,,,,,,,,,0.004225482,,0.000537501,0.000637839,0.000336087,5.88E-04,0.004170447,0.004201479,0.00405068,0.004080561,0.004125792,0.000843082,0.000823306,0.000833194,,,#DIV/0!,,,,,,#DIV/0!,,,#DIV/0!,,,8.1E+17,0.002109914,,,,,,,,,,,,,,,,,,,,,
70K,9.72E+17,0.10982,0.016971102,60,9.72E+17,0.0398,0.006158131,0.01377,0.002557578,0.01521,0.002644757,-0.00069,-0.000256182,,,0.003786822,0.00262665,70K,9.09E+17,0.11838,0.017168963,0.1121,0.017559524,0.1114,0.016469545,0.1105,0.016594083,0.016948029,0.000508908,75,9.09E+17,0.02303,0.003562258,0.01721,0.002816694,0.003189476,0.000372782,70K,,,,,,,,,,,,,,,,,,,,,,,,,,,,,,,,,,,,0.004726927,0.000299577,0.000712357,0.000736639,7.13538E-05,5.83E-04,0.004782037,0.004890819,0.004587229,0.004586532,0.004711654,0.000984593,0.000778522,0.000881557,,,#DIV/0!,,,,,,#DIV/0!,,,#DIV/0!,,,9.72E+17,0.003786822,,,,,,,,,,,,,,,,,,,,,
80K,1.134E+18,0.11495,0.01776387,20K,1.134E+18,,,,,,,,,,,,,80K,1.0605E+18,0.13207,0.01915446,0.11954,0.018724937,0.12138,0.017945003,0.1169,0.017555188,0.018344897,0.000726493,20K,1.0605E+18,0.0297,0.004593968,0.01866,0.00305401,0.003823989,0.000769979,80K,,,,,,,,,,,,,,,,,,,,,,,,,,,,,,,,,,,,0.004947735,,,,,,0.005335053,0.005215419,0.004998185,0.004852178,0.005100209,0.001269753,0.000844115,0.001056934,,,#DIV/0!,,,,,,#DIV/0!,,,#DIV/0!,,,1.296E+18,0.006489102,,,,,,,,,,,,,,,,,,,,,
90K,1.296E+18,0.12164,0.018797713,30K,1.296E+18,0.05185,0.00802259,0.03152,0.005854383,0.03215,0.005590332,0.02044,0.007588921,,,0.006489102,0.001220579,90K,1.212E+18,0.14109,0.020462654,0.12723,0.019929511,0.1284,0.01898285,0.12772,0.019180057,0.019638768,0.000684096,30K,1.212E+18,0.0442,0.006836814,0.04003,0.006551555,0.006694184,0.000142629,90K,,,,,,,,,,,,,,,,,,,,,,,,,,,,,,,,,,,,0.005235689,0.000390279,0.00163061,0.001557064,0.002113727,1.19E-03,0.005699422,0.005550927,0.005287255,0.005301284,0.005459722,0.001889665,0.001810821,0.001850243,,,#DIV/0!,,,,,,#DIV/0!,,,#DIV/0!,,,1.62E+18,0.010623947,,,,,,,,,,,,,,,,,,,,,
100K,1.458E+18,0.12381,0.019133055,40K,1.458E+18,,,,,,,,,,,,,100K,1.3635E+18,0.14649,0.02124583,0.12782,0.02002193,0.1366,0.020195151,0.13034,0.01957351,0.020259105,0.000708051,40K,1.3635E+18,0.0599,0.009265275,0.0537,0.008788871,0.009027073,0.000238202,100K,,,,,,,,,,,,,,,,,,,,,,,,,,,,,,,,,,,,0.005329091,,,,,,0.005917558,0.005576668,0.005624915,0.005410033,0.005632293,0.002560882,0.002429206,0.002495044,,,#DIV/0!,,,,,,#DIV/0!,,,#DIV/0!,,,1.944E+18,0.013886936,,,,,,,,,,,,,,,,,,,,,
110K,1.62E+18,0.12016,0.018569,50K,1.62E+18,0.06726,0.010406932,0.05875,0.010911961,0.06069,0.010552947,0.0666,0.024727111,,,0.010623947,0.007054774,110K,1.515E+18,0.14561,0.021118202,0.1262,0.01976817,0.14044,0.020762862,0.13038,0.019579516,0.020307188,0.000749539,50K,1.515E+18,0.0763,0.011802011,0.0683,0.011178396,0.011490203,0.000311807,110K,,,,,,,,,,,,,,,,,,,,,,,,,,,,,,,,,,,,0.005171986,0.000506271,0.003039287,0.002939291,0.006887192,2.16E-03,0.00588201,0.005505989,0.005783038,0.005411693,0.005645682,0.003262024,0.00308966,0.003175842,,,#DIV/0!,,,,,,#DIV/0!,,,#DIV/0!,,,2.268E+18,0.014934054,,,,,,,,,,,,,,,,,,,,,
120K,1.782E+18,0.12745,0.019695565,60K,1.782E+18,,,,,,,,,,,,,120K,1.6665E+18,0.15688,0.022752719,0.12349,0.019343672,0.14556,0.021519811,0.13193,0.019812284,0.020857121,0.001572118,60K,1.6665E+18,0.08785,0.013588554,0.0774,0.012667758,0.013128156,0.000460398,120K,,,,,,,,,,,,,,,,,,,,,,,,,,,,,,,,,,,,0.005485766,,,,,,0.006337269,0.005387754,0.005993869,0.005476029,0.00579873,0.003755817,0.003501313,0.003628565,,,#DIV/0!,,,,,,#DIV/0!,,,#DIV/0!,,,2.592E+18,0.014215626,,,,,,,,,,,,,,,,,,,,,
130K,1.944E+18,0.13231,0.020446608,70K,1.944E+18,0.07206,0.011149621,0.09022,0.016757058,0.0791,0.01375413,0.05865,0.021775451,,,0.013886936,0.004561419,130K,1.818E+18,0.16773,0.024326323,0.14053,0.022012845,0.15387,0.022748374,0.13853,0.020803424,0.022472741,0.001473077,70K,1.818E+18,0.09581,0.014819799,0.0923,0.015106383,0.014963091,0.000143292,130K,,,,,,,,,,,,,,,,,,,,,,,,,,,,,,,,,,,,0.005694952,0.000542401,0.00466731,0.00383091,0.006065072,3.01E-03,0.006775562,0.006131193,0.006336059,0.005749976,0.006248197,0.004096128,0.004175338,0.004135733,,,#DIV/0!,,,,,,#DIV/0!,,,#DIV/0!,,,2.916E+18,0.01471807,,,,,,,,,,,,,,,,,,,,,
140K,2.106E+18,0.11768,0.018185752,80K,2.106E+18,,,,,,,,,,,,,140K,1.9695E+18,0.163,0.023640319,0.13155,0.020606203,0.14952,0.022105263,0.13384,0.020099114,0.021612725,0.00159769,80K,1.9695E+18,0.10404,0.016092807,0.0923,0.015106383,0.015599595,0.000493212,140K,,,,,,,,,,,,,,,,,,,,,,,,,,,,,,,,,,,,0.005065241,,,,,,0.00658449,0.005739404,0.006156934,0.005555307,0.006009034,0.004447982,0.004175338,0.00431166,,,#DIV/0!,,,,,,#DIV/0!,,,#DIV/0!,,,3.24E+18,0.009980597,,,,,,,,,,,,,,,,,,,,,
150K,2.268E+18,0.09862,0.015240303,90K,2.268E+18,0.07398,0.011446697,0.09385,0.017431278,0.09158,0.015924187,0.06215,0.023074924,,,0.014934054,0.004798732,150K,2.121E+18,0.12343,0.017901378,0.09254,0.014495614,0.12211,0.018052927,0.10435,0.015670521,0.01653011,0.001739484,90K,2.121E+18,0.10728,0.016593968,0.1007,0.016481178,0.016537573,5.63946E-05,150K,,,,,,,,,,,,,,,,,,,,,,,,,,,,,,,,,,,,0.004244851,0.000556853,0.004855099,0.004435332,0.006427012,3.28E-03,0.004986035,0.004037434,0.005028245,0.004331264,0.004595744,0.0045865,0.004555326,0.004570913,,,#DIV/0!,,,,,,#DIV/0!,,,#DIV/0!,,,3.564E+18,0.009021558,,,,,,,,,,,,,,,,,,,,,
160K,2.43E+18,0.08459,0.013072168,100K,2.43E+18,,,,,,,,,,,,,160K,2.2725E+18,0.10664,0.01546628,0.08007,0.012542293,0.11132,0.016457717,0.08634,0.012965911,0.01435805,0.001903663,100K,2.2725E+18,0.11284,0.017453983,0.10143,0.016600655,0.017027319,0.000426664,160K,,,,,,,,,,,,,,,,,,,,,,,,,,,,,,,,,,,,0.003640965,,,,,,0.004307792,0.00349338,0.004583935,0.003583721,0.003992207,0.004824205,0.004588349,0.004706277,,,#DIV/0!,,,,,,#DIV/0!,,,#DIV/0!,,,3.888E+18,0.00873038,,,,,,,,,,,,,,,,,,,,,
170K,2.592E+18,0.07522,0.011624169,110K,2.592E+18,0.06569,0.010164011,0.08742,0.016236999,0.09343,0.01624587,0.02078,0.007715156,,,0.014215626,0.004332648,170K,2.424E+18,0.09564,0.013870921,0.06701,0.010496554,0.10106,0.014940863,0.06766,0.010160685,0.012367256,0.002398121,110K,2.424E+18,0.1093,0.016906419,0.10051,0.016450082,0.016678251,0.000228169,170K,,,,,,,,,,,,,,,,,,,,,,,,,,,,,,,,,,,,0.003237656,0.000494453,0.004522458,0.004524929,0.002148887,3.18E-03,0.00386344,0.002923584,0.004161449,0.002808369,0.00343921,0.004672861,0.004546731,0.004609796,,,#DIV/0!,,,,,,#DIV/0!,,,#DIV/0!,,,4.212E+18,0.005871374,,,,,,,,,,,,,,,,,,,,,
180K,2.754E+18,0.06267,0.009684747,120K,2.754E+18,,,,,,,,,,,,,180K,2.5755E+18,0.08764,0.01271066,0.05491,0.00860119,0.09268,0.013701952,0.06626,0.009950443,0.011241061,0.002369973,120K,2.5755E+18,0.10782,0.016677494,0.09453,0.015471358,0.016074426,0.000603068,180K,,,,,,,,,,,,,,,,,,,,,,,,,,,,,,,,,,,,0.002697473,,,,,,0.003540274,0.002395672,0.003816377,0.002750259,0.003125646,0.004609587,0.004276216,0.004442901,,,#DIV/0!,,,,,,#DIV/0!,,,#DIV/0!,,,4.536E+18,0.004881077,,,,,,,,,,,,,,,,,,,,,
190K,2.916E+18,0.0536,0.008283109,130K,2.916E+18,0.06499,0.010055702,0.09067,0.016840639,0.09925,0.017257868,0.00788,0.00292567,,,0.01471807,0.006757442,190K,2.727E+18,0.08163,0.011839014,0.04475,0.007009712,0.08711,0.012878474,0.05675,0.008522301,0.010062375,0.002755446,130K,2.727E+18,0.10984,0.016989946,0.09549,0.015628478,0.016309212,0.000680734,190K,,,,,,,,,,,,,,,,,,,,,,,,,,,,,,,,,,,,0.002307078,0.000489184,0.004690589,0.004806799,0.000814881,3.33E-03,0.003297497,0.001952401,0.003587015,0.002355527,0.00279811,0.004695947,0.004319643,0.004507795,,,#DIV/0!,,,,,,#DIV/0!,,,#DIV/0!,,,4.86E+18,0.005534321,,,,,,,,,,,,,,,,,,,,,
200K,3.078E+18,0.04856,0.00750425,140K,3.078E+18,,,,,,,,,,,,,200K,2.8785E+18,0.06833,0.00991008,0.03907,0.006119987,0.08189,0.012106742,0.05173,0.007768434,0.008976311,0.002600581,140K,2.8785E+18,0.10228,0.015820572,,,0.015820572,,200K,,,,,,,,,,,,,,,,,,,,,,,,,,,,,,,,,,,,0.002090144,,,,,,0.002760235,0.001704588,0.003372066,0.002147161,0.002496012,0.004372737,,0.004372737,,,#DIV/0!,,,,,,#DIV/0!,,,#DIV/0!,,,5.184E+18,0.004743618,,,,,,,,,,,,,,,,,,,,,
210K,3.24E+18,0.04576,0.00707155,150K,3.24E+18,0.04783,0.007400588,0.05948,0.011047548,0.0661,0.011493653,-0.00014,-5.19789E-05,,,0.009980597,0.005340836,210K,3.03E+18,0.06233,0.009039884,0.03524,0.00552005,0.07846,0.011599645,0.04855,0.007290885,0.008362616,0.002592672,150K,3.03E+18,0.08415,0.013016241,0.06774,0.011086743,0.012051492,0.000964749,210K,,,,,,,,,,,,,,,,,,,,,,,,,,,,,,,,,,,,0.001969625,0.00036002,0.003077051,0.003201304,1.44776E-05,2.21E-03,0.002517861,0.001537488,0.003230826,0.002015169,0.002325336,0.003597632,0.003064327,0.00333098,,,#DIV/0!,,,,,,#DIV/0!,,,#DIV/0!,,,5.508E+18,0.003836891,,,,,,,,,,,,,,,,,,,,,
220K,3.402E+18,0.045,0.006954103,160K,3.402E+18,,,,,,,,,,,,,220K,3.1815E+18,0.05955,0.008636693,0.01858,0.002910401,0.06631,0.009803371,0.04854,0.007289383,0.007159962,0.003013518,160K,3.1815E+18,0.07244,0.01120495,0.05715,0.009353519,0.010279234,0.000925715,220K,,,,,,,,,,,,,,,,,,,,,,,,,,,,,,,,,,,,0.001936912,,,,,,0.002405561,0.000810628,0.002730513,0.002014754,0.001990364,0.003096999,0.002585272,0.002841136,,,#DIV/0!,,,,,,#DIV/0!,,,#DIV/0!,,,5.832E+18,0.003350499,,,,,,,,,,,,,,,,,,,,,
230K,3.564E+18,0.04536,0.007009736,170K,3.564E+18,0.04364,0.006752282,0.05511,0.010235884,0.05795,0.010076508,-0.00354,-0.001314324,,,0.009021558,0.005411715,230K,3.333E+18,0.04155,0.006026106,0.02077,0.003253446,0.0677,0.01000887,0.03587,0.005386695,0.006168779,0.002821198,170K,3.333E+18,0.06811,0.010535189,0.05422,0.008873977,0.009704583,0.000830606,230K,,,,,,,,,,,,,,,,,,,,,,,,,,,,,,,,,,,,0.001952408,0.000328481,0.00285098,0.00280659,0.000366076,2.00E-03,0.001678439,0.000906176,0.002787751,0.001488859,0.001715306,0.00291188,0.002452729,0.002682305,,,#DIV/0!,,,,,,#DIV/0!,,,#DIV/0!,,,,,,,,,,,,,,,,,,,,,,,,,
240K,3.726E+18,0.03075,0.00475197,180K,3.726E+18,,,,,,,,,,,,,240K,3.4845E+18,0.04811,0.00697752,0.0218,0.003414787,0.0687,0.010156712,0.03686,0.005535366,0.006521096,0.002831186,180K,3.4845E+18,0.05793,0.008960557,0.04929,0.008067103,0.00851383,0.000446727,240K,,,,,,,,,,,,,,,,,,,,,,,,,,,,,,,,,,,,0.001323557,,,,,,0.001943435,0.000951114,0.002828929,0.001529951,0.001813357,0.002476659,0.002229712,0.002353185,,,#DIV/0!,,,,,,#DIV/0!,,,#DIV/0!,,,,,,,,,,,,,,,,,,,,,,,,,
250K,3.888E+18,0.03503,0.005413383,190K,3.888E+18,0.04036,0.006244778,0.05709,0.01060364,0.05373,0.009342723,-0.01796,-0.006668152,,,0.00873038,0.007914088,250K,3.636E+18,0.04645,0.006736766,0.02184,0.003421053,0.07026,0.010387345,0.04007,0.00601742,0.006640646,0.00287525,190K,3.636E+18,0.05453,0.008434648,0.04309,0.007052373,0.007743511,0.000691137,250K,,,,,,,,,,,,,,,,,,,,,,,,,,,,,,,,,,,,0.001507779,0.000303793,0.002953411,0.00260221,0.001857267,1.95E-03,0.001876378,0.000952859,0.002893166,0.001663189,0.001846398,0.0023313,0.001949245,0.002140273,,,#DIV/0!,,,,,,#DIV/0!,,,#DIV/0!,,,,,,,,,,,,,,,,,,,,,,,,,
260K,4.05E+18,0.03545,0.005478288,200K,4.05E+18,,,,,,,,,,,,,260K,3.7875E+18,0.05165,0.007490935,0.02354,0.003687343,0.07077,0.010462744,0.04373,0.006567052,0.007052019,0.002791769,200K,3.7875E+18,0.05016,0.007758701,0.04027,0.006590835,0.007174768,0.000583933,260K,,,,,,,,,,,,,,,,,,,,,,,,,,,,,,,,,,,,0.001525856,,,,,,0.002086435,0.001027028,0.002914167,0.001815105,0.001960684,0.002144471,0.001821678,0.001983075,,,#DIV/0!,,,,,,#DIV/0!,,,#DIV/0!,,,,,,,,,,,,,,,,,,,,,,,,,
270K,4.212E+18,0.03934,0.006079431,210K,4.212E+18,0.02267,0.003507659,,,0.04736,0.00823509,-0.00377,-0.001399718,,,0.005871374,0.004817684,270K,3.939E+18,0.05314,0.007707034,0.02719,0.004259085,0.0711,0.010511532,0.04097,0.006152575,0.007157557,0.002643369,210K,3.939E+18,0.04837,0.007481825,0.03939,0.006446809,0.006964317,0.000517508,270K,,,,,,,,,,,,,,,,,,,,,,,,,,,,,,,,,,,,0.001693292,0.000170639,0.003499189,0.002293703,0.000389861,1.99E-03,0.002146625,0.001186274,0.002927756,0.001700545,0.0019903,0.002067944,0.00178187,0.001924907,,,#DIV/0!,,,,,,#DIV/0!,,,#DIV/0!,,,,,,,,,,,,,,,,,,,,,,,,,
280K,4.374E+18,0.03729,0.005762633,220K,4.374E+18,,,,,,,,,,,,,280K,4.0905E+18,0.05588,0.008104423,0.02755,0.004315476,0.07045,0.010415435,0.04166,0.006256195,0.007272882,0.002604291,220K,4.0905E+18,0.0452,0.006991493,0.01801,0.002947627,0.00496956,0.002021933,280K,,,,,,,,,,,,,,,,,,,,,,,,,,,,,,,,,,,,0.001605055,,,,,,0.002257309,0.001201981,0.00290099,0.001729185,0.002022366,0.001932418,0.000814711,0.001373565,,,#DIV/0!,,,,,,#DIV/0!,,,#DIV/0!,,,,,,,,,,,,,,,,,,,,,,,,,
290K,4.536E+18,0.03467,0.00535775,230K,4.536E+18,0.0293,0.004533498,,,0.03007,0.005228656,0.00126,0.00046781,,,0.004881077,0.002571599,290K,4.242E+18,0.05434,0.007881073,0.02552,0.003997494,0.07335,0.010844175,0.04222,0.006340291,0.007265758,0.00287064,230K,4.242E+18,0.03155,0.004880124,0.02247,0.003677578,0.004278851,0.000601273,290K,,,,,,,,,,,,,,,,,,,,,,,,,,,,,,,,,,,,0.001492283,0.000220543,0.000315568,0.001456327,0.000130298,6.64E-04,0.002195099,0.001113414,0.003020406,0.001752429,0.002020337,0.001348845,0.001016466,0.001182656,,,#DIV/0!,,,,,,#DIV/0!,,,#DIV/0!,,,,,,,,,,,,,,,,,,,,,,,,,
300K,4.698E+18,0.03631,0.005611188,240K,4.698E+18,,,,,,,,,,,,,300K,4.3935E+18,0.05101,0.007398115,0.02931,0.004591165,0.07466,0.011037847,0.04392,0.006595585,0.007405678,0.002693848,240K,4.3935E+18,0.03601,0.005569992,0.02696,0.004412439,0.004991215,0.000578777,300K,,,,,,,,,,,,,,,,,,,,,,,,,,,,,,,,,,,,0.001562873,,,,,,0.002060582,0.001278768,0.003074349,0.001822991,0.002059173,0.001539522,0.001219579,0.00137955,,,#DIV/0!,,,,,,#DIV/0!,,,#DIV/0!,,,,,,,,,,,,,,,,,,,,,,,,,
310K,4.86E+18,0.0357,0.005516922,250K,4.86E+18,0.03069,0.004748569,0.03557,0.006606612,0.03018,0.005247783,-0.00817,-0.003033341,,,0.005534321,0.004355186,310K,4.545E+18,0.05667,0.008218999,0.02791,0.004371867,0.07353,0.010870787,0.04428,0.006649647,0.007527825,0.002731567,250K,4.545E+18,0.0353,0.00546017,0.02999,0.004908347,0.005184259,0.000275912,310K,,,,,,,,,,,,,,,,,,,,,,,,,,,,,,,,,,,,0.001536617,0.000231006,0.001840126,0.001461654,0.00084487,1.18E-03,0.002289221,0.001217687,0.003027818,0.001837933,0.002093165,0.001509167,0.001356646,0.001432906,,,#DIV/0!,,,,,,#DIV/0!,,,#DIV/0!,,,,,,,,,,,,,,,,,,,,,,,,,
,,,,260K,5.022E+18,,,,,,,,,,,,,,,,,,,,,,,,,260K,4.6965E+18,0.03874,0.005992266,0.03201,0.005238953,0.005615609,0.000376657,,,,,,,,,,,,,,,,,,,,,,,,,,,,,,,,,,,,,,,,,,,,,,,,0.001656236,0.001448024,0.00155213,,,,,,,,,#DIV/0!,,,,,,,,,,,,,,,,,,,,,,,,,,,,
,,,,270K,5.184E+18,0.02811,0.004349373,0.02785,0.005172734,0.02708,0.004708746,,,,,0.004743618,0.000412787,,,,,,,,,,,,,270K,4.848E+18,0.04042,0.006252127,0.02988,0.004890344,0.005571235,0.000680892,,,,,,,,,,,,,,,,,,,,,,,,,,,,,,,,,,,,,,0.000211586,0.001440751,0.001311518,,9.88E-04,,,,,,0.001728061,0.00135167,0.001539865,,,,,,,,,#DIV/0!,,,,,,,,,,,,,,,,,,,,,,,,,,,,
,,,,280K,5.346E+18,,,,,,,,,,,,,,,,,,,,,,,,,280K,4.9995E+18,0.04105,0.006349575,0.02983,0.00488216,0.005615868,0.000733707,,,,,,,,,,,,,,,,,,,,,,,,,,,,,,,,,,,,,,,,,,,,,,,,0.001754995,0.001349408,0.001552201,,,,,,,,,#DIV/0!,,,,,,,,,,,,,,,,,,,,,,,,,,,,
,,,,290K,5.508E+18,0.02911,0.0045041,0.01166,0.002165676,0.02784,0.004840897,,,,,0.003836891,0.001457079,,,,,,,,,,,,,290K,5.151E+18,0.04093,0.006331013,0.03172,0.005191489,0.005761251,0.000569762,,,,,,,,,,,,,,,,,,,,,,,,,,,,,,,,,,,,,,0.000219113,0.000603201,0.001348325,,7.24E-04,,,,,,0.001749864,0.001434905,0.001592385,,,,,,,,,#DIV/0!,,,,,,,,,,,,,,,,,,,,,,,,,,,,
,,,,300K,5.67E+18,,,,,,,,,,,,,,,,,,,,,,,,,300K,5.3025E+18,0.04223,0.006532096,0.03348,0.005479542,0.006005819,0.000526277,,,,,,,,,,,,,,,,,,,,,,,,,,,,,,,,,,,,,,,,,,,,,,,,0.001805443,0.001514521,0.001659982,,,,,,,,,#DIV/0!,,,,,,,,,,,,,,,,,,,,,,,,,,,,
,,,,310K,5.832E+18,0.02623,0.004058487,0.0061,0.001132987,0.02795,0.004860024,,,,,0.003350499,0.001961794,,,,,,,,,,,,,310K,5.454E+18,0.03996,0.006180974,0.03089,0.005055646,0.00561831,0.000562664,,,,,,,,,,,,,,,,,,,,,,,,,,,,,,,,,,,,,,0.000197435,0.000315568,0.001353653,,6.22E-04,,,,,,0.001708394,0.001397359,0.001552877,,,,,,,,,#DIV/0!,,,,,,,,,,,,,,,,,,,,,,,,,,,,
,,,,,,,,,,,,,,,,,,,,,,,,,,,,,,,,,,,,,,,,,,,,,,,,,,,,,,,,,,,,,,,,,,,,,,,,,,,,,,,,,,,,,,,,,,,,,,,,,,,,,,,,,,,,,,,,,,,,,,,,,,,,
,,,,,,,,,,,,,,,,,,,,,,,,,,,,,,,,,,,,,,,,,,,,,,,,,,,,,,,,,,,,,,,,,,,,,,,,,,,,,,,,,,,,,,,,,,,,,,,,,,,,,,,,,,,,,,,,,,,,,,,,,,,,
,,,,,,,,,,,,,,,,,,,,,,,,,,,,,,,,,,,,,,,,,,,,,,,,,,,,,,,,,,,,,,,,,,,,,,,,,,,,,,,,,,,,,,,,,,,,,,,,,,,,,,,,,,,,,,,,,,,,,,,,,,,,
,,,,,,,,,,,,,,,,,,,,,,,,,,,,,,,,,,,,,,,,,,,,,,,,,,,,,,,,,,,,,,,,,,,,,,,,,,,,,,,,,,,,,,,,,,,,,,,,,,,,,,,,,,,,,,,,,,,,,,,,,,,,
,,,,,,,,,,,,,,,,,,,,,,,,,,,,,,,,,,,,,,,,,,,,,,,,,,,,,,,,,,,,,,,,,,,,,,,,,,,,,,,,,,,,,,,,,,,,,,,,,,,,,,,,,,,,,,,,,,,,,,,,,,,,
,,,,,,,,,,,,,,,,,,,,,,,,,,,,,,,,,,,,,,,,,,,,,,,,,,,,,,,,,,,,,,,,,,,,,,,,,,,,,,,,,,,,,,,,,,,,,,,,,,,,,,,,,,,,,,,,,,,,,,,,,,,,
,,,,,,,,,,,,,,,,,,,,,,,,,,,,,,,,,,,,,,,,,,,,,,,,,,,,,,,,,,,,,,,,,,,,,,,,,,,,,,,,,,,,,,,,,,,,,,,,,,,,,,,,,,,,,,,,,,,,,,,,,,,,
,,,,,,,,,,,,,,,,,,,,,,,,,,,,,,,,,,,,,,,,,,,,,,,,,,,,,,,,,,,,,,,,,,,,,,,,,,,,,,,,,,,,,,,,,,,,,,,,,,,,,,,,,,,,,,,,,,,,,,,,,,,,
,,,,,,,,,,,,,,,,,,,,,,,,,,,,,,,,,,,,,,,,,,,,,,,,,,,,,,,,,,,,,,,,,,,,,,,,,,,,,,,,,,,,,,,,,,,,,,,,,,,,,,,,,,,,,,,,,,,,,,,,,,,,
,,,,,,,,,,,,,,,,,,,,,,,,,,,,,,,,,,,,,,,,,,,,,,,,,,,,,,,,,,,,,,,,,,,,,,,,,,,,,,,,,,,,,,,,,,,,,,,,,,,,,,,,,,,,,,,,,,,,,,,,,,,,
,,,,,,,,,,,,,,,,,,,,,,,,,,,,,,,,,,,,,,,,,,,,,,,,,,,,,,,,,,,,,,,,,,,,,,,,,,,,,,,,,,,,,,,,,,,,,,,,,,,,,,,,,,,,,,,,,,,,,,,,,,,,
,,,,,,,,,,,,,,,,,,,,,,,,,,,,,,,,,,,,,,,,,,,,,,,,,,,,,,,,,,,,,,,,,,,,,,,,,,,,,,,,,,,,,,,,,,,,,,,,,,,,,,,,,,,,,,,,,,,,,,,,,,,,
,,,,,,,,,,,,,,,,,,,,,,,,,,,,,,,,,,,,,,,,,,,,,,,,,,,,,,,,,,,,,,,,,,,,,,,,,,,,,,,,,,,,,,,,,,,,,,,,,,,,,,,,,,,,,,,,,,,,,,,,,,,,
,,,,,,,,,,,,,,,,,,,,,,,,,,,,,,,,,,,,,,,,,,,,,,,,,,,,,,,,,,,,,,,,,,,,,,,,,,,,,,,,,,,,,,,,,,,,,,,,,,,,,,,,,,,,,,,,,,,,,,,,,,,,
,,,,,,,,,,,,,,,,,,,,,,,,,,,,,,,,,,,,,,,,,,,,,,,,,,,,,,,,,,,,,,,,,,,,,,,,,,,,,,,,,,,,,,,,,,,,,,,,,,,,,,,,,,,,,,,,,,,,,,,,,,,,
,,,,,,,,,,,,,,,,,,,,,,,,,,,,,,,,,,,,,,,,,,,,,,,,,,,,,,,,,,,,,,,,,,,,,,,,,,,,,,,,,,,,,,,,,,,,,,,,,,,,,,,,,,,,,,,,,,,,,,,,,,,,
,,,,,,,,,,,,,,,,,,,,,,,,,,,,,,,,,,,,,,,,,,,,,,,,,,,,,,,,,,,,,,,,,,,,,,,,,,,,,,,,,,,,,,,,,,,,,,,,,,,,,,,,,,,,,,,,,,,,,,,,,,,,
,,,,,,,,,,,,,,,,,,,,,,,,,,,,,,,,,,,,,,,,,,,,,,,,,,,,,,,,,,,,,,,,,,,,,,,,,,,,,,,,,,,,,,,,,,,,,,,,,,,,,,,,,,,,,,,,,,,,,,,,,,,,
,,,,,,,,,,,,,,,,,,,,,,,,,,,,,,,,,,,,,,,,,,,,,,,,,,,,,,,,,,,,,,,,,,,,,,,,,,,,,,,,,,,,,,,,,,,,,,,,,,,,,,,,,,,,,,,,,,,,,,,,,,,,
,,,,,,,,,,,,,,,,,,,,,,,,,,,,,,,,,,,,,,,,,,,,,,,,,,,,,,,,,,,,,,,,,,,,,,,,,,,,,,,,,,,,,,,,,,,,,,,,,,,,,,,,,,,,,,,,,,,,,,,,,,,,
,,,,,,,,,,,,,,,,,,,,,,,,,,,,,,,,,,,,,,,,,,,,,,,,,,,,,,,,,,,,,,,,,,,,,,,,,,,,,,,,,,,,,,,,,,,,,,,,,,,,,,,,,,,,,,,,,,,,,,,,,,,,
,,,,,,,,,,,,,,,,,,,,,,,,,,,,,,,,,,,,,,,,,,,,,,,,,,,,,,,,,,,,,,,,,,,,,,,,,,,,,,,,,,,,,,,,,,,,,,,,,,,,,,,,,,,,,,,,,,,,,,,,,,,,
,,,,,,,,,,,,,,,,,,,,,,,,,,,,,,,,,,,,,,,,,,,,,,,,,,,,,,,,,,,,,,,,,,,,,,,,,,,,,,,,,,,,,,,,,,,,,,,,,,,,,,,,,,,,,,,,,,,,,,,,,,,,
,,,,,,,,,,,,,,,,,,,,,,,,,,,,,,,,,,,,,,,,,,,,,,,,,,,,,,,,,,,,,,,,,,,,,,,,,,,,,,,,,,,,,,,,,,,,,,,,,,,,,,,,,,,,,,,,,,,,,,,,,,,,
,,,,,,,,,,,,,,,,,,,,,,,,,,,,,,,,,,,,,,,,,,,,,,,,,,,,,,,,,,,,,,,,,,,,,,,,,,,,,,,,,,,,,,,,,,,,,,,,,,,,,,,,,,,,,,,,,,,,,,,,,,,,
,,,,,,,,,,,,,,,,,,,,,,,,,,,,,,,,,,,,,,,,,,,,,,,,,,,,,,,,,,,,,,,,,,,,,,,,,,,,,,,,,,,,,,,,,,,,,,,,,,,,,,,,,,,,,,,,,,,,,,,,,,,,
,,,,,,,,,,,,,,,,,,,,,,,,,,,,,,,,,,,,,,,,,,,,,,,,,,,,,,,,,,,,,,,,,,,,,,,,,,,,,,,,,,,,,,,,,,,,,,,,,,,,,,,,,,,,,,,,,,,,,,,,,,,,
,,,,,,,,,,,,,,,,,,,,,,,,,,,,,,,,,,,,,,,,,,,,,,,,,,,,,,,,,,,,,,,,,,,,,,,,,,,,,,,,,,,,,,,,,,,,,,,,,,,,,,,,,,,,,,,,,,,,,,,,,,,,
,,,,,,,,,,,,,,,,,,,,,,,,,,,,,,,,,,,,,,,,,,,,,,,,,,,,,,,,,,,,,,,,,,,,,,,,,,,,,,,,,,,,,,,,,,,,,,,,,,,,,,,,,,,,,,,,,,,,,,,,,,,,
,,,,,,,,,,,,,,,,,,,,,,,,,,,,,,,,,,,,,,,,,,,,,,,,,,,,,,,,,,,,,,,,,,,,,,,,,,,,,,,,,,,,,,,,,,,,,,,,,,,,,,,,,,,,,,,,,,,,,,,,,,,,
,,,,,,,,,,,,,,,,,,,,,,,,,,,,,,,,,,,,,,,,,,,,,,,,,,,,,,,,,,,,,,,,,,,,,,,,,,,,,,,,,,,,,,,,,,,,,,,,,,,,,,,,,,,,,,,,,,,,,,,,,,,,
Production/Sublimation 1460,,,,,,,,,,,,,,,,,,,,,,,,,,,,,,,,,,,,,,,,,,,,,,,,,,,,,,,,,,,,,,,,,,,,,,,,,,,,,,,,,,,,,,,,,,,,,,,,,,,,,,,,,,,,,,,,,,,,,,,,,,,,
100% Methanol,,,,,,,,,,,,,,,,,,,,,,,,,,,,,,,,,,,,,,11-16% Methanol,,,,,,,,,,,,,,,,,,,,,,,,,,,,,,,,,,,,1460 cm-1,,,,,,,,,,,,,,,,,,,,,,,,,,,,,,,,,,,,,,,,,,,,,,,,,,
0min 100W,,,,60min 100W,,,,,,,,,,,,,,0min 50W,,,,,,,,,,,,75min 50W,,,,,,,,0 min 100W,,,,,,,,60 min 100W,,,,,,,,,,,,,,0min 50W,,,,,,,,75min 50W,,,,,,0 min 100W 100%,60 min 100W 100%,,,,,0 min 50W 100%,,,,,75 min 50W 100%,,,0min 100W 11-16%,,,60min 100W 11-16%,,,,,,0min 50W 11-16%,,,75min 50W 11-16%,,,,1460,,,,,,,,,,,,,,,,,,,,
,,110923,,,,101223,,092823 - IR out,,91523,,83123,,102824,,Average,st. dev.,,,010324 -2nd good,,122123 -power surge,,122723 -purge,,121823 -oscillate,,Average,st. dev.,,,010523,,122923 -purge,,Average,st. dev.,,,81524,,81624,,Average,st. dev.,,,71824,,090324 -purge,,92424,,100824 -purge,,101524,,Average,st. dev.,,,82724,,083024 -purge,,Average,st. dev.,,,91724,,,,110923,101223,92823,91523,83123,ave,10324,122123,122723,121823,ave,10524,122923,ave,81524,81624,ave,71824,90324,92424,100824,101524,ave,82724,83024,ave,91724,,,,100%,,,,14-19%,,,,,,,,,,,,,,,,
Temp,Fluence,Integrated Absorbance,Normalized,Time/Temp,Fluence,Integrated Absorbance,Normalized,Integrated Absorbance,Normalized,Integrated Absorbance,Normalized,Integrated Absorbance,Normalized,Integrated Absorbance,Normalized,Normalized,Normalized,Temp,Fluence,Integrated Absorbance,Normalized,Integrated Absorbance,Normalized,Integrated Absorbance,Normalized,Integrated Absorbance,Normalized,Normalized,Normalized,Time/Temp,Fluence,Integrated Absorbance,Normalized,Integrated Absorbance,Normalized,Normalized,Normalized,Temp,Fluence,Integrated Absorbance,Normalized,Integrated Absorbance,Normalized,Normalized,Normalized,Time/Temp,Fluence,Integrated Absorbance,Normalized,Integrated Absorbance,Normalized,Integrated Absorbance,Normalized,Integrated Absorbance,Normalized,Integrated Absorbance,Normalized,Normalized,Normalized,Temp,Fluence,Integrated Absorbance,Normalized,Integrated Absorbance,Normalized,Normalized,Normalized,Time/Temp,Fluence,Integrated Absorbance,Normalized,,,Propagated 1sigma error,Propagated 1sigma error,Propagated 1sigma error,Propagated 1sigma error,Propagated 1sigma error,Propagated 1sigma error,Propagated 1sigma error,Propagated 1sigma error,Propagated 1sigma error,Propagated 1sigma error,Propagated 1sigma error,Propagated 1sigma error,Propagated 1sigma error,Propagated 1sigma error,Propagated 1sigma error,Propagated 1sigma error,Propagated 1sigma error,Propagated 1sigma error,Propagated 1sigma error,Propagated 1sigma error,Propagated 1sigma error,Propagated 1sigma error,Propagated 1sigma error,Propagated 1sigma error,Propagated 1sigma error,Propagated 1sigma error,Propagated 1sigma error,,fluence,normalized absorbance,temp,fluence,norm. int. absorbance,error,temp,fluence,norm. int. absorbance,error,,,,,,,,,,,,,
,,,,,,,,,,,,,,,,,,,,,,,,,,,,,,,,,,,,,,,,,,,,,,,,,,,,,,,,,,,,,,,,,,,,,,,,,,,,,,,,,,,,,,,,,,,,,,,,,,,,,,,,20,1.54E+17,0.006097943,0.001698448,20,1.54E+17,0.007455293,0.002076508,,,,,,,,,,,,,
20K,1.62E+17,0.0354,0.005470561,10,1.62E+17,0.04247,0.006571252,0.0234,0.004346211,0.02123,0.003691532,0.0024,0.000891067,,,0.004869665,0.00234018,20K,1.515E+17,0.03679,0.005335751,0.03267,0.005117481,0.02861,0.004229746,0.03451,0.00518246,0.004966359,0.000499529,12.5,1.515E+17,0.02849,0.004406806,0.02794,0.004572831,0.004489819,8.30128E-05,20K,1.62E+17,0.0034,0.004040404,-0.0007,-0.000680074,0.004040404,0.003337882,10,1.62E+17,0.0053,0.004846379,0.0078,0.010416667,0.0038,0.004044705,0.0011,0.001270648,0.0027,0.002774068,0.004670493,0.003485557,20K,1.515E+17,0.0054,0.007802341,0.0043,0.004930627,0.006366484,0.002030608,12.5,1.515E+17,0.0011,0.001268012,,,0.001523704,0.000319675,0.001210541,0.001028195,0.000248187,8.53E-04,0.001486156,0.001425362,0.001178103,0.001432409,0.001380507,0.001218022,0.001263911,0.001240966,0.001125366,0.00018942,0.000657393,0.001349852,0.002901333,0.001126563,0.000353911,0.000772655,0.001300863,0.00217317,0.001373318,0.001773244,0.000353177,,1.62E+17,0.004869665,50,6.17E+17,0.007965827,0.002218706,50,6.17E+17,0.010463332,0.002914331,,,,,,,,,,,,,
30K,3.24E+17,0.04418,0.006827384,20,3.24E+17,0.04426,0.006848213,0.02038,0.00378529,0.03104,0.005397322,0.0081,0.003007351,,,0.005343608,0.001711593,30K,3.03E+17,0.04341,0.006295867,0.04157,0.006511591,0.04046,0.005981668,0.04376,0.006571557,0.006340171,0.000266716,25,3.03E+17,0.03802,0.005880897,0.03359,0.005497545,0.005689221,0.000191676,30K,3.24E+17,0.0029,0.003446227,0.001,0.000971534,0.003446227,0.001749872,20,3.24E+17,0.0034,0.003108998,0.0051,0.006810897,0.0073,0.00777009,0.0038,0.004389511,0.0032,0.003287784,0.005073456,0.00210986,30K,3.03E+17,0.0055,0.007946828,0.0057,0.006535948,0.007241388,0.000997643,25,3.03E+17,0.002,0.002305476,,,0.001901617,0.000333148,0.001054309,0.001503305,0.000837631,9.64E-04,0.001753575,0.00181366,0.001666062,0.00181635,0.001762412,0.001625454,0.001519497,0.001572476,0.000959871,0.000270599,0.000615235,0.000865943,0.001897026,0.002164188,0.001222602,0.00091574,0.0014131,0.002213414,0.001820444,0.002016929,0.000642139,,3.24E+17,0.005343608,100,1.39E+18,0.008656495,0.002411076,70,9.26E+17,0.003658537,0.001019005,,,,,,,,,,,,,
40K,4.86E+17,0.04923,0.007607789,30,4.86E+17,0.04455,0.006893084,0.0322,0.005980684,0.03812,0.006628412,0.01037,0.003850152,,,0.006500727,0.001379595,40K,4.545E+17,0.05113,0.007415518,0.04593,0.007194549,0.04835,0.007148137,0.05057,0.007594233,0.007338109,0.000206794,37.5,4.545E+17,0.03941,0.006095901,0.03975,0.006505728,0.006300815,0.000204914,40K,4.86E+17,0.0065,0.007724302,0.0027,0.002623142,0.007724302,0.003607065,30,4.86E+17,0.0023,0.002103146,0.0022,0.002938034,0.008,0.008515168,0.0031,0.003580917,0.0031,0.003185041,0.004064461,0.002546153,40K,4.545E+17,0.003,0.004334634,0.0093,0.010663915,0.007499274,0.004475477,37.5,4.545E+17,0.0029,0.003342939,,,0.002118982,0.000335331,0.001665788,0.001846198,0.001072375,1.28E-03,0.002065429,0.002003883,0.001990956,0.002099013,0.00203982,0.00168488,0.001798155,0.001741518,0.002151434,0.000730618,0.001441026,0.000585785,0.000818325,0.002371712,0.000997386,0.000887123,0.001132066,0.001207317,0.002970199,0.002088758,0.000931102,,4.86E+17,0.006500727,130,1.85E+18,0.009056435,0.002522471,100,1.39E+18,0.00619489,0.001728381,,,,,,,,,,,,,
50K,6.48E+17,0.05363,0.008287745,40,6.48E+17,0.04358,0.006742999,0.03735,0.006937221,0.03711,0.006452791,0.0386,0.014331328,,,0.006711004,0.003815359,50K,6.06E+17,0.05506,0.007985497,0.05132,0.008038847,0.05714,0.008447664,0.05609,0.008423187,0.008223799,0.000245538,50,6.06E+17,0.04371,0.006761021,0.04244,0.00694599,0.006853506,9.24846E-05,50K,6.48E+17,0.009,0.010695187,0.006,0.005829204,0.010695187,0.003440769,40,6.48E+17,0.0033,0.003017557,0.0082,0.010950855,0.0012,0.001277275,0.0006,0.000693081,0.0004,0.000410973,0.003269948,0.004411484,50K,6.06E+17,0.0029,0.004190146,0.013,0.014906547,0.009548347,0.00757764,50,6.06E+17,0.0037,0.00426513,,,0.002308369,0.00032803,0.00193221,0.001797283,0.003991676,1.35E-03,0.002224184,0.002239044,0.002352911,0.002328132,0.002286068,0.001868717,0.001919841,0.001894279,0.002978909,0.001623597,0.002301253,0.000840474,0.003050119,0.000355757,0.000193042,0.000114467,0.000910772,0.001167073,0.004151891,0.002659482,0.001187958,,6.48E+17,0.006711004,150,2.16E+18,0.002226891,0.000620251,130,1.85E+18,0.000984197,0.000274127,,,,,,,,,,,,,
60K,8.1E+17,0.05598,0.008650904,50,8.1E+17,,,0.04573,0.008493685,0.03824,0.006649278,0.0239,0.008873543,,,0.007571482,0.001189781,60K,7.575E+17,0.05579,0.008091371,0.05453,0.008541667,0.06015,0.008892667,0.05852,0.008788106,0.008578453,0.000356505,62.5,7.575E+17,0.0475,0.007347254,0.04262,0.00697545,0.007161352,0.000185902,60K,8.1E+17,0.0106,0.012596554,0.0078,0.007577966,0.012596554,0.003548678,50,8.1E+17,0.0043,0.003931968,0.00124,0.001655983,0.0038,0.004044705,0.0026,0.00300335,0.002,0.002054865,0.002938174,0.001077095,60K,7.575E+17,0.0037,0.005346048,0.0192,0.022015824,0.013680936,0.011787311,62.5,7.575E+17,0.0018,0.002074928,,,0.002409519,,0.002365729,0.00185201,0.00247153,2.11E-03,0.002253673,0.002379093,0.002476857,0.002428994,0.002384654,0.002030749,0.001927984,0.001979367,0.003508493,0.002110675,0.002809584,0.001095163,0.000461238,0.001126563,0.000836517,0.000572337,0.000818364,0.001489024,0.006132023,0.003810524,0.000577925,,8.1E+17,0.007571482,,,,,150,2.16E+18,0.002268694,0.000631895,,,,,,,,,,,,,
70K,9.72E+17,0.05702,0.008811621,60,9.72E+17,0.04314,0.006674919,0.05446,0.010115156,0.03768,0.006551904,0.0276,0.010247271,,,0.00778066,0.002061189,70K,9.09E+17,0.05921,0.008587382,0.05529,0.008660714,0.06229,0.009209048,0.05911,0.008876708,0.008833463,0.000278886,75,9.09E+17,0.04837,0.007481825,0.04249,0.006954173,0.007217999,0.000263826,70K,9.72E+17,0.0138,0.016399287,0.0104,0.010103954,0.016399287,0.004451473,60,9.72E+17,0.0024,0.002194587,0.0178,0.023771368,0.0062,0.006599255,0.0059,0.006815294,0.0015,0.001541149,0.00818433,0.009046427,70K,9.09E+17,0.0076,0.010981072,0.0194,0.022245155,0.016613114,0.00796491,75,9.09E+17,0.0015,0.001729107,,,0.002454283,0.000324718,0.002817354,0.001824889,0.002854152,1.66E-03,0.002391826,0.002412251,0.002564978,0.002453483,0.002455635,0.002067944,0.001922103,0.001995024,0.00456766,0.002814234,0.003690947,0.000611254,0.006620991,0.001838077,0.00189825,0.000429253,0.002279565,0.003058536,0.006195898,0.004627217,0.000481605,,9.72E+17,0.00778066,,,,,,,,,,,,,,,,,,,,,
80K,1.134E+18,0.05601,0.00865554,20K,1.134E+18,,,,,,,,,,,,,80K,1.0605E+18,0.0562,0.008150834,0.05629,0.008817356,0.06219,0.009194264,0.05889,0.00884367,0.008751531,0.000435764,20K,1.0605E+18,0.04762,0.007365816,0.04564,0.007469722,0.007417769,5.19529E-05,80K,1.134E+18,0.015,0.017825312,0.0112,0.010881181,0.017825312,0.004910242,20K,1.134E+18,,0.002606072,0.0216,0.028846154,0.0034,0.003618946,0.0053,0.006122213,-0.0002,-0.000205486,0.00819758,0.011763409,80K,1.0605E+18,0.0094,0.013581852,0.0208,0.023850476,0.018716164,0.007261013,20K,1.0605E+18,0.0019,0.002190202,,,0.00241081,,,,,,0.002270235,0.00245588,0.00256086,0.002444352,0.002432832,0.002035879,0.002064599,0.002050239,0.004964848,0.003030714,0.003997781,,0.008034461,0.001007978,0.001705208,5.72337E-05,0.00270122,0.003782926,0.006643025,0.005212975,0.000610032,,1.296E+18,0.008052606,,,,,,,,,,,,,,,,,,,,,
90K,1.296E+18,0.05579,0.008621542,30K,1.296E+18,0.04356,0.006739904,0.05546,0.010300892,0.04093,0.007117023,0.0304,0.011286849,,,0.008052606,0.002272923,90K,1.212E+18,0.05274,0.007649021,0.05335,0.00835683,0.06229,0.009209048,0.05645,0.008477249,0.008423037,0.00063881,30K,1.212E+18,0.0499,0.007718484,0.04972,0.00813748,0.007927982,0.000209498,90K,1.296E+18,0.0162,0.019251337,0.0125,0.012144176,0.019251337,0.005025522,30K,1.296E+18,0.0033,0.003017557,0.0227,0.030315171,0.0058,0.006173497,0.0059,0.006815294,-0.0002,-0.000205486,0.009223206,0.012117963,90K,1.212E+18,0.0091,0.013148389,0.021,0.024079807,0.018614098,0.00772968,30K,1.212E+18,0.0043,0.004956772,,,0.002401341,0.000327879,0.002869087,0.00198229,0.003143703,1.73E-03,0.002130466,0.002327611,0.002564978,0.002343075,0.002341532,0.002133355,0.002249164,0.00219126,0.005362036,0.003382493,0.004372264,0.000840474,0.008443623,0.001719492,0.00189825,5.72337E-05,0.002591815,0.003662194,0.0067069,0.005184547,0.0013806,,1.62E+18,0.008763859,,,,,,,,,,,,,,,,,,,,,
100K,1.458E+18,0.0516,0.007974038,40K,1.458E+18,,,,,,,,,,,,,100K,1.3635E+18,0.05062,0.007341552,0.05277,0.008265977,0.06221,0.009197221,0.05356,0.00804325,0.008212,0.000765883,40K,1.3635E+18,0.05571,0.008617169,0.05601,0.009166939,0.008892054,0.000274885,100K,1.458E+18,0.0168,0.019964349,0.0137,0.013310017,0.019964349,0.004705324,40K,1.458E+18,,0.004983541,0.0259,0.034588675,0.0005,0.000532198,0.0053,0.006122213,0.0005,0.000513716,0.009348069,0.014337964,100K,1.3635E+18,0.0098,0.014159804,0.0254,0.0291251,0.021642452,0.010582063,40K,1.3635E+18,0.0055,0.006340058,,,0.002220993,,,,,,0.002044828,0.002302306,0.002561683,0.002223119,0.002282984,0.002381748,0.002533702,0.002457725,0.00556063,0.003707212,0.004633921,,0.009633914,0.000148232,0.001705208,0.000143084,0.00290761,0.003943902,0.008112155,0.006028028,0.001765883,,1.944E+18,0.011153741,,,,,,,,,,,,,,,,,,,,,
110K,1.62E+18,0.05638,0.008712718,50K,1.62E+18,0.04862,0.007522822,0.05236,0.009725111,0.05201,0.009043645,0.0021,0.000779684,,,0.008763859,0.004096859,110K,1.515E+18,0.05225,0.007577955,0.05744,0.008997494,0.06541,0.009670313,0.05585,0.008387145,0.008658227,0.000890673,50K,1.515E+18,0.05732,0.008866203,0.06052,0.009905074,0.009385638,0.000519436,110K,1.62E+18,0.0161,0.019132501,0.0159,0.015447391,0.019132501,0.002605766,50K,1.62E+18,0.0076,0.006949525,0.031,0.041399573,-0.0023,-0.002448111,0.0066,0.007623888,0.0047,0.004828932,0.011670761,0.017092562,110K,1.515E+18,0.0144,0.020806242,0.0237,0.027175783,0.023991012,0.004503945,50K,1.515E+18,0.0075,0.008645533,,,0.002426736,0.000365966,0.002708716,0.002518908,0.000217164,1.86E-03,0.002110673,0.002506054,0.002693453,0.00231817,0.002407087,0.00245058,0.002737719,0.002594149,0.005328937,0.004302531,0.004815734,0.001935637,0.011530939,0.000681867,0.002123466,0.001344993,0.003523381,0.005795121,0.007569216,0.006682168,0.002408023,,2.268E+18,0.010033076,,,,,,,,,,,,,,,,,,,,,
120K,1.782E+18,0.07658,0.011834338,60K,1.782E+18,,,,,,,,,,,,,120K,1.6665E+18,0.07491,0.010864394,0.07416,0.011616541,0.08876,0.013122413,0.07197,0.010807929,0.011602819,0.001078034,60K,1.6665E+18,0.05707,0.008827533,0.06162,0.010085106,0.00945632,0.000628787,120K,1.782E+18,0.0181,0.02150921,0.0177,0.017196153,0.02150921,0.003049792,60K,1.782E+18,,0.007086686,0.0182,0.024305556,0.00417,0.004438531,0.0078,0.00901005,0.0049,0.005034419,0.009975048,0.008211275,120K,1.6665E+18,0.0154,0.02225112,0.019,0.021786492,0.022018806,0.000328541,60K,1.6665E+18,0.0079,0.009106628,,,0.003296194,,,,,,0.003026038,0.003235532,0.003654959,0.002987265,0.003225948,0.002439892,0.002787479,0.002613686,0.005990917,0.00478961,0.005390263,,0.006769777,0.001236255,0.002509551,0.001402227,0.002979453,0.00619756,0.006068148,0.006132854,0.002536451,,2.592E+18,0.008980448,,,,,,,,,,,,,,,,,,,,,
130K,1.944E+18,0.09014,0.013929841,70K,1.944E+18,0.05025,0.007775027,0.08408,0.015616642,0.05791,0.010069553,0.0176,0.006534492,,,0.011153741,0.004021266,130K,1.818E+18,0.09512,0.013795504,0.10062,0.015761278,0.1184,0.017504435,0.09363,0.01406067,0.015280472,0.001719519,70K,1.818E+18,0.0564,0.008723898,0.06697,0.01096072,0.009842309,0.001118411,130K,1.944E+18,0.0187,0.022222222,0.0155,0.015058778,0.022222222,0.00506532,70K,1.944E+18,0.0079,0.007223848,0.0373,0.049813034,0.00628,0.006684407,0.01,0.011551346,0.0047,0.004828932,0.016020313,0.019050614,130K,1.818E+18,0.0166,0.023984973,0.0094,0.01077858,0.017381777,0.00933833,70K,1.818E+18,0.0105,0.012103746,,,0.00387985,0.000378235,0.004349672,0.002804652,0.001820039,2.51E-03,0.003842434,0.004389957,0.004875475,0.003886308,0.004248543,0.002411247,0.003029495,0.002720371,0.006189511,0.004194291,0.005191901,0.002012044,0.013874324,0.001861794,0.003217373,0.001344993,0.004462106,0.006680486,0.003002136,0.004841311,0.003371232,,2.916E+18,0.012464452,,,,,,,,,,,,,,,,,,,,,
140K,2.106E+18,0.08364,0.012925359,80K,2.106E+18,,,,,,,,,,,,,140K,1.9695E+18,0.09693,0.014058013,0.10106,0.015830201,0.1269,0.018761088,0.10272,0.01542574,0.01601876,0.001979236,80K,1.9695E+18,0.05636,0.008717711,0.0683,0.011178396,0.009948053,0.001230343,140K,2.106E+18,0.0175,0.020796197,0.0125,0.012144176,0.020796197,0.006117903,80K,2.106E+18,,0.008732626,0.036,0.048076923,0.00918,0.009771155,0.0105,0.012128913,0.0072,0.007397514,0.017221426,0.017335447,140K,1.9695E+18,0.0122,0.01762751,0.0135,0.015479876,0.016553693,0.001518607,80K,1.9695E+18,0.0129,0.014870317,,,0.003600074,,,,,,0.00391555,0.004409154,0.005225488,0.004263607,0.00445345,0.002409537,0.00308966,0.002749599,0.005792323,0.003382493,0.004587408,,0.013390768,0.00272154,0.003378242,0.002060415,0.005387741,0.004909755,0.004311579,0.004610667,0.004141799,,3.24E+18,0.009432683,,,,,,,,,,,,,,,,,,,,,
150K,2.268E+18,0.05763,0.008905888,90K,2.268E+18,0.04931,0.007629584,0.0687,0.01276003,0.05584,0.009709616,0.0658,0.024430088,,,0.010033076,0.007500514,150K,2.121E+18,0.0491,0.007121102,0.0608,0.00952381,0.0734,0.010851567,0.06542,0.009824298,0.009330194,0.001578637,90K,2.121E+18,0.05473,0.008465584,0.06575,0.010761047,0.009613316,0.001147732,150K,2.268E+18,0.0131,0.015567439,0.0096,0.009326727,0.015567439,0.00441285,90K,2.268E+18,0.0112,0.010241405,0.036,0.048076923,0.0079,0.008408728,0.0121,0.013977128,0.0096,0.009863351,0.018113507,0.016875528,150K,2.121E+18,0.0096,0.013870828,0.0077,0.008829263,0.011350045,0.003564925,90K,2.121E+18,0.0153,0.017636888,,,0.002480539,0.00037116,0.003554025,0.0027044,0.006804463,2.21E-03,0.001983426,0.002652647,0.003022465,0.002715393,0.002593483,0.00233985,0.002974307,0.002657079,0.004335967,0.002597754,0.003466861,0.002852518,0.013390768,0.002342066,0.003893021,0.002747219,0.005045119,0.003863414,0.002459197,0.003161305,0.004912367,,3.564E+18,0.008264689,,,,,,,,,,,,,,,,,,,,,
160K,2.43E+18,0.05793,0.008952248,100K,2.43E+18,,,,,,,,,,,,,160K,2.2725E+18,0.0447,0.006482959,0.0585,0.009163534,0.0694,0.010260201,0.0595,0.008935276,0.008710492,0.001593662,100K,2.2725E+18,0.05208,0.008055684,0.06476,0.010599018,0.009327351,0.001271667,160K,2.43E+18,0.0107,0.012715389,0.0081,0.007869426,0.012715389,0.003426614,100K,2.43E+18,,0.01147586,0.0464,0.061965812,0.00899,0.00956892,0.0148,0.017095992,0.011,0.011301757,0.022281668,0.022364371,160K,2.2725E+18,0.0117,0.016905072,0.0083,0.009517257,0.013211164,0.005223974,100K,2.2725E+18,0.0165,0.019020173,,,0.002493452,,,,,,0.001805685,0.002552301,0.002857753,0.002469671,0.002421353,0.002226556,0.002929522,0.002578039,0.003541592,0.002191855,0.002866724,,0.017259213,0.002665212,0.004761712,0.003147856,0.006958498,0.004708535,0.002650822,0.003679679,0.00529765,,3.888E+18,0.006334373,,,,,,,,,,,,,,,,,,,,,
170K,2.592E+18,0.0532,0.008221295,110K,2.592E+18,0.04976,0.007699211,0.0455,0.008450966,0.06206,0.010791167,0.0629,0.023353382,,,0.008980448,0.007306083,170K,2.424E+18,0.0422,0.006120377,0.05257,0.008234649,0.0662,0.009787108,0.05071,0.007615258,0.007939348,0.001518235,110K,2.424E+18,0.05504,0.008513534,0.068,0.011129296,0.009821415,0.001307881,170K,2.592E+18,0.0087,0.010338681,0.0038,0.003691829,0.010338681,0.004700034,110K,2.592E+18,0.0139,0.012710315,0.0367,0.049011752,0.01036,0.011027142,0.0159,0.01836664,0.0142,0.014589541,0.021141078,0.015817428,170K,2.424E+18,0.0077,0.01112556,0.0083,0.009517257,0.010321409,0.001137242,110K,2.424E+18,0.0187,0.021556196,,,0.002289861,0.000374547,0.00235383,0.003005642,0.00650457,1.91E-03,0.001704696,0.00229358,0.002725984,0.002104824,0.002207271,0.002353104,0.003076089,0.002714596,0.002879612,0.001028278,0.001953945,0.003540178,0.013651144,0.003071368,0.005115623,0.004063595,0.005888382,0.00309878,0.002650822,0.002874801,0.006004004,,4.212E+18,0.005216989,,,,,,,,,,,,,,,,,,,,,
180K,2.754E+18,0.04728,0.007306444,120K,2.754E+18,,,,,,,,,,,,,180K,2.5755E+18,0.0362,0.005250181,0.04693,0.00735119,0.0631,0.0093288,0.04848,0.007280372,0.007302636,0.001665409,120K,2.5755E+18,0.06087,0.009415313,0.07073,0.011576105,0.010495709,0.001080396,180K,2.754E+18,0.0063,0.007486631,0.0031,0.003011756,0.007486631,0.003164215,120K,2.754E+18,,0.012390271,0.0412,0.055021368,0.01,0.01064396,0.0174,0.020099342,0.0138,0.014178568,0.022466701,0.018543297,180K,2.5755E+18,0.0078,0.011270048,0.0021,0.002407981,0.006839014,0.006266428,120K,2.5755E+18,0.0215,0.024783862,,,0.002035049,,,,,,0.001462322,0.002047512,0.002598332,0.002012263,0.002030107,0.002602352,0.003199585,0.002900968,0.002085236,0.000838858,0.001462047,,0.015324991,0.002964641,0.005598229,0.003949128,0.006959247,0.003139024,0.00067069,0.001904857,0.006902999,,4.536E+18,0.004231048,,,,,,,,,,,,,,,,,,,,,
190K,2.916E+18,0.04302,0.006648122,130K,2.916E+18,0.05185,0.00802259,0.08584,0.015943536,0.07722,0.01342723,0.0604,0.022425188,,,0.012464452,0.005976992,190K,2.727E+18,0.0315,0.004568528,0.04192,0.006566416,0.0587,0.008678297,0.04353,0.006537018,0.006587565,0.00167836,130K,2.727E+18,0.07168,0.011087394,0.07201,0.011785597,0.011436496,0.000349102,190K,2.916E+18,0.0047,0.005585264,0.0017,0.001651608,0.005585264,0.002781515,130K,2.916E+18,0.0132,0.012070227,0.0382,0.051014957,0.00981,0.010441724,0.0147,0.016980478,0.0148,0.015206,0.021142677,0.016894828,190K,2.727E+18,0.0075,0.010836584,0.0021,0.002407981,0.006622283,0.005959923,130K,2.727E+18,0.0185,0.021325648,,,0.001851688,0.000390279,0.004440721,0.003739859,0.006246042,2.86E-03,0.001272463,0.001828931,0.002417149,0.001806803,0.001831336,0.003064507,0.003257488,0.003160998,0.001555652,0.000460019,0.001007836,0.003361896,0.014209093,0.002908312,0.004729538,0.004235297,0.005888827,0.003018292,0.00067069,0.001844491,0.00593979,,4.86E+18,0.003999816,,,,,,,,,,,,,,,,,,,,,
200K,3.078E+18,0.04081,0.006306599,140K,3.078E+18,,,,,,,,,,,,,200K,2.8785E+18,0.0269,0.003901378,0.0398,0.006234336,0.0547,0.008086931,0.0393,0.005901787,0.006031108,0.001714661,140K,2.8785E+18,0.07515,0.01162413,,,0.01162413,,200K,3.078E+18,0.0056,0.006654783,-0.0002,-0.000194307,0.006654783,0.004843038,140K,3.078E+18,,0.0082297,0.034,0.045405983,0.00941,0.010015966,0.0137,0.015825344,0.0131,0.013459365,0.018587272,0.015279999,200K,2.8785E+18,0.0066,0.009536194,0.002,0.002293315,0.005914755,0.005121489,140K,2.8785E+18,0.0142,0.016368876,,,0.001756564,,,,,,0.001086643,0.001736437,0.002252437,0.001631228,0.001676686,0.003212859,,0.003212859,0.001853543,5.41199E-05,0.000953832,,0.012646837,0.002789727,0.004407801,0.00374881,0.005898294,0.002656097,0.000638752,0.001647425,0.00455919,,5.184E+18,0.003520314,,,,,,,,,,,,,,,,,,,,,
210K,3.24E+18,0.03672,0.005674548,150K,3.24E+18,0.04837,0.00748414,0.0606,0.011255572,0.05497,0.009558338,0.052,0.019306453,,,0.009432683,0.00517217,210K,3.03E+18,0.022,0.003190718,0.03766,0.005899123,0.0532,0.007865169,0.0367,0.005511338,0.005616587,0.001917626,150K,3.03E+18,0.05563,0.008604795,0.0721,0.011800327,0.010202561,0.001597766,210K,3.24E+18,0.0047,0.005585264,-0.0019,-0.001845915,0.005585264,0.005254637,150K,3.24E+18,0.0048,0.004389173,0.0307,0.040998932,0.00767,0.008163917,0.012,0.013861615,0.0087,0.008938662,0.01527046,0.014772746,210K,3.03E+18,0.0064,0.009247219,0.0035,0.004013301,0.00663026,0.003700938,150K,3.03E+18,0.0113,0.013025937,,,0.00158052,0.000364084,0.003134992,0.002662265,0.005377387,2.05E-03,0.000888704,0.001643071,0.00219067,0.00152331,0.001561439,0.002378328,0.003261559,0.002819943,0.001555652,0.000514139,0.001034896,0.001222508,0.01141935,0.002273879,0.003860848,0.002489668,0.00425325,0.002575609,0.001117817,0.001846713,0.003628088,,5.508E+18,0.002465307,,,,,,,,,,,,,,,,,,,,,
220K,3.402E+18,0.036,0.005563282,160K,3.402E+18,,,,,,,,,,,,,220K,3.1815E+18,0.0184,0.0026686,0.04018,0.00629386,0.0552,0.008160852,0.03464,0.005201982,0.005581323,0.002294161,160K,3.1815E+18,0.0563,0.00870843,0.06901,0.011294599,0.010001515,0.001293085,220K,3.402E+18,0.0039,0.004634581,-0.0033,-0.003206062,0.004634581,0.005544172,160K,3.402E+18,,0.001783102,0.0337,0.045005342,0.00422,0.004491751,0.0124,0.014323669,0.0044,0.004520703,0.014024913,0.017964892,220K,3.1815E+18,0.0049,0.007079902,0.0004,0.000458663,0.003769282,0.004681923,160K,3.1815E+18,0.0086,0.009913545,,,0.00154953,,,,,,0.00074328,0.001753016,0.002273026,0.001437805,0.001551782,0.002406972,0.003121778,0.002764375,0.001290861,0.000892978,0.001091919,,0.012535247,0.001251078,0.003989543,0.001259142,0.004758753,0.001971951,0.00012775,0.001049851,0.0027612,,5.832E+18,0.001680517,,,,,,,,,,,,,,,,,,,,,
230K,3.564E+18,0.0335,0.005176943,170K,3.564E+18,0.0443,0.006854402,0.0474,0.008803863,0.05254,0.009135802,0.0597,0.022165293,,,0.008264689,0.007022785,230K,3.333E+18,0.0198,0.002871646,0.03327,0.005211466,0.0496,0.007332939,0.03548,0.005328127,0.005186045,0.001824503,170K,3.333E+18,0.05245,0.008112916,0.05532,0.00905401,0.008583463,0.000470547,230K,3.564E+18,0.004,0.004753417,-0.0038,-0.003691829,0.004753417,0.005971691,170K,3.564E+18,-0.0009,-0.00082297,0.0295,0.039396368,0.00162,0.001724321,0.0104,0.0120134,0.0026,0.002671324,0.010996489,0.016602472,230K,3.333E+18,0.0042,0.006068487,0.0003,0.000343997,0.003206242,0.004047826,170K,3.333E+18,0.0052,0.005994236,,,0.001441924,0.000333449,0.002452122,0.002544577,0.006173654,1.78E-03,0.000799834,0.001451539,0.002042429,0.001472671,0.001441618,0.002242375,0.002502489,0.002372432,0.00132396,0.001028278,0.001176119,0.00022922,0.010972991,0.000480272,0.003346068,0.000744039,0.003154518,0.001690244,9.58129E-05,0.000893028,0.001669563,,,,,,,,,,,,,,,,,,,,,,,,
240K,3.726E+18,0.032315,0.004993819,180K,3.726E+18,,,,,,,,,,,,,240K,3.4845E+18,0.01575,0.002284264,0.03118,0.004884085,0.0469,0.006933767,0.03127,0.0046959,0.004699504,0.001902577,180K,3.4845E+18,0.04495,0.006952823,0.04387,0.007180033,0.007066428,0.000113605,240K,3.726E+18,0.0033,0.003921569,-0.0027,-0.002623142,0.003921569,0.004627809,180K,3.726E+18,,-0.002240307,0.0308,0.041132479,-0.00389,-0.0041405,0.0092,0.010627238,0.0008,0.000821946,0.009240171,0.018713321,240K,3.4845E+18,0.0037,0.005346048,0.0003,0.000343997,0.002845023,0.003536984,180K,3.4845E+18,0.0039,0.004495677,,,0.001390918,,,,,,0.000636231,0.001360354,0.001931248,0.001297926,0.00130644,0.00192173,0.00198453,0.00195313,0.001092267,0.000730618,0.000911443,,0.011456546,0.001153245,0.002959983,0.000228935,0.003949677,0.001489024,9.58129E-05,0.000792418,0.001252172,,,,,,,,,,,,,,,,,,,,,,,,
250K,3.888E+18,0.03113,0.004810694,190K,3.888E+18,0.03549,0.005491258,0.0334,0.006203566,0.04203,0.007308294,0.0513,0.019046558,,,0.006334373,0.006399902,250K,3.636E+18,0.0161,0.002335025,0.02777,0.004349937,0.0437,0.006460674,0.028,0.004204836,0.004337618,0.001686765,190K,3.636E+18,0.04308,0.006663573,0.03994,0.006536825,0.006600199,6.33741E-05,250K,3.888E+18,0.0042,0.004991087,-0.0024,-0.002331682,0.004991087,0.00517798,190K,3.888E+18,-0.004,-0.003657644,0.036,0.048076923,-0.00918,-0.009771155,0.0062,0.007161834,-0.0002,-0.000205486,0.008320894,0.023050987,250K,3.636E+18,0.003,0.004334634,0.0061,0.006994611,0.005664622,0.001880888,190K,3.636E+18,0.0028,0.003227666,,,0.001339913,0.000267136,0.001727867,0.002035564,0.005304999,1.34E-03,0.00065037,0.001211579,0.001799479,0.001162198,0.001205906,0.001841783,0.00180675,0.001824266,0.001390157,0.000649439,0.001019798,0.001018756,0.013390768,0.00272154,0.001994771,5.72337E-05,0.003836614,0.001207317,0.001948195,0.001577756,0.000898995,,,,,,,,,,,,,,,,,,,,,,,,
260K,4.05E+18,0.0255,0.003940658,200K,4.05E+18,,,,,,,,,,,,,260K,3.7875E+18,0.01304,0.001891226,0.02669,0.004180764,0.0412,0.00609107,0.02527,0.003794864,0.003989481,0.001721803,200K,3.7875E+18,0.03974,0.006146945,0.03627,0.00593617,0.006041558,0.000105387,260K,4.05E+18,0.0023,0.002733214,-0.0042,-0.004080443,0.002733214,0.004817983,200K,4.05E+18,,-0.004983541,0.0276,0.036858974,-0.00955,-0.010164981,0.0067,0.007739402,-0.0019,-0.001952122,0.005499546,0.018703145,260K,3.7875E+18,0.0019,0.002745268,0.0091,0.010434583,0.006589926,0.005437167,200K,3.7875E+18,0.0035,0.004034582,,,0.001097584,,,,,,0.000526759,0.00116446,0.001696534,0.001048884,0.001109159,0.001698989,0.001640732,0.00166986,0.000761277,0.001136518,0.000948897,,0.010266256,0.002831232,0.00215564,0.000543721,0.003949212,0.000764634,0.002906323,0.001835479,0.001123744,,,,,,,,,,,,,,,,,,,,,,,,
270K,4.212E+18,0.02234,0.003452326,210K,4.212E+18,0.03199,0.004949714,,,0.03154,0.005484264,0.098,0.036385238,,,0.005216989,0.017996982,270K,3.939E+18,0.01053,0.001527194,0.02335,0.003657581,0.0407,0.00601715,0.02275,0.003416429,0.003654588,0.001840673,210K,3.939E+18,0.03641,0.005631864,0.0352,0.005761047,0.005696456,6.45918E-05,270K,4.212E+18,0.0016,0.001901367,-0.0056,-0.005440591,0.001901367,0.005191548,210K,4.212E+18,-0.0069,-0.006309437,0.0355,0.047409188,-0.01158,-0.012325705,0.0065,0.007508375,-0.0018,-0.001849378,0.006886608,0.023780413,270K,3.939E+18,0.0028,0.004045658,0.0114,0.013071895,0.008558777,0.006382514,210K,3.939E+18,0.0015,0.001729107,,,0.000961569,0.000240791,0.000195549,0.001527521,0.010134307,6.55E-04,0.000425366,0.001018739,0.001675945,0.000944286,0.001016084,0.001556623,0.001592328,0.001574476,0.000529584,0.001515357,0.00102247,0.001757355,0.013204786,0.003433054,0.002091292,0.000515104,0.004200318,0.001126829,0.003640889,0.002383859,0.000481605,,,,,,,,,,,,,,,,,,,,,,,,
280K,4.374E+18,0.01958,0.003025807,220K,4.374E+18,,,,,,,,,,,,,280K,4.0905E+18,0.00742,0.001076142,0.02096,0.003283208,0.04041,0.005974276,0.02056,0.003087551,0.003355294,0.002010844,220K,4.0905E+18,0.03376,0.005221964,0.034,0.005564648,0.005393306,0.000171342,280K,4.374E+18,0.0031,0.003683898,-0.0027,-0.002623142,0.003683898,0.004459751,220K,4.374E+18,,-0.006629481,0.0308,0.041132479,-0.00674,-0.007174029,0.0075,0.008663509,-0.0044,-0.004520703,0.006294355,0.020522525,280K,4.0905E+18,0.0028,0.004045658,0.0096,0.011007912,0.007526785,0.004923057,220K,4.0905E+18,0.0009,0.001037464,,,0.000842772,,,,,,0.000299736,0.000914465,0.001664003,0.000853386,0.000932897,0.001443328,0.001538044,0.001490686,0.001026069,0.000730618,0.000878344,,0.011456546,0.001998168,0.00241303,0.001259142,0.004281722,0.001126829,0.003066012,0.00209642,0.000288963,,,,,,,,,,,,,,,,,,,,,,,,
290K,4.536E+18,0.01886,0.002914542,230K,4.536E+18,0.02346,0.003629893,,,0.02779,0.004832203,0.0585,0.021719759,,,0.004231048,0.010114992,290K,4.242E+18,0.00494,0.000716461,0.02035,0.003187657,0.03695,0.005462744,0.02005,0.003010963,0.003094456,0.001939012,230K,4.242E+18,0.03261,0.005044084,0.033,0.005400982,0.005222533,0.000178449,290K,4.536E+18,0.0032,0.003802733,-0.0016,-0.001554454,0.003802733,0.003788104,230K,4.536E+18,-0.0076,-0.006949525,0.0326,0.043536325,-0.00822,-0.008749335,0.0061,0.007046321,-0.0039,-0.004006987,0.00617536,0.021767462,290K,4.242E+18,0.0024,0.003467707,0.0065,0.007453274,0.00546049,0.002818221,230K,4.242E+18,0.0012,0.001383285,,,0.000811781,0.000176585,0.00042938,0.001345904,0.006049561,6.51E-04,0.000199554,0.000887852,0.001521527,0.000832217,0.000860288,0.001394163,0.001492808,0.001443485,0.001059168,0.000432959,0.000746063,0.001935637,0.012126085,0.002436935,0.001962598,0.001116058,0.003915462,0.000965853,0.002075945,0.001520899,0.000385284,,,,,,,,,,,,,,,,,,,,,,,,
300K,4.698E+18,0.01838,0.002840365,240K,4.698E+18,,,,,,,,,,,,,300K,4.3935E+18,0.00591,0.000857143,0.01809,0.002833647,0.03522,0.005206978,0.01543,0.002317165,0.002803733,0.001807618,240K,4.3935E+18,0.02914,0.004507347,0.03242,0.005306056,0.004906701,0.000399354,300K,4.698E+18,0.0012,0.001426025,-0.0037,-0.003594676,0.001426025,0.003550172,240K,4.698E+18,,-0.006995245,0.0267,0.035657051,-0.00533,-0.00567323,0.0044,0.005082592,-0.0072,-0.007397514,0.004134731,0.018354974,300K,4.3935E+18,0.0027,0.00390117,0.008,0.00917326,0.006537215,0.00372793,240K,4.3935E+18,0.0019,0.002190202,,,0.000791121,,,,,,0.000238738,0.00078925,0.001450289,0.000640454,0.000779683,0.001245811,0.001466571,0.001356191,0.000397188,0.001001218,0.000699203,,0.009931487,0.001580153,0.001415644,0.002060415,0.003746925,0.001086585,0.00255501,0.001820797,0.000610032,,,,,,,,,,,,,,,,,,,,,,,,
310K,4.86E+18,0.01726,0.002667285,250K,4.86E+18,0.02059,0.003185827,0.02123,0.003943165,0.02801,0.004870457,0.0781,0.028996807,,,0.003999816,0.012517467,310K,4.545E+18,0.00341,0.000494561,0.01719,0.002692669,0.03494,0.005165582,0.01402,0.002105421,0.002614559,0.001937992,250K,4.545E+18,0.02776,0.00429389,0.03013,0.00493126,0.004612575,0.000318685,310K,4.86E+18,0.0025,0.002970885,-0.0049,-0.004760517,0.002970885,0.005466927,250K,4.86E+18,-0.0077,-0.007040966,0.0312,0.041666667,-0.00491,-0.005226184,0.0045,0.005198106,-0.0071,-0.00729477,0.00546057,0.020881476,310K,4.545E+18,0.0033,0.004768097,0.0095,0.010893246,0.007830672,0.004331134,250K,4.545E+18,0.0013,0.001498559,,,0.000742913,0.000154982,0.001098282,0.001356559,0.008076422,8.70E-04,0.000137749,0.000749984,0.001438759,0.000581929,0.000727105,0.001186813,0.001362979,0.001274896,0.000827475,0.001325937,0.001076706,0.001961106,0.011605333,0.001455639,0.001447818,0.002031798,0.003700339,0.001328048,0.003034074,0.002181061,0.000417391,,,,,,,,,,,,,,,,,,,,,,,,
,,,,260K,5.022E+18,,,,,,,,,,,,,,,,,,,,,,,,,260K,4.6965E+18,0.02519,0.003896365,0.02672,0.004373159,0.004134762,0.000238397,,,,,,,,,260K,5.022E+18,,-0.006080834,0.032,0.042735043,-0.0113,-0.012027674,0.002,0.002310269,-0.0079,-0.008116716,0.003764017,0.022407056,,,,,,,,,260K,4.6965E+18,0.0016,0.00184438,,,,,,,,,,,,,,0.001076938,0.001208722,0.00114283,,,,,0.011902905,0.003350044,0.000643475,0.002260733,0.004539289,,,,0.000513712,,,,,,,,,,,,,,,,,,,,,,,,
,,,,270K,5.184E+18,0.01805,0.002792821,0.01855,0.003445394,0.02486,0.004322726,,,,,0.003520314,0.0007677,,,,,,,,,,,,,270K,4.848E+18,0.0226,0.003495746,0.02529,0.004139116,0.003817431,0.000321685,,,,,,,,,270K,5.184E+18,-0.0056,-0.005120702,0.0354,0.047275641,-0.01015,-0.010803619,0.0046,0.005313619,-0.0064,-0.006575568,0.006017874,0.023813466,,,,,,,,,270K,4.848E+18,-0.0022,-0.002536023,,,,0.000135864,0.000959639,0.001204,,7.67E-04,,,,,,0.000966209,0.001144034,0.001055121,,,,0.001426259,0.013167589,0.00300911,0.001479992,0.00183148,0.004182886,,,,0.000706353,,,,,,,,,,,,,,,,,,,,,,,,
,,,,280K,5.346E+18,,,,,,,,,,,,,,,,,,,,,,,,,280K,4.9995E+18,0.02164,0.003347254,0.02451,0.004011457,0.003679356,0.000332101,,,,,,,,,280K,5.346E+18,,-0.006217996,0.0337,0.045005342,-0.01022,-0.010878127,0.0035,0.004042971,-0.0066,-0.006781054,0.005034227,0.02301135,,,,,,,,,280K,4.9995E+18,0.0016,0.00184438,,,,,,,,,,,,,,0.000925167,0.001108749,0.001016958,,,,,0.012535247,0.003029863,0.001126081,0.001888713,0.004644976,,,,0.000513712,,,,,,,,,,,,,,,,,,,,,,,,
,,,,290K,5.508E+18,0.01504,0.002327093,0.00456,0.000846954,0.02428,0.004221874,,,,,0.002465307,0.0016917,,,,,,,,,,,,,290K,5.151E+18,0.01992,0.003081206,0.02463,0.004031097,0.003556152,0.000474945,,,,,,,,,290K,5.508E+18,-0.008,-0.007315289,0.0362,0.048344017,-0.01231,-0.013102714,0.0015,0.001732702,-0.0052,-0.005342649,0.004863213,0.024877854,,,,,,,,,290K,5.151E+18,-0.0021,-0.002420749,,,,0.000113207,0.0002359,0.00117591,,5.08E-04,,,,,,0.000851632,0.001114178,0.000982905,,,,0.002037513,0.013465162,0.003649473,0.000482606,0.001488077,0.004224566,,,,0.000674246,,,,,,,,,,,,,,,,,,,,,,,,
,,,,300K,5.67E+18,,,,,,,,,,,,,,,,,,,,,,,,,300K,5.3025E+18,0.01786,0.002762568,0.02569,0.004204583,0.003483575,0.000721007,,,,,,,,,300K,5.67E+18,,-0.007315289,0.0344,0.045940171,-0.01328,-0.014135178,0.0015,0.001732702,-0.0051,-0.005239905,0.0041965,0.024011569,,,,,,,,,300K,5.3025E+18,0.001,0.001152738,,,,,,,,,,,,,,0.000763562,0.001162128,0.000962845,,,,,0.012795623,0.003937043,0.000482606,0.00145946,0.004668683,,,,0.00032107,,,,,,,,,,,,,,,,,,,,,,,,
,,,,310K,5.832E+18,0.01369,0.002118211,-0.00481,-0.000893388,0.02195,0.003816728,,,,,0.001680517,0.002385368,,,,,,,,,,,,,310K,5.454E+18,0.01728,0.002672854,0.02612,0.004274959,0.003473906,0.000801053,,,,,,,,,310K,5.832E+18,-0.008,-0.007315289,0.034,0.045405983,-0.00826,-0.008791911,0.0026,0.00300335,-0.0048,-0.004931676,0.005474092,0.022781723,,,,,,,,,310K,5.454E+18,-0.0013,-0.001498559,,,,0.000103046,0.000248834,0.001063065,,4.72E-04,,,,,,0.000738765,0.00118158,0.000960173,,,,0.002037513,0.012646837,0.002448793,0.000836517,0.00137361,0.003868654,,,,0.000417391,,,,,,,,,,,,,,,,,,,,,,,,
,,,,,,,,,,,,,,,,,,,,,,,,,,,,,,,,,,,,,,,,,,,,,,,,,,,,,,,,,,,,,,,,,,,,,,,,,,,,,,,,,,,,,,,,,,,,,,,,,,,,,,,,,,,,,,,,,,,,,,,,,,,,
,,,,,,,,,,,,,,,,,,,,,,,,,,,,,,,,,,,,,,,,,,,,,,,,,,,,,,,,,,,,,,,,,,,,,,,,,,,,,,,,,,,,,,,,,,,,,,,,,,,,,,,,,,,,,,,,,,,,,,,,,,,,
,,,,,,,,,,,,,,,,,,,,,,,,,,,,,,,,,,,,,,,,,,,,,,,,,,,,,,,,,,,,,,,,,,,,,,,,,,,,,,,,,,,,,,,,,,,,,,,,,,,,,,,,,,,,,,,,,,,,,,,,,,,,
,,,,,,,,,,,,,,,,,,,,,,,,,,,,,,,,,,,,,,,,,,,,,,,,,,,,,,,,,,,,,,,,,,,,,,,,,,,,,,,,,,,,,,,,,,,,,,,,,,,,,,,,,,,,,,,,,,,,,,,,,,,,
,,,,,,,,,,,,,,,,,,,,,,,,,,,,,,,,,,,,,,,,,,,,,,,,,,,,,,,,,,,,,,,,,,,,,,,,,,,,,,,,,,,,,,,,,,,,,,,,,,,,,,,,,,,,,,,,,,,,,,,,,,,,
,,,,,,,,,,,,,,,,,,,,,,,,,,,,,,,,,,,,,,,,,,,,,,,,,,,,,,,,,,,,,,,,,,,,,,,,,,,,,,,,,,,,,,,,,,,,,,,,,,,,,,,,,,,,,,,,,,,,,,,,,,,,
,,,,,,,,,,,,,,,,,,,,,,,,,,,,,,,,,,,,,,,,,,,,,,,,,,,,,,,,,,,,,,,,,,,,,,,,,,,,,,,,,,,,,,,,,,,,,,,,,,,,,,,,,,,,,,,,,,,,,,,,,,,,
,,,,,,,,,,,,,,,,,,,,,,,,,,,,,,,,,,,,,,,,,,,,,,,,,,,,,,,,,,,,,,,,,,,,,,,,,,,,,,,,,,,,,,,,,,,,,,,,,,,,,,,,,,,,,,,,,,,,,,,,,,,,
,,,,,,,,,,,,,,,,,,,,,,,,,,,,,,,,,,,,,,,,,,,,,,,,,,,,,,,,,,,,,,,,,,,,,,,,,,,,,,,,,,,,,,,,,,,,,,,,,,,,,,,,,,,,,,,,,,,,,,,,,,,,
,,,,,,,,,,,,,,,,,,,,,,,,,,,,,,,,,,,,,,,,,,,,,,,,,,,,,,,,,,,,,,,,,,,,,,,,,,,,,,,,,,,,,,,,,,,,,,,,,,,,,,,,,,,,,,,,,,,,,,,,,,,,
,,,,,,,,,,,,,,,,,,,,,,,,,,,,,,,,,,,,,,,,,,,,,,,,,,,,,,,,,,,,,,,,,,,,,,,,,,,,,,,,,,,,,,,,,,,,,,,,,,,,,,,,,,,,,,,,,,,,,,,,,,,,
,,,,,,,,,,,,,,,,,,,,,,,,,,,,,,,,,,,,,,,,,,,,,,,,,,,,,,,,,,,,,,,,,,,,,,,,,,,,,,,,,,,,,,,,,,,,,,,,,,,,,,,,,,,,,,,,,,,,,,,,,,,,
,,,,,,,,,,,,,,,,,,,,,,,,,,,,,,,,,,,,,,,,,,,,,,,,,,,,,,,,,,,,,,,,,,,,,,,,,,,,,,,,,,,,,,,,,,,,,,,,,,,,,,,,,,,,,,,,,,,,,,,,,,,,
,,,,,,,,,,,,,,,,,,,,,,,,,,,,,,,,,,,,,,,,,,,,,,,,,,,,,,,,,,,,,,,,,,,,,,,,,,,,,,,,,,,,,,,,,,,,,,,,,,,,,,,,,,,,,,,,,,,,,,,,,,,,
,,,,,,,,,,,,,,,,,,,,,,,,,,,,,,,,,,,,,,,,,,,,,,,,,,,,,,,,,,,,,,,,,,,,,,,,,,,,,,,,,,,,,,,,,,,,,,,,,,,,,,,,,,,,,,,,,,,,,,,,,,,,
,,,,,,,,,,,,,,,,,,,,,,,,,,,,,,,,,,,,,,,,,,,,,,,,,,,,,,,,,,,,,,,,,,,,,,,,,,,,,,,,,,,,,,,,,,,,,,,,,,,,,,,,,,,,,,,,,,,,,,,,,,,,
,,,,,,,,,,,,,,,,,,,,,,,,,,,,,,,,,,,,,,,,,,,,,,,,,,,,,,,,,,,,,,,,,,,,,,,,,,,,,,,,,,,,,,,,,,,,,,,,,,,,,,,,,,,,,,,,,,,,,,,,,,,,
,,,,,,,,,,,,,,,,,,,,,,,,,,,,,,,,,,,,,,,,,,,,,,,,,,,,,,,,,,,,,,,,,,,,,,,,,,,,,,,,,,,,,,,,,,,,,,,,,,,,,,,,,,,,,,,,,,,,,,,,,,,,
,,,,,,,,,,,,,,,,,,,,,,,,,,,,,,,,,,,,,,,,,,,,,,,,,,,,,,,,,,,,,,,,,,,,,,,,,,,,,,,,,,,,,,,,,,,,,,,,,,,,,,,,,,,,,,,,,,,,,,,,,,,,
,,,,,,,,,,,,,,,,,,,,,,,,,,,,,,,,,,,,,,,,,,,,,,,,,,,,,,,,,,,,,,,,,,,,,,,,,,,,,,,,,,,,,,,,,,,,,,,,,,,,,,,,,,,,,,,,,,,,,,,,,,,,
,,,,,,,,,,,,,,,,,,,,,,,,,,,,,,,,,,,,,,,,,,,,,,,,,,,,,,,,,,,,,,,,,,,,,,,,,,,,,,,,,,,,,,,,,,,,,,,,,,,,,,,,,,,,,,,,,,,,,,,,,,,,
,,,,,,,,,,,,,,,,,,,,,,,,,,,,,,,,,,,,,,,,,,,,,,,,,,,,,,,,,,,,,,,,,,,,,,,,,,,,,,,,,,,,,,,,,,,,,,,,,,,,,,,,,,,,,,,,,,,,,,,,,,,,
,,,,,,,,,,,,,,,,,,,,,,,,,,,,,,,,,,,,,,,,,,,,,,,,,,,,,,,,,,,,,,,,,,,,,,,,,,,,,,,,,,,,,,,,,,,,,,,,,,,,,,,,,,,,,,,,,,,,,,,,,,,,
,,,,,,,,,,,,,,,,,,,,,,,,,,,,,,,,,,,,,,,,,,,,,,,,,,,,,,,,,,,,,,,,,,,,,,,,,,,,,,,,,,,,,,,,,,,,,,,,,,,,,,,,,,,,,,,,,,,,,,,,,,,,
,,,,,,,,,,,,,,,,,,,,,,,,,,,,,,,,,,,,,,,,,,,,,,,,,,,,,,,,,,,,,,,,,,,,,,,,,,,,,,,,,,,,,,,,,,,,,,,,,,,,,,,,,,,,,,,,,,,,,,,,,,,,
,,,,,,,,,,,,,,,,,,,,,,,,,,,,,,,,,,,,,,,,,,,,,,,,,,,,,,,,,,,,,,,,,,,,,,,,,,,,,,,,,,,,,,,,,,,,,,,,,,,,,,,,,,,,,,,,,,,,,,,,,,,,
,,,,,,,,,,,,,,,,,,,,,,,,,,,,,,,,,,,,,,,,,,,,,,,,,,,,,,,,,,,,,,,,,,,,,,,,,,,,,,,,,,,,,,,,,,,,,,,,,,,,,,,,,,,,,,,,,,,,,,,,,,,,
,,,,,,,,,,,,,,,,,,,,,,,,,,,,,,,,,,,,,,,,,,,,,,,,,,,,,,,,,,,,,,,,,,,,,,,,,,,,,,,,,,,,,,,,,,,,,,,,,,,,,,,,,,,,,,,,,,,,,,,,,,,,
,,,,,,,,,,,,,,,,,,,,,,,,,,,,,,,,,,,,,,,,,,,,,,,,,,,,,,,,,,,,,,,,,,,,,,,,,,,,,,,,,,,,,,,,,,,,,,,,,,,,,,,,,,,,,,,,,,,,,,,,,,,,
,,,,,,,,,,,,,,,,,,,,,,,,,,,,,,,,,,,,,,,,,,,,,,,,,,,,,,,,,,,,,,,,,,,,,,,,,,,,,,,,,,,,,,,,,,,,,,,,,,,,,,,,,,,,,,,,,,,,,,,,,,,,
,,,,,,,,,,,,,,,,,,,,,,,,,,,,,,,,,,,,,,,,,,,,,,,,,,,,,,,,,,,,,,,,,,,,,,,,,,,,,,,,,,,,,,,,,,,,,,,,,,,,,,,,,,,,,,,,,,,,,,,,,,,,
Production/Sublimation 1746,,,,,,,,,,,,,,,,,,,,,,,,,,,,,,,,,,,,,,,,,,,,,,,,,,,,,,,,,,,,,,,,,,,,,,,,,,,,,,,,,,,,,,,,,,,,,,,,,,,,,,,,,,,,,,,,,,,,,,,,,,,,
100% Methanol,,,,,,,,,,,,,,,,,,,,,,,,,,,,,,,,,,,,,,11-16% Methanol,,,,,,,,,,,,,,,,,,,,,,,,,,,,,,,,,,,,1746 cm-1,,,,,,,,,,,,,,,,,,,,,,,,,,,,,,,,,,,,,,,,,,,,,,,,,,
0min 100W,,,,60min 100W,,,,,,,,,,,,,,0min 50W,,,,,,,,,,,,75min 50W,,,,,,,,0 min 100W,,,,,,,,60 min 100W,,,,,,,,,,,,,,0min 50W,,,,,,,,75min 50W,,,,,,0 min 100W 100%,60 min 100W 100%,,,,,0 min 50W 100%,,,,,75 min 50W 100%,,,,,,,,,,,,,,,,,,,,,,,,,,,,,,,,,,,,,,,
,,110923,,,,101223,,092823 - IR out,,91523,,83123,,102824,,Average,st. dev.,,,010324 -2nd good,,122123 -power surge,,122723 -purge,,121823 -oscillate,,Average,st. dev.,,,010523,,122923 -purge,,Average,st. dev.,,,81524,,81624,,Average,st. dev.,,,71824,,090324 -purge,,92424,,100824 -purge,,101524,,Average,st. dev.,,,82724,,083024 -purge,,Average,st. dev.,,,91724,,,,110923,101223,92823,91523,83123,ave,10324,122123,122723,121823,ave,10524,122923,ave,,,,,,,,,,,,,,,,,100%,,,,,,,,,,,,,,,,,,,,
Temp,Fluence,Integrated Absorbance,Normalized,Time/Temp,Fluence,Integrated Absorbance,Normalized,Integrated Absorbance,Normalized,Integrated Absorbance,Normalized,Integrated Absorbance,Normalized,Integrated Absorbance,Normalized,Normalized,Normalized,Temp,Fluence,Integrated Absorbance,Normalized,Integrated Absorbance,Normalized,Integrated Absorbance,Normalized,Integrated Absorbance,Normalized,Normalized,Normalized,Time/Temp,Fluence,Integrated Absorbance,Normalized,Integrated Absorbance,Normalized,Normalized,Normalized,Temp,Fluence,Integrated Absorbance,Normalized,Integrated Absorbance,Normalized,Normalized,Normalized,Time/Temp,Fluence,Integrated Absorbance,Normalized,Integrated Absorbance,Normalized,Integrated Absorbance,Normalized,Integrated Absorbance,Normalized,Integrated Absorbance,Normalized,Normalized,Normalized,Temp,Fluence,Integrated Absorbance,Normalized,Integrated Absorbance,Normalized,Normalized,Normalized,Time/Temp,Fluence,Integrated Absorbance,Normalized,,,Propagated 1sigma error,Propagated 1sigma error,Propagated 1sigma error,Propagated 1sigma error,Propagated 1sigma error,Propagated 1sigma error,Propagated 1sigma error,Propagated 1sigma error,Propagated 1sigma error,Propagated 1sigma error,Propagated 1sigma error,Propagated 1sigma error,Propagated 1sigma error,Propagated 1sigma error,,,,,,,,,,,,,,,fluence,normalized absorbance,temp,fluence,norm. int. absorbance,error,,,,,,,,,,,,,,,,,
,,,,,,,,,,,,,,,,,,,,,,,,,,,,,,,,,,,,,,,,,,,,,,,,,,,,,,,,,,,,,,,,,,,,,,,,,,,,,,,,,,,,,,,,,,,,,,,,,,,,,,,,20,1.54E+17,0.000117532,0.000165837,,,,,,,,,,,,,,,,,
20K,1.62E+17,0.00162,0.000250348,10,1.62E+17,-0.00307,-0.000475012,-0.0006,-0.000111441,-0.00308,-0.000535559,-0.0048,-0.001782134,,,-0.000374004,0.000728552,20K,1.515E+17,0.00581,0.00084264,0.00073,0.000114348,0.01077,0.001592253,0.00006,9.01036E-06,0.000639563,0.00073537,12.5,1.515E+17,-0.00119,-0.000184068,-0.00203,-0.000332242,-0.000258155,7.40871E-05,20K,,,,,,,,,,,,,,,,,,,,,,,,,,,,,,,,,,,,6.97288E-05,0.000132304,3.10395E-05,0.000149168,0.000496374,1.04E-04,0.000234699,3.18492E-05,0.000482194,2.49042E-06,0.000187808,5.08756E-05,9.18303E-05,7.1353E-05,,,,,,,,,,,,,,,1.62E+17,-0.000374004,50,6.17E+17,-0.000179856,5.0095E-05,,,,,,,,,,,,,,,,,
30K,3.24E+17,0.00196,0.00030289,20,3.24E+17,-0.00457,-0.000707102,-0.0018,-0.000334324,0.00101,0.000175622,-0.0035,-0.001299473,,,-0.000288601,0.000621593,30K,3.03E+17,0.00954,0.001383611,0.00172,0.000269424,0.01293,0.001911591,0.00086,0.000129149,0.000923444,0.000865416,25,3.03E+17,-0.00058,-8.97138E-05,0.00015,2.45499E-05,-3.2582E-05,5.71319E-05,30K,,,,,,,,,,,,,,,,,,,,,,,,,,,,,,,,,,,,8.43633E-05,0.000196948,9.31186E-05,4.89155E-05,0.00036194,1.13E-04,0.000385374,7.5042E-05,0.00058761,3.56961E-05,0.000270931,2.47965E-05,6.78549E-06,1.5791E-05,,,,,,,,,,,,,,,3.24E+17,-0.000288601,100,1.39E+18,0.002458895,0.000684871,,,,,,,,,,,,,,,,,
40K,4.86E+17,0.00401,0.000619688,30,4.86E+17,-0.00484,-0.000748878,0.0014,0.00026003,0.00043,7.47696E-05,-0.0011,-0.000408406,,,-0.000138026,0.000458875,40K,4.545E+17,0.01001,0.001451777,0.00344,0.000538847,0.01802,0.002664104,0.00416,0.000624718,0.001319862,0.000986171,37.5,4.545E+17,-0.00107,-0.000165507,-0.00088,-0.000144026,-0.000154766,1.07402E-05,40K,,,,,,,,,,,,,,,,,,,,,,,,,,,,,,,,,,,,0.0001726,0.000208584,7.24256E-05,2.08254E-05,0.000113752,1.01E-04,0.00040436,0.000150084,0.000806265,0.000172669,0.000383345,4.57453E-05,3.98082E-05,4.27768E-05,,,,,,,,,,,,,,,4.86E+17,-0.000138026,130,1.85E+18,0.003448791,0.000960585,,,,,,,,,,,,,,,,,
50K,6.48E+17,0.01064,0.001644259,40,6.48E+17,-0.00709,-0.001097014,-0.0005,-9.28678E-05,-0.00059,-0.000102591,-0.0034,-0.001262345,,,-0.000430824,0.000628313,50K,6.06E+17,0.01488,0.002158086,0.00929,0.001455201,0.023,0.003400355,0.00927,0.001392101,0.002101435,0.000932948,50,6.06E+17,-0.00091,-0.000140758,-0.0017,-0.000278232,-0.000209495,6.87372E-05,50K,,,,,,,,,,,,,,,,,,,,,,,,,,,,,,,,,,,,0.000457972,0.000305549,2.58663E-05,2.85744E-05,0.000351598,1.20E-04,0.000601087,0.000405314,0.001029862,0.000384771,0.000605258,3.89049E-05,7.69022E-05,5.79036E-05,,,,,,,,,,,,,,,6.48E+17,-0.000430824,150,2.16E+18,0.000223529,6.22592E-05,,,,,,,,,,,,,,,,,
60K,8.1E+17,0.01604,0.002478751,50,8.1E+17,,,0.00049,9.10104E-05,0.00006,1.0433E-05,0.0028,0.001039578,,,5.07217E-05,0.000572336,60K,7.575E+17,0.0197,0.002857143,0.01305,0.002044173,0.02764,0.004086339,0.01367,0.002052861,0.002760129,0.00096282,62.5,7.575E+17,-0.00142,-0.000219644,-0.00235,-0.000384615,-0.00030213,8.24856E-05,60K,,,,,,,,,,,,,,,,,,,,,,,,,,,,,,,,,,,,0.000690402,,2.53489E-05,2.90587E-06,0.000289552,1.41E-05,0.000795794,0.000569359,0.001231634,0.000567402,0.000791047,6.07087E-05,0.000106306,8.35074E-05,,,,,,,,,,,,,,,8.1E+17,5.07217E-05,,,,,,,,,,,,,,,,,,,,,
70K,9.72E+17,0.01826,0.00282182,60,9.72E+17,-0.00673,-0.001041312,0.00611,0.001134844,0.00076,0.000132151,0.00016,5.94045E-05,,,7.52276E-05,0.000889359,70K,9.09E+17,0.02091,0.003032632,0.01605,0.002514098,0.03193,0.00472058,0.01783,0.002677579,0.003236222,0.001012968,75,9.09E+17,-0.0021,-0.000324826,-0.00204,-0.000333879,-0.000329352,4.52645E-06,70K,,,,,,,,,,,,,,,,,,,,,,,,,,,,,,,,,,,,0.000785956,0.000290035,0.000316086,3.68077E-05,1.65458E-05,2.14E-04,0.000844673,0.000700247,0.001416111,0.000740071,0.000925276,8.97805E-05,9.22827E-05,9.10316E-05,,,,,,,,,,,,,,,9.72E+17,7.52276E-05,,,,,,,,,,,,,,,,,,,,,
80K,1.134E+18,0.02104,0.003251429,20K,1.134E+18,,,,,,,,,,,,,80K,1.0605E+18,0.01807,0.00262074,0.01813,0.002839912,0.03152,0.004659965,0.01862,0.002796216,0.003229208,0.000958529,20K,1.0605E+18,-0.0022,-0.000340294,-0.00229,-0.000374795,-0.000357545,1.72508E-05,80K,,,,,,,,,,,,,,,,,,,,,,,,,,,,,,,,,,,,0.000905614,,,,,,0.000729949,0.000790995,0.001399228,0.000772862,0.000923259,9.40557E-05,0.000103592,9.88238E-05,,,,,,,,,,,,,,,1.296E+18,0.000437163,,,,,,,,,,,,,,,,,,,,,
90K,1.296E+18,0.021,0.003245248,30K,1.296E+18,-0.0036,-0.000557017,0.0083,0.001541605,0.00188,0.0003269,-0.00071,-0.000263607,,,0.000437163,0.000928915,90K,1.212E+18,0.01904,0.002761421,0.01907,0.002987155,0.03534,0.005224719,0.02008,0.003015468,0.003497191,0.001157282,30K,1.212E+18,-0.00095,-0.000146945,0.0045,0.000736498,0.000294776,0.000441721,90K,,,,,,,,,,,,,,,,,,,,,,,,,,,,,,,,,,,,0.000903892,0.000155145,0.00042938,9.10507E-05,7.3422E-05,2.25E-04,0.000769133,0.000832006,0.001562293,0.000833462,0.000999224,4.0615E-05,0.000203565,0.00012209,,,,,,,,,,,,,,,1.62E+18,0.001454004,,,,,,,,,,,,,,,,,,,,,
100K,1.458E+18,0.02163,0.003342605,40K,1.458E+18,,,,,,,,,,,,,100K,1.3635E+18,0.02142,0.003106599,0.0195,0.003054511,0.03551,0.005249852,0.02044,0.00306953,0.003620123,0.001086707,40K,1.3635E+18,0.00207,0.000320186,0.0094,0.001538462,0.000929324,0.000609138,100K,,,,,,,,,,,,,,,,,,,,,,,,,,,,,,,,,,,,0.000931009,,,,,,0.000865275,0.000850767,0.001574235,0.000848405,0.00103467,8.84979E-05,0.000425224,0.000256861,,,,,,,,,,,,,,,1.944E+18,0.002833853,,,,,,,,,,,,,,,,,,,,,
110K,1.62E+18,0.02129,0.003290063,50K,1.62E+18,0.00745,0.001152715,0.0089,0.001653046,0.00895,0.001556251,-0.01637,-0.00607782,,,0.001454004,0.00377214,110K,1.515E+18,0.01853,0.002687455,0.01701,0.002664474,0.03552,0.005251331,0.01816,0.002727136,0.003332599,0.001279416,50K,1.515E+18,0.00625,0.000966744,0.0144,0.002356792,0.001661768,0.000695024,110K,,,,,,,,,,,,,,,,,,,,,,,,,,,,,,,,,,,,0.000916375,0.000321064,0.00046042,0.000433459,0.001692843,4.05E-04,0.000748531,0.00074213,0.001582059,0.000753769,0.000956622,0.000267204,0.000651407,0.000459305,,,,,,,,,,,,,,,2.268E+18,0.002383085,,,,,,,,,,,,,,,,,,,,,
120K,1.782E+18,0.02044,0.003158708,60K,1.782E+18,,,,,,,,,,,,,120K,1.6665E+18,0.0208,0.003016679,0.01706,0.002672306,0.03514,0.005195151,0.01744,0.002619012,0.003375787,0.001225648,60K,1.6665E+18,0.01116,0.001726218,0.01822,0.002981997,0.002354107,0.000627889,120K,,,,,,,,,,,,,,,,,,,,,,,,,,,,,,,,,,,,0.000879789,,,,,,0.000840229,0.000744312,0.001565176,0.000723883,0.0009684,0.000477119,0.000824211,0.000650665,,,,,,,,,,,,,,,2.592E+18,0.001463816,,,,,,,,,,,,,,,,,,,,,
130K,1.944E+18,0.01578,0.002438572,70K,1.944E+18,0.01364,0.002110475,0.01988,0.003692422,0.01552,0.002698661,-0.029,-0.01076706,,,0.002833853,0.006831723,130K,1.818E+18,0.01914,0.002775925,0.01584,0.002481203,0.0324,0.004790065,0.01277,0.001917705,0.002991225,0.001250966,70K,1.818E+18,0.01521,0.002352668,0.02103,0.003441899,0.002897283,0.000544615,130K,,,,,,,,,,,,,,,,,,,,,,,,,,,,,,,,,,,,0.000679211,0.000587826,0.001028443,0.000751653,0.002998928,7.89E-04,0.000773173,0.000691084,0.001457289,0.000530045,0.000862898,0.000650267,0.000951326,0.000800796,,,,,,,,,,,,,,,2.916E+18,0.000801352,,,,,,,,,,,,,,,,,,,,,
140K,2.106E+18,0.00832,0.001285736,80K,2.106E+18,,,,,,,,,,,,,140K,1.9695E+18,0.01449,0.002101523,0.00971,0.00152099,0.02597,0.003839444,0.00879,0.001320018,0.002195494,0.001144962,80K,1.9695E+18,0.01424,0.00220263,0.022,0.003600655,0.002901642,0.000699013,140K,,,,,,,,,,,,,,,,,,,,,,,,,,,,,,,,,,,,0.000358114,,,,,,0.000585333,0.000423638,0.001199103,0.000364847,0.00064323,0.000608797,0.000995205,0.000802001,,,,,,,,,,,,,,,3.24E+18,-0.00017157,,,,,,,,,,,,,,,,,,,,,
150K,2.268E+18,0.0034,0.000525421,90K,2.268E+18,0.01288,0.001992883,0.01444,0.002682021,0.01423,0.002474352,-0.00616,-0.002287072,,,0.002383085,0.002352851,150K,2.121E+18,0.00804,0.001166062,0.00406,0.000635965,0.0236,0.00348906,0.00405,0.000608199,0.001474822,0.001367138,90K,2.121E+18,0.01457,0.002253674,0.02048,0.003351882,0.002802778,0.000549104,150K,,,,,,,,,,,,,,,,,,,,,,,,,,,,,,,,,,,,0.000146344,0.000555074,0.000747018,0.000689176,0.000637014,6.64E-04,0.000324781,0.000177134,0.001107688,0.000168104,0.000444427,0.000622906,0.000926446,0.000774676,,,,,,,,,,,,,,,3.564E+18,-9.0361E-05,,,,,,,,,,,,,,,,,,,,,
160K,2.43E+18,-0.0016,-0.000247257,100K,2.43E+18,,,,,,,,,,,,,160K,2.2725E+18,0.00506,0.000733865,0.00114,0.000178571,0.01761,0.002603489,0.00068,0.000102117,0.000904511,0.001167115,100K,2.2725E+18,0.01537,0.002377417,0.02116,0.003463175,0.002920296,0.000542879,160K,,,,,,,,,,,,,,,,,,,,,,,,,,,,,,,,,,,,6.8868E-05,,,,,,0.000204402,4.97371E-05,0.000862679,2.82248E-05,0.000286261,0.000657108,0.000957207,0.000807157,,,,,,,,,,,,,,,3.888E+18,-0.000358946,,,,,,,,,,,,,,,,,,,,,
170K,2.592E+18,-0.00233,-0.000360068,110K,2.592E+18,0.00969,0.001499304,0.00048,8.9153E-05,0.01612,0.002802991,0.00591,0.002194253,,,0.001463816,0.001166833,170K,2.424E+18,0.00366,0.000530819,-0.00042,-6.57895E-05,0.01844,0.002726198,-0.0022,-0.00033038,0.000715212,0.001388199,110K,2.424E+18,0.01408,0.002177881,0.01852,0.003031097,0.002604489,0.000426608,170K,,,,,,,,,,,,,,,,,,,,,,,,,,,,,,,,,,,,0.000100289,0.000417598,2.48316E-05,0.000780711,0.000611161,4.08E-04,0.000147848,1.83242E-05,0.000898092,9.13156E-05,0.000288895,0.000601957,0.000837782,0.000719869,,,,,,,,,,,,,,,4.212E+18,-0.000642314,,,,,,,,,,,,,,,,,,,,,
180K,2.754E+18,-0.00305,-0.000471334,120K,2.754E+18,,,,,,,,,,,,,180K,2.5755E+18,0.0025,0.000362582,0.00036,5.6391E-05,0.01797,0.002656712,-0.00264,-0.000396456,0.000669807,0.001360805,120K,2.5755E+18,0.01297,0.002006187,0.01638,0.002680851,0.002343519,0.000337332,180K,,,,,,,,,,,,,,,,,,,,,,,,,,,,,,,,,,,,0.00013128,,,,,,0.000100989,1.57065E-05,0.000884092,0.000109579,0.000277591,0.000554501,0.000740976,0.000647738,,,,,,,,,,,,,,,4.536E+18,-0.000543902,,,,,,,,,,,,,,,,,,,,,
190K,2.916E+18,-0.00444,-0.000686138,130K,2.916E+18,0.00251,0.000388365,0.0015,0.000278603,0.00999,0.001737089,0.00025,9.28195E-05,,,0.000801352,0.000751874,190K,2.727E+18,0.0003,4.35098E-05,-0.00282,-0.000441729,0.0173,0.002557658,-0.00308,-0.000462532,0.000424227,0.001441376,130K,2.727E+18,0.00946,0.001463264,0.01914,0.00313257,0.002297917,0.000834653,190K,,,,,,,,,,,,,,,,,,,,,,,,,,,,,,,,,,,,0.000191109,0.00010817,7.75988E-05,0.000483828,2.58528E-05,2.23E-04,1.21187E-05,0.000123034,0.000855267,0.000127842,0.000279565,0.00040444,0.000865829,0.000635134,,,,,,,,,,,,,,,4.86E+18,-8.98752E-05,,,,,,,,,,,,,,,,,,,,,
200K,3.078E+18,-0.00549,-0.000848401,140K,3.078E+18,,,,,,,,,,,,,200K,2.8785E+18,0.00114,0.000165337,-0.00333,-0.000521617,0.01671,0.002470432,-0.00406,-0.000609701,0.000376113,0.001438558,140K,2.8785E+18,0.00495,0.000765661,,,0.000765661,,200K,,,,,,,,,,,,,,,,,,,,,,,,,,,,,,,,,,,,0.000236303,,,,,,4.6051E-05,0.000145285,0.000835913,0.000168519,0.000298942,0.000211625,,0.000211625,,,,,,,,,,,,,,,5.184E+18,-0.000270421,,,,,,,,,,,,,,,,,,,,,
210K,3.24E+18,-0.00623,-0.000962757,150K,3.24E+18,-0.0037,-0.00057249,-0.0007,-0.000130015,0.00108,0.000187793,-0.00716,-0.00265835,,,-0.00017157,0.001281881,210K,3.03E+18,0.00032,4.64104E-05,-0.000415,-6.50063E-05,0.001657,0.000244973,-0.00241,-0.000361916,-3.38847E-05,0.000253497,150K,3.03E+18,0.00193,0.000298531,-0.00213,-0.000348609,-2.50391E-05,0.00032357,210K,,,,,,,,,,,,,,,,,,,,,,,,,,,,,,,,,,,,0.000268155,0.000159454,3.62128E-05,5.23057E-05,0.000740425,8.27E-05,1.29266E-05,1.81061E-05,0.000837972,0.000100032,0.000242259,8.25125E-05,9.6354E-05,8.94333E-05,,,,,,,,,,,,,,,5.508E+18,-0.000286983,,,,,,,,,,,,,,,,,,,,,
220K,3.402E+18,-0.00624,-0.000964302,160K,3.402E+18,,,,,,,,,,,,,220K,3.1815E+18,0.00119,0.000172589,-0.00187,-0.00029292,0.001666,0.000246304,-0.0036,-0.000540622,-0.000103662,0.000376627,160K,3.1815E+18,-0.00247,-0.000382057,-0.00778,-0.001273322,-0.00082769,0.000445633,220K,,,,,,,,,,,,,,,,,,,,,,,,,,,,,,,,,,,,0.000268585,,,,,,4.80708E-05,8.15864E-05,0.000842502,0.000149425,0.000280396,0.000105599,0.000351941,0.00022877,,,,,,,,,,,,,,,5.832E+18,-0.000490468,,,,,,,,,,,,,,,,,,,,,
230K,3.564E+18,-0.00548,-0.000846855,170K,3.564E+18,-0.00684,-0.001058332,0.00187,0.000347325,0.00253,0.000439923,-0.00063,-0.000233905,,,-9.0361E-05,0.000689249,230K,3.333E+18,0.00037,5.36621E-05,-0.00354,-0.000554511,0.001628,0.000240686,-0.00572,-0.000858988,-0.000279788,0.000514142,170K,3.333E+18,-0.0056,-0.000866203,0.00426,0.000697218,-8.44925E-05,0.00078171,230K,,,,,,,,,,,,,,,,,,,,,,,,,,,,,,,,,,,,0.000235873,0.000294775,9.67398E-05,0.000122531,6.51491E-05,1.71E-04,1.49464E-05,0.000154447,0.000828913,0.00023742,0.000308932,0.000239415,0.000192708,0.000216061,,,,,,,,,,,,,,,,,,,,,,,,,,,,,,,,,,,,,
240K,3.726E+18,-0.00518,-0.000800495,180K,3.726E+18,,,,,,,,,,,,,240K,3.4845E+18,0.00122,0.00017694,-0.00199,-0.000311717,0.001576,0.000232998,-0.00169,-0.000253792,-3.88927E-05,0.000283504,180K,3.4845E+18,-0.00601,-0.000929621,-0.00079,-0.000129296,-0.000529459,0.000400162,240K,,,,,,,,,,,,,,,,,,,,,,,,,,,,,,,,,,,,0.00022296,,,,,,4.92827E-05,8.68218E-05,0.000811618,7.0147E-05,0.000254467,0.000256943,3.57369E-05,0.00014634,,,,,,,,,,,,,,,,,,,,,,,,,,,,,,,,,,,,,
250K,3.888E+18,-0.00488,-0.000754134,190K,3.888E+18,-0.00431,-0.000666873,-0.0007,-0.000130015,-0.00161,-0.000279951,-0.00922,-0.003423183,,,-0.000358946,0.001548723,250K,3.636E+18,0.00491,0.00071211,-0.0044,-0.000689223,0.001691,0.00025,-0.0045,-0.000675777,-0.000100722,0.000697788,190K,3.636E+18,-0.00646,-0.000999227,-0.00445,-0.000728314,-0.00086377,0.000135456,250K,,,,,,,,,,,,,,,,,,,,,,,,,,,,,,,,,,,,0.000210047,0.000185743,3.62128E-05,7.79743E-05,0.000953452,1.00E-04,0.000198343,0.000191968,0.000851561,0.000186782,0.000357163,0.000276182,0.000201303,0.000238742,,,,,,,,,,,,,,,,,,,,,,,,,,,,,,,,,,,,,
260K,4.05E+18,-0.00524,-0.000809767,200K,4.05E+18,,,,,,,,,,,,,260K,3.7875E+18,0.0051,0.000739666,-0.00409,-0.000640664,0.001762,0.000260497,-0.00466,-0.000699805,-8.50764E-05,0.000703844,200K,3.7875E+18,-0.0072,-0.001113689,-0.0031,-0.000507365,-0.000810527,0.000303162,260K,,,,,,,,,,,,,,,,,,,,,,,,,,,,,,,,,,,,0.000225543,,,,,,0.000206018,0.000178443,0.000885739,0.000193423,0.000365906,0.000307819,0.000140233,0.000224026,,,,,,,,,,,,,,,,,,,,,,,,,,,,,,,,,,,,,
270K,4.212E+18,-0.00375,-0.000579509,210K,4.212E+18,-0.00483,-0.000747331,,,-0.00309,-0.000537298,0.00789,0.002929383,,,-0.000642314,0.002064793,270K,3.939E+18,0.00648,0.000939811,-0.00356,-0.000557644,0.001784,0.000263749,-0.00381,-0.000572158,1.84397E-05,0.000727961,210K,3.939E+18,-0.00678,-0.001048724,-0.00291,-0.000476268,-0.000762496,0.000286228,270K,,,,,,,,,,,,,,,,,,,,,,,,,,,,,,,,,,,,0.000161409,0.000208153,,0.000149652,0.000815915,1.79E-04,0.000261764,0.000155319,0.000890268,0.000158142,0.000366373,0.000289863,0.000131639,0.000210751,,,,,,,,,,,,,,,,,,,,,,,,,,,,,,,,,,,,,
280K,4.374E+18,-0.00238,-0.000367795,220K,4.374E+18,,,,,,,,,,,,,280K,4.0905E+18,0.00565,0.000819434,-0.00324,-0.000507519,0.001742,0.00025754,-0.00282,-0.000423487,3.64921E-05,0.000624337,220K,4.0905E+18,-0.007,-0.001082753,-0.00063,-0.00010311,-0.000592931,0.000489822,280K,,,,,,,,,,,,,,,,,,,,,,,,,,,,,,,,,,,,0.000102441,,,,,,0.000228235,0.000141358,0.000882033,0.00011705,0.000342169,0.000299268,2.84991E-05,0.000163884,,,,,,,,,,,,,,,,,,,,,,,,,,,,,,,,,,,,,
290K,4.536E+18,-0.00301,-0.000465152,230K,4.536E+18,-0.0063,-0.00097478,,,-0.00065,-0.000113024,-0.00195,-0.000723992,,,-0.000543902,0.000443245,290K,4.242E+18,0.00669,0.000970268,-0.00383,-0.000599937,0.001746,0.000258131,-0.00364,-0.000546629,2.04584E-05,0.000745007,230K,4.242E+18,-0.0081,-0.0012529,-0.00042,-6.87398E-05,-0.00066082,0.00059208,290K,,,,,,,,,,,,,,,,,,,,,,,,,,,,,,,,,,,,0.000129558,0.000271503,,3.14803E-05,0.000201652,1.51E-04,0.000270247,0.000167099,0.00088368,0.000151086,0.000368028,0.000346296,1.89994E-05,0.000182648,,,,,,,,,,,,,,,,,,,,,,,,,,,,,,,,,,,,,
300K,4.698E+18,-0.00206,-0.000318343,240K,4.698E+18,,,,,,,,,,,,,300K,4.3935E+18,0.00577,0.000836838,-0.00343,-0.000537281,0.001852,0.000273802,-0.00545,-0.000818441,-6.12703E-05,0.000756916,240K,4.3935E+18,-0.00747,-0.001155452,-0.00211,-0.000345336,-0.000750394,0.000405058,300K,,,,,,,,,,,,,,,,,,,,,,,,,,,,,,,,,,,,8.86675E-05,,,,,,0.000233083,0.000149648,0.000923211,0.000226214,0.000383039,0.000319362,9.54492E-05,0.000207406,,,,,,,,,,,,,,,,,,,,,,,,,,,,,,,,,,,,,
310K,4.86E+18,-0.00095,-0.000146809,250K,4.86E+18,-0.0043,-0.000665326,0.00067,0.000124443,0.00156,0.000271257,-0.0015,-0.000556917,,,-8.98752E-05,0.000472965,310K,4.545E+18,0.01004,0.001456128,-0.00376,-0.000588972,0.001964,0.000290361,-0.0027,-0.000405466,0.000188012,0.000926375,250K,4.545E+18,-0.00658,-0.001017788,-0.0008,-0.000130933,-0.00057436,0.000443428,310K,,,,,,,,,,,,,,,,,,,,,,,,,,,,,,,,,,,,4.08904E-05,0.000185312,3.46608E-05,7.55527E-05,0.000155117,9.85E-05,0.000405572,0.000164045,0.000977566,0.000112069,0.000414813,0.000281312,3.61893E-05,0.000158751,,,,,,,,,,,,,,,,,,,,,,,,,,,,,,,,,,,,,
,,,,260K,5.022E+18,,,,,,,,,,,,,,,,,,,,,,,,,260K,4.6965E+18,-0.00678,-0.001048724,0.00007,1.14566E-05,-0.000518634,0.00053009,,,,,,,,,,,,,,,,,,,,,,,,,,,,,,,,,,,,,,,,,,,,,,,,0.000289863,3.16656E-06,0.000146515,,,,,,,,,,,,,,,,,,,,,,,,,,,,,,,,,,,,,
,,,,270K,5.184E+18,-0.00437,-0.000676157,-0.00245,-0.000455052,0.00184,0.000319944,,,,,-0.000270421,0.000523088,,,,,,,,,,,,,270K,4.848E+18,-0.00596,-0.000921887,0.00226,0.000369885,-0.000276001,0.000645886,,,,,,,,,,,,,,,,,,,,,,,,,,,,,,,,,,,,,,0.000188329,0.000126745,8.91135E-05,,1.35E-04,,,,,,0.000254806,0.000102235,0.00017852,,,,,,,,,,,,,,,,,,,,,,,,,,,,,,,,,,,,,
,,,,280K,5.346E+18,,,,,,,,,,,,,,,,,,,,,,,,,280K,4.9995E+18,-0.00583,-0.000901779,0.00251,0.000410802,-0.000245488,0.00065629,,,,,,,,,,,,,,,,,,,,,,,,,,,,,,,,,,,,,,,,,,,,,,,,0.000249248,0.000113544,0.000181396,,,,,,,,,,,,,,,,,,,,,,,,,,,,,,,,,,,,,
,,,,290K,5.508E+18,-0.00205,-0.00031719,-0.00656,-0.001218425,0.00388,0.000674665,,,,,-0.000286983,0.000946907,,,,,,,,,,,,,290K,5.151E+18,-0.00707,-0.001093581,0.0024,0.000392799,-0.000350391,0.00074319,,,,,,,,,,,,,,,,,,,,,,,,,,,,,,,,,,,,,,8.83463E-05,0.000339365,0.000187913,,2.05E-04,,,,,,0.000302261,0.000108568,0.000205414,,,,,,,,,,,,,,,,,,,,,,,,,,,,,,,,,,,,,
,,,,300K,5.67E+18,,,,,,,,,,,,,,,,,,,,,,,,,300K,5.3025E+18,-0.00574,-0.000887858,0.00534,0.000873977,-6.9403E-06,0.000880917,,,,,,,,,,,,,,,,,,,,,,,,,,,,,,,,,,,,,,,,,,,,,,,,0.0002454,0.000241563,0.000243482,,,,,,,,,,,,,,,,,,,,,,,,,,,,,,,,,,,,,
,,,,310K,5.832E+18,-0.00357,-0.000552375,-0.00756,-0.00140416,0.00279,0.000485133,,,,,-0.000490468,0.000946167,,,,,,,,,,,,,310K,5.454E+18,-0.00359,-0.000555298,0.00621,0.001016367,0.000230534,0.000785832,,,,,,,,,,,,,,,,,,,,,,,,,,,,,,,,,,,,,,0.000153852,0.000391098,0.000135123,,2.27E-04,,,,,,0.000153482,0.000280919,0.000217201,,,,,,,,,,,,,,,,,,,,,,,,,,,,,,,,,,,,,
,,,,,,,,,,,,,,,,,,,,,,,,,,,,,,,,,,,,,,,,,,,,,,,,,,,,,,,,,,,,,,,,,,,,,,,,,,,,,,,,,,,,,,,,,,,,,,,,,,,,,,,,,,,,,,,,,,,,,,,,,,,,
,,,,,,,,,,,,,,,,,,,,,,,,,,,,,,,,,,,,,,,,,,,,,,,,,,,,,,,,,,,,,,,,,,,,,,,,,,,,,,,,,,,,,,,,,,,,,,,,,,,,,,,,,,,,,,,,,,,,,,,,,,,,
,,,,,,,,,,,,,,,,,,,,,,,,,,,,,,,,,,,,,,,,,,,,,,,,,,,,,,,,,,,,,,,,,,,,,,,,,,,,,,,,,,,,,,,,,,,,,,,,,,,,,,,,,,,,,,,,,,,,,,,,,,,,
,,,,,,,,,,,,,,,,,,,,,,,,,,,,,,,,,,,,,,,,,,,,,,,,,,,,,,,,,,,,,,,,,,,,,,,,,,,,,,,,,,,,,,,,,,,,,,,,,,,,,,,,,,,,,,,,,,,,,,,,,,,,
,,,,,,,,,,,,,,,,,,,,,,,,,,,,,,,,,,,,,,,,,,,,,,,,,,,,,,,,,,,,,,,,,,,,,,,,,,,,,,,,,,,,,,,,,,,,,,,,,,,,,,,,,,,,,,,,,,,,,,,,,,,,
,,,,,,,,,,,,,,,,,,,,,,,,,,,,,,,,,,,,,,,,,,,,,,,,,,,,,,,,,,,,,,,,,,,,,,,,,,,,,,,,,,,,,,,,,,,,,,,,,,,,,,,,,,,,,,,,,,,,,,,,,,,,
,,,,,,,,,,,,,,,,,,,,,,,,,,,,,,,,,,,,,,,,,,,,,,,,,,,,,,,,,,,,,,,,,,,,,,,,,,,,,,,,,,,,,,,,,,,,,,,,,,,,,,,,,,,,,,,,,,,,,,,,,,,,
,,,,,,,,,,,,,,,,,,,,,,,,,,,,,,,,,,,,,,,,,,,,,,,,,,,,,,,,,,,,,,,,,,,,,,,,,,,,,,,,,,,,,,,,,,,,,,,,,,,,,,,,,,,,,,,,,,,,,,,,,,,,
,,,,,,,,,,,,,,,,,,,,,,,,,,,,,,,,,,,,,,,,,,,,,,,,,,,,,,,,,,,,,,,,,,,,,,,,,,,,,,,,,,,,,,,,,,,,,,,,,,,,,,,,,,,,,,,,,,,,,,,,,,,,
,,,,,,,,,,,,,,,,,,,,,,,,,,,,,,,,,,,,,,,,,,,,,,,,,,,,,,,,,,,,,,,,,,,,,,,,,,,,,,,,,,,,,,,,,,,,,,,,,,,,,,,,,,,,,,,,,,,,,,,,,,,,
,,,,,,,,,,,,,,,,,,,,,,,,,,,,,,,,,,,,,,,,,,,,,,,,,,,,,,,,,,,,,,,,,,,,,,,,,,,,,,,,,,,,,,,,,,,,,,,,,,,,,,,,,,,,,,,,,,,,,,,,,,,,
,,,,,,,,,,,,,,,,,,,,,,,,,,,,,,,,,,,,,,,,,,,,,,,,,,,,,,,,,,,,,,,,,,,,,,,,,,,,,,,,,,,,,,,,,,,,,,,,,,,,,,,,,,,,,,,,,,,,,,,,,,,,
,,,,,,,,,,,,,,,,,,,,,,,,,,,,,,,,,,,,,,,,,,,,,,,,,,,,,,,,,,,,,,,,,,,,,,,,,,,,,,,,,,,,,,,,,,,,,,,,,,,,,,,,,,,,,,,,,,,,,,,,,,,,
,,,,,,,,,,,,,,,,,,,,,,,,,,,,,,,,,,,,,,,,,,,,,,,,,,,,,,,,,,,,,,,,,,,,,,,,,,,,,,,,,,,,,,,,,,,,,,,,,,,,,,,,,,,,,,,,,,,,,,,,,,,,
,,,,,,,,,,,,,,,,,,,,,,,,,,,,,,,,,,,,,,,,,,,,,,,,,,,,,,,,,,,,,,,,,,,,,,,,,,,,,,,,,,,,,,,,,,,,,,,,,,,,,,,,,,,,,,,,,,,,,,,,,,,,
,,,,,,,,,,,,,,,,,,,,,,,,,,,,,,,,,,,,,,,,,,,,,,,,,,,,,,,,,,,,,,,,,,,,,,,,,,,,,,,,,,,,,,,,,,,,,,,,,,,,,,,,,,,,,,,,,,,,,,,,,,,,
,,,,,,,,,,,,,,,,,,,,,,,,,,,,,,,,,,,,,,,,,,,,,,,,,,,,,,,,,,,,,,,,,,,,,,,,,,,,,,,,,,,,,,,,,,,,,,,,,,,,,,,,,,,,,,,,,,,,,,,,,,,,
,,,,,,,,,,,,,,,,,,,,,,,,,,,,,,,,,,,,,,,,,,,,,,,,,,,,,,,,,,,,,,,,,,,,,,,,,,,,,,,,,,,,,,,,,,,,,,,,,,,,,,,,,,,,,,,,,,,,,,,,,,,,
,,,,,,,,,,,,,,,,,,,,,,,,,,,,,,,,,,,,,,,,,,,,,,,,,,,,,,,,,,,,,,,,,,,,,,,,,,,,,,,,,,,,,,,,,,,,,,,,,,,,,,,,,,,,,,,,,,,,,,,,,,,,
,,,,,,,,,,,,,,,,,,,,,,,,,,,,,,,,,,,,,,,,,,,,,,,,,,,,,,,,,,,,,,,,,,,,,,,,,,,,,,,,,,,,,,,,,,,,,,,,,,,,,,,,,,,,,,,,,,,,,,,,,,,,
,,,,,,,,,,,,,,,,,,,,,,,,,,,,,,,,,,,,,,,,,,,,,,,,,,,,,,,,,,,,,,,,,,,,,,,,,,,,,,,,,,,,,,,,,,,,,,,,,,,,,,,,,,,,,,,,,,,,,,,,,,,,
,,,,,,,,,,,,,,,,,,,,,,,,,,,,,,,,,,,,,,,,,,,,,,,,,,,,,,,,,,,,,,,,,,,,,,,,,,,,,,,,,,,,,,,,,,,,,,,,,,,,,,,,,,,,,,,,,,,,,,,,,,,,
,,,,,,,,,,,,,,,,,,,,,,,,,,,,,,,,,,,,,,,,,,,,,,,,,,,,,,,,,,,,,,,,,,,,,,,,,,,,,,,,,,,,,,,,,,,,,,,,,,,,,,,,,,,,,,,,,,,,,,,,,,,,
,,,,,,,,,,,,,,,,,,,,,,,,,,,,,,,,,,,,,,,,,,,,,,,,,,,,,,,,,,,,,,,,,,,,,,,,,,,,,,,,,,,,,,,,,,,,,,,,,,,,,,,,,,,,,,,,,,,,,,,,,,,,
,,,,,,,,,,,,,,,,,,,,,,,,,,,,,,,,,,,,,,,,,,,,,,,,,,,,,,,,,,,,,,,,,,,,,,,,,,,,,,,,,,,,,,,,,,,,,,,,,,,,,,,,,,,,,,,,,,,,,,,,,,,,
,,,,,,,,,,,,,,,,,,,,,,,,,,,,,,,,,,,,,,,,,,,,,,,,,,,,,,,,,,,,,,,,,,,,,,,,,,,,,,,,,,,,,,,,,,,,,,,,,,,,,,,,,,,,,,,,,,,,,,,,,,,,
,,,,,,,,,,,,,,,,,,,,,,,,,,,,,,,,,,,,,,,,,,,,,,,,,,,,,,,,,,,,,,,,,,,,,,,,,,,,,,,,,,,,,,,,,,,,,,,,,,,,,,,,,,,,,,,,,,,,,,,,,,,,
,,,,,,,,,,,,,,,,,,,,,,,,,,,,,,,,,,,,,,,,,,,,,,,,,,,,,,,,,,,,,,,,,,,,,,,,,,,,,,,,,,,,,,,,,,,,,,,,,,,,,,,,,,,,,,,,,,,,,,,,,,,,
,,,,,,,,,,,,,,,,,,,,,,,,,,,,,,,,,,,,,,,,,,,,,,,,,,,,,,,,,,,,,,,,,,,,,,,,,,,,,,,,,,,,,,,,,,,,,,,,,,,,,,,,,,,,,,,,,,,,,,,,,,,,
,,,,,,,,,,,,,,,,,,,,,,,,,,,,,,,,,,,,,,,,,,,,,,,,,,,,,,,,,,,,,,,,,,,,,,,,,,,,,,,,,,,,,,,,,,,,,,,,,,,,,,,,,,,,,,,,,,,,,,,,,,,,
,,,,,,,,,,,,,,,,,,,,,,,,,,,,,,,,,,,,,,,,,,,,,,,,,,,,,,,,,,,,,,,,,,,,,,,,,,,,,,,,,,,,,,,,,,,,,,,,,,,,,,,,,,,,,,,,,,,,,,,,,,,,
X-CHO/H2CO Production/Sublimation 1726 alone,,,,,,,,,,,,,,,,,,,,,,,,,,,,,,,,,,,,,,,,,,,,,,,,,,,,,,,,,,,,,,,,,,,,,,,,,,,,,,,,,,,,,,,,,,,,,,,,,,,,,,,,,,,,,,,,,,,,,,,,,,,,
100% Methanol,,,,,,,,,,,,,,,,,,,,,,,,,,,,,,,,,,,,,,11-16% Methanol,,,,,,,,,,,,,,,,,,,,,,,,,,,,,,,,,,,,1720 cm-1,,,,,,,,,,,,,,,,,,,,,,,,,,,,,,,,,,,,,,,,,,,,,,,,,,
0min 100W,,,,60min 100W,,,,,,,,,,,,,,0min 50W,,,,,,,,,,,,75min 50W,,,,,,,,0 min 100W,,,,,,,,60 min 100W,,,,,,,,,,,,,,0min 50W,,,,,,,,75min 50W,,,,,,0 min 100W 100%,60 min 100W 100%,,,,,0 min 50W 100%,,,,,75 min 50W 100%,,,0min 100W 11-16%,,,60min 100W 11-16%,,,,,,0min 50W 11-16%,,,75min 50W 11-16%,,,,1726,,,,,,,,,,,,,,,,,,,,
,,110923,,,,101223,,092823 - IR out,,91523,,83123,,102824,,Average,st. dev.,,,010324 -2nd good,,122123 -power surge,,122723 -purge,,121823 -oscillate,,Average,st. dev.,,,010523,,122923 -purge,,Average,st. dev.,,,81524,,81624,,Average,st. dev.,,,71824,,090324 -purge,,92424,,100824 -purge,,101524,,Average,st. dev.,,,82724,,083024 -purge,,Average,st. dev.,,,91724,,,,110923,101223,92823,91523,83123,ave,10324,122123,122723,121823,ave,10524,122923,ave,81524,81624,ave,71824,90324,92424,100824,101524,ave,82724,83024,ave,91724,,,,100%,,,,14-19%,,,,,,,,,,,,,,,,
Temp,Fluence,Integrated Absorbance,Normalized,Time/Temp,Fluence,Integrated Absorbance,Normalized,Integrated Absorbance,Normalized,Integrated Absorbance,Normalized,Integrated Absorbance,Normalized,Integrated Absorbance,Normalized,Normalized,Normalized,Temp,Fluence,Integrated Absorbance,Normalized,Integrated Absorbance,Normalized,Integrated Absorbance,Normalized,Integrated Absorbance,Normalized,Normalized,Normalized,Time/Temp,Fluence,Integrated Absorbance,Normalized,Integrated Absorbance,Normalized,Normalized,Normalized,Temp,Fluence,Integrated Absorbance,Normalized,Integrated Absorbance,Normalized,Normalized,Normalized,Time/Temp,Fluence,Integrated Absorbance,Normalized,Integrated Absorbance,Normalized,Integrated Absorbance,Normalized,Integrated Absorbance,Normalized,Integrated Absorbance,Normalized,Normalized,Normalized,Temp,Fluence,Integrated Absorbance,Normalized,Integrated Absorbance,Normalized,Normalized,Normalized,Time/Temp,Fluence,Integrated Absorbance,Normalized,,,Propagated 1sigma error,Propagated 1sigma error,Propagated 1sigma error,Propagated 1sigma error,Propagated 1sigma error,Propagated 1sigma error,Propagated 1sigma error,Propagated 1sigma error,Propagated 1sigma error,Propagated 1sigma error,Propagated 1sigma error,Propagated 1sigma error,Propagated 1sigma error,Propagated 1sigma error,Propagated 1sigma error,Propagated 1sigma error,Propagated 1sigma error,Propagated 1sigma error,Propagated 1sigma error,Propagated 1sigma error,Propagated 1sigma error,Propagated 1sigma error,Propagated 1sigma error,Propagated 1sigma error,Propagated 1sigma error,Propagated 1sigma error,Propagated 1sigma error,,fluence,normalized absorbance,temp,fluence,norm. int. absorbance,error,temp,fluence,norm. int. absorbance,error,,,,,,,,,,,,,
,,,,,,,,,,,,,,,,,,,,,,,,,,,,,,,,,,,,,,,,,,,,,,,,,,,,,,,,,,,,,,,,,,,,,,,,,,,,,,,,,,,,,,,,,,,,,,,,,,,,,,,,20,1.54E+17,0.054789422,0.015260387,20,1.54E+17,0.232810008,0.064844102,,,,,,,,,,,,,
20K,1.62E+17,0.32728,0.050576418,10,1.62E+17,0.75803,0.117287637,0.2,0.037147103,0.29902,0.051994436,0.2686,0.099725254,,,0.068809725,0.038088542,20K,1.515E+17,0.27139,0.039360406,0.19057,0.02985119,0.21829,0.032272324,0.22484,0.03376483,0.033812188,0.004035082,12.5,1.515E+17,0.22411,0.03466512,0.18997,0.031091653,0.032878386,0.001786733,20K,1.62E+17,0.1582,0.187997623,0.22483,0.218430001,0.203213812,0.021518941,10,1.62E+17,0.3109,0.284290417,0.2106,0.28125,0.408,0.43427355,0.3593,0.415039852,0.2453,0.252029179,0.345648145,0.084547501,20K,1.515E+17,0.1091,0.158,0.13,0.149,0.1535,0.006363961,12.5,1.515E+17,0.2537,0.292449568,,,0.002160312,0.005016439,0.001907022,0.002498928,0.010234554,0.004914236,0.001577835,0.001292418,0.001318747,0.001401492,0.001397623,0.001482038,0.001406491,0.001444265,0.061765828,0.058676192,0.06022101,0.071896306,0.103878047,0.127947316,0.132688162,0.071605903,0.101603147,0.062965376,0.047251619,0.055108498,0.093239549,,,,50,6.17E+17,0.08483813,0.023629793,50,6.17E+17,0.553953155,0.154291455,,,,,,,,,,,,,
30K,3.24E+17,0.44564,0.068867254,20,3.24E+17,0.92363,0.142910413,0.2921,0.054253343,0.40009,0.069568771,0.3246,0.120516819,,,0.096812336,0.041794796,30K,3.03E+17,0.41206,0.059762146,0.29128,0.045626566,0.32403,0.047905086,0.35254,0.052941883,0.05155892,0.006264951,25,3.03E+17,0.37472,0.05796133,0.26885,0.044001637,0.050981483,0.006979847,30K,3.24E+17,0.2239,0.26607249,0.26069,0.253269212,0.259670851,0.009053285,20,3.24E+17,0.4673,0.427304316,0.3432,0.458333333,0.5964,0.634805748,0.5273,0.60910246,0.391,0.401726087,0.525991907,0.10788754,30K,3.03E+17,0.1631,0.236,0.1916,0.22,0.228,0.011313708,25,3.03E+17,0.291,0.335446686,,,0.002941633,0.006112651,0.002785239,0.003343632,0.012368779,0.006152575,0.002395715,0.001975437,0.001957568,0.002197511,0.002131558,0.002478063,0.001990514,0.002234289,0.087440982,0.068043596,0.077742289,0.108149179,0.169454148,0.187338238,0.195028646,0.114223806,0.154838803,0.094153,0.069655659,0.08190433,0.106970334,,1.62E+17,0.068809725,100,1.39E+18,0.06918975,0.019271281,70,9.26E+17,0.55654102,0.155012248,,,,,,,,,,,,,
40K,4.86E+17,0.55619,0.085951167,30,4.86E+17,0.97056,0.150171747,0.3629,0.067403418,0.44847,0.077981221,0.5374,0.199524764,,,0.123770287,0.062475703,40K,4.545E+17,0.51789,0.07511095,0.37986,0.05950188,0.36752,0.054334713,0.41924,0.062958402,0.062976486,0.008831736,37.5,4.545E+17,0.45823,0.070878577,0.32212,0.052720131,0.061799354,0.009079223,40K,4.86E+17,0.3175,0.377302436,0.32472,0.315476538,0.346389487,0.043717512,30,4.86E+17,0.57,0.521214338,0.3295,0.440037393,0.7015,0.746673763,0.6069,0.701051173,0.4819,0.495119696,0.595720506,0.134796258,40K,4.545E+17,0.1948,0.281,0.2318,0.266,0.2735,0.010606602,37.5,4.545E+17,0.2839,0.327262248,,,0.00367144,0.006423343,0.003460376,0.003747989,0.020481464,0.008528293,0.003011058,0.002576208,0.002220317,0.0026133,0.002605221,0.003030362,0.002384931,0.002707647,0.124063766,0.084779485,0.104421625,0.132008182,0.162669163,0.220613675,0.224677853,0.140869713,0.176167717,0.112473118,0.084284853,0.098378986,0.104356028,,3.24E+17,0.096812336,130,1.85E+18,0.003448791,0.000960585,100,1.39E+18,0.46789718,0.130322458,,,,,,,,,,,,,
50K,6.48E+17,0.66476,0.102729099,40,6.48E+17,1.03081,0.159494043,0.4261,0.079141902,0.49361,0.08583029,0.5073,0.188349298,,,0.128203883,0.054157623,50K,6.06E+17,0.56082,0.081337201,0.41581,0.065133145,0.38319,0.05665139,0.45003,0.06758222,0.067675989,0.010241181,50,6.06E+17,0.50789,0.078559938,0.3673,0.060114566,0.069337252,0.009222686,50K,6.48E+17,0.3546,0.421390374,0.35155,0.341542796,0.381466585,0.056460764,40,6.48E+17,0.6248,0.571324067,0.3228,0.431089744,0.7391,0.786695051,0.6717,0.775903893,0.5673,0.582862427,0.644137779,0.150889436,50K,6.06E+17,0.2034,0.294,0.2643,0.303,0.2985,0.006363961,50,6.06E+17,0.3762,0.433659942,,,0.004388224,0.006822241,0.004063064,0.004125278,0.01933364,0.008586056,0.003260682,0.002820036,0.002314989,0.00280524,0.002800237,0.003358803,0.002719455,0.003039129,0.138598364,0.091796546,0.115197455,0.144760576,0.159351883,0.232547941,0.248878393,0.16595494,0.190298747,0.117445058,0.096117945,0.106781502,0.138370218,,4.86E+17,0.123770287,150,2.16E+18,0.022983193,0.006401462,130,1.85E+18,0.293110618,0.081639509,,,,,,,,,,,,,
60K,8.1E+17,0.68556,0.10594344,50,8.1E+17,,0.160984063,0.46421,0.086220282,0.55444,0.096407581,0.5671,0.210551719,,,0.138540911,0.058314999,60K,7.575E+17,0.5908,0.085685279,0.43635,0.068350564,0.37039,0.054759018,0.49303,0.074039646,0.070708627,0.012849725,62.5,7.575E+17,0.55768,0.086261408,0.41565,0.068027823,0.077144615,0.009116792,60K,8.1E+17,0.4114,0.488888889,0.32518,0.315923443,0.402406166,0.12230504,50,8.1E+17,0.6737,0.616038771,0.2796,0.373397436,0.6629,0.705588079,0.7393,0.85399099,0.6598,0.677899928,0.652719108,0.175382814,60K,7.575E+17,0.2233,0.323,0.2645,0.303,0.313,0.014142136,62.5,7.575E+17,0.4308,0.496599424,,,0.004525553,,0.004426501,0.004633725,0.021614151,0.010224792,0.003435009,0.002959349,0.002237656,0.0030733,0.002926328,0.003688113,0.003077458,0.003382785,0.160875405,0.084899769,0.122887587,0.156154114,0.137976501,0.208378887,0.274192935,0.193192489,0.193978985,0.12895318,0.096190783,0.112571981,0.158524282,,6.48E+17,0.128203883,,,,,150,2.16E+18,0.205664017,0.057283184,,,,,,,,,,,,,
70K,9.72E+17,0.72284,0.111704528,60,9.72E+17,1.05007,0.162474083,0.53189,0.098790862,0.59404,0.10329334,0.44434,0.164973639,,,0.132382981,0.036250348,70K,9.09E+17,0.61529,0.089237128,0.44235,0.069290414,0.39131,0.057851863,0.50107,0.075247034,0.07290661,0.013062487,75,9.09E+17,0.5813,0.089914927,0.42096,0.06889689,0.079405908,0.010509018,70K,9.72E+17,0.4091,0.486155674,0.33127,0.321840086,0.40399788,0.116188667,60,9.72E+17,0.7608,0.69568398,0.3822,0.510416667,0.6684,0.711442257,0.7686,0.887836433,0.6674,0.685708415,0.698850943,0.133755638,70K,9.09E+17,0.1966,0.284,0.2601,0.298,0.291,0.009899495,75,9.09E+17,0.469,0.540634006,,,0.004771693,0.006949761,0.005071959,0.004964734,0.016933098,0.008479888,0.003577415,0.003000044,0.002364047,0.003123422,0.003016232,0.003844339,0.003116776,0.003480557,0.159972715,0.086492303,0.123232509,0.176484447,0.188783788,0.210121176,0.285188438,0.195433804,0.21120233,0.113513689,0.094588414,0.104051051,0.172641789,,8.1E+17,0.138540911,,,,,,,,,,,,,,,,,,,,,
80K,1.134E+18,0.73066,0.112912996,20K,1.134E+18,,,,,,,,,,,,,80K,1.0605E+18,0.62903,0.091229877,0.44257,0.069324875,0.37642,0.055650503,0.50108,0.075248536,0.072863447,0.01474021,20K,1.0605E+18,0.5953,0.092080433,0.45271,0.07409329,0.083086861,0.008993572,80K,1.134E+18,0.415,0.493166964,0.32886,0.319498688,0.406332826,0.122802016,20K,1.134E+18,,,0.3969,0.530048077,0.6775,0.72112826,0.7512,0.867737091,0.7149,0.734511456,0.713356221,0.13897635,80K,1.0605E+18,0.1922,0.278,0.2633,0.302,0.29,0.016970563,20K,1.0605E+18,0.4477,0.516080692,,,0.004823326,,,,,,0.003657312,0.003001536,0.002274087,0.003123484,0.003014105,0.003936938,0.003351871,0.003644404,0.162288423,0.085862072,0.124075247,,0.196075588,0.213004601,0.27865692,0.209454692,0.22429795,0.110970134,0.095753762,0.103361948,0.164768158,,9.72E+17,0.132382981,,,,,,,,,,,,,,,,,,,,,
90K,1.296E+18,0.7309,0.112950085,30K,1.296E+18,1.0899,0.168636856,0.482,0.089524517,0.62372,0.108454182,0.35339,0.131205911,,,0.124455366,0.034028302,90K,1.212E+18,0.65226,0.094598985,0.44303,0.06939693,0.37126,0.05488764,0.50082,0.075209491,0.073523261,0.016445288,30K,1.212E+18,0.61565,0.095228152,0.4585,0.075040917,0.085134534,0.010093618,90K,1.296E+18,0.4337,0.515389186,0.34923,0.339288837,0.427339012,0.124521751,30K,1.296E+18,0.8377,0.766002195,0.5341,0.713274573,0.6694,0.712506653,0.7808,0.901929075,0.6895,0.708414672,0.759031243,0.082581646,90K,1.212E+18,0.2154,0.311,0.2512,0.288,0.2995,0.016263456,30K,1.212E+18,0.4521,0.521152738,,,0.00482491,0.007213485,0.004596159,0.005212831,0.013466094,0.007622142,0.003792394,0.003004656,0.002242912,0.003121863,0.003040456,0.004071538,0.003394744,0.003733141,0.169630504,0.091189667,0.130410086,0.194476581,0.264317896,0.210437991,0.289771143,0.20195445,0.232191612,0.124384062,0.091347597,0.107865829,0.166394253,,1.296E+18,0.124455366,,,,,,,,,,,,,,,,,,,,,
100K,1.458E+18,0.70417,0.108819348,40K,1.458E+18,,,,,,,,,,,,,100K,1.3635E+18,0.66708,0.096748368,0.4466,0.06995614,0.36067,0.053321999,0.50256,0.075470791,0.073874325,0.017921317,40K,1.3635E+18,0.63173,0.097715391,0.4606,0.075384615,0.086550003,0.011165388,100K,1.458E+18,0.4317,0.513012478,0.34467,0.334858642,0.42393556,0.125973786,40K,1.458E+18,,,0.5346,0.713942308,0.6356,0.676530069,0.8168,0.943513919,0.6769,0.695469023,0.75736383,0.125036459,100K,1.3635E+18,0.207,0.299,0.2558,0.293,0.296,0.004242641,40K,1.3635E+18,0.4052,0.467089337,,,0.004648424,,,,,,0.003878574,0.00302887,0.002178931,0.00313271,0.003054771,0.004177897,0.003410294,0.003794096,0.168845073,0.089996899,0.129420986,,0.264567276,0.199735608,0.303309361,0.19823622,0.241462116,0.119526583,0.09302257,0.106274576,0.149071366,,1.62E+18,0.139644475,,,,,,,,,,,,,,,,,,,,,
110K,1.62E+18,0.73551,0.113662494,50K,1.62E+18,1.15895,0.179320749,0.4851,0.090100297,0.63605,0.110598157,0.48093,0.178558699,,,0.139644475,0.046140502,110K,1.515E+18,0.69507,0.100807832,0.52189,0.081749687,0.36908,0.054565346,0.52244,0.078456225,0.078894772,0.018977583,50K,1.515E+18,0.62805,0.097146172,0.4246,0.069492635,0.083319403,0.013826768,110K,1.62E+18,0.4129,0.49067142,0.33428,0.324764403,0.407717912,0.117313977,50K,1.62E+18,0.8379,0.766185077,0.4715,0.629674145,0.6179,0.657690261,0.8245,0.952408456,0.6957,0.714784753,0.738639404,0.12776879,110K,1.515E+18,0.21,0.303,0.2486,0.285,0.294,0.012727922,50K,1.515E+18,0.4287,0.494178674,,,0.004855349,0.007670712,0.004625723,0.005315901,0.018328147,0.008985121,0.00404134,0.00353954,0.002229742,0.003256644,0.003266816,0.004153556,0.003143728,0.003648642,0.161464146,0.087279469,0.124371807,0.19452343,0.23313673,0.194135893,0.306208107,0.203784626,0.226357757,0.121261301,0.090400926,0.105831113,0.157748613,,1.944E+18,0.131433092,,,,,,,,,,,,,,,,,,,,,
120K,1.782E+18,0.81086,0.125306753,60K,1.782E+18,,,,,,,,,,,,,120K,1.6665E+18,0.7804,0.113183466,0.57974,0.090811404,0.43999,0.065048788,0.59496,0.089346749,0.089597602,0.019667855,60K,1.6665E+18,0.63084,0.097577726,0.45278,0.074104746,0.085841236,0.01173649,120K,1.782E+18,0.3998,0.475103981,0.3417,0.331973186,0.403538584,0.101208756,60K,1.782E+18,,,0.4513,0.60269765,0.7498,0.798084087,0.7697,0.889107081,0.6496,0.667420117,0.739327234,0.128743475,120K,1.6665E+18,0.2033,0.294,0.2309,0.265,0.2795,0.020506097,60K,1.6665E+18,0.4195,0.483573487,,,0.005352875,,,,,,0.004537566,0.003931936,0.002658159,0.003708752,0.003709103,0.00417201,0.00335239,0.0037622,0.156323266,0.089220074,0.12277167,,0.223091577,0.235947214,0.285601526,0.190185259,0.233706394,0.11738724,0.083957248,0.100672244,0.154350941,,2.268E+18,0.130696937,,,,,,,,,,,,,,,,,,,,,
130K,1.944E+18,0.85752,0.132517385,70K,1.944E+18,1.08556,0.167965341,0.45792,0.085052006,0.57508,0.099996522,0.4652,0.172718497,,,0.131433092,0.045381909,130K,1.818E+18,0.87266,0.126564177,0.64796,0.101497494,0.53341,0.078860142,0.69243,0.103984082,0.102726474,0.019501537,70K,1.818E+18,0.61029,0.094399072,0.39897,0.065297872,0.079848472,0.0145506,130K,1.944E+18,0.3513,0.417468806,0.27011,0.262421063,0.339944935,0.10963531,70K,1.944E+18,0.8184,0.74835406,0.3534,0.471955128,0.7487,0.796913252,0.7713,0.890955296,0.688,0.706873523,0.7166743,0.156203848,130K,1.818E+18,0.1734,0.251,0.1628,0.187,0.219,0.045254834,70K,1.818E+18,0.3769,0.434466859,,,0.005660981,0.007184749,0.004366516,0.00480625,0.017728398,0.008521478,0.00507413,0.00439469,0.003222597,0.004316437,0.004251964,0.004036085,0.002953951,0.003495018,0.137305043,0.070504917,0.10390498,0.189957007,0.174507441,0.235597692,0.286202418,0.201511723,0.217555256,0.100104502,0.05917935,0.079641926,0.138628435,,2.592E+18,0.133418186,,,,,,,,,,,,,,,,,,,,,
140K,2.106E+18,0.92028,0.142216041,80K,2.106E+18,,,,,,,,,,,,,140K,1.9695E+18,0.92321,0.133895577,0.68019,0.106546053,0.53978,0.079801892,0.71651,0.10760024,0.10696094,0.022088227,80K,1.9695E+18,0.59566,0.092136118,0.375,0.061374795,0.076755456,0.015380661,140K,2.106E+18,0.2826,0.335828877,0.2278,0.221315457,0.278572167,0.080973216,80K,2.106E+18,,,0.4259,0.568776709,0.6967,0.741564662,0.7095,0.81956798,0.639,0.656529333,0.696609671,0.108147117,140K,1.9695E+18,0.1388,0.201,0.1522,0.175,0.188,0.018384776,80K,1.9695E+18,0.3751,0.432391931,,,0.006075421,,,,,,0.005368135,0.004613323,0.003261086,0.004466572,0.004427279,0.003939319,0.002776468,0.003357893,0.11040128,0.059451887,0.084926583,,0.210471131,0.219091339,0.26302454,0.187061117,0.219912032,0.080115803,0.055324269,0.067720036,0.137964456,,2.916E+18,0.13120279,,,,,,,,,,,,,,,,,,,,,
150K,2.268E+18,0.8443,0.130474424,90K,2.268E+18,0.97472,0.150815411,0.42836,0.079561664,0.55887,0.097177882,0.52584,0.195232791,,,0.130696937,0.052624369,150K,2.121E+18,0.88536,0.128406091,0.63884,0.100068922,0.5068,0.074926079,0.69895,0.104963208,0.102091075,0.021929853,90K,2.121E+18,0.57363,0.088728538,0.33952,0.055567921,0.07214823,0.016580308,150K,2.268E+18,0.2609,0.310041592,0.2353,0.228601963,0.269321778,0.057586514,90K,2.268E+18,0.8566,0.783284565,0.469,0.62633547,0.6736,0.716977116,0.6776,0.782719187,0.659,0.677077982,0.700777439,0.068055292,150K,2.121E+18,0.1611,0.233,0.1839,0.211,0.222,0.015556349,90K,2.121E+18,0.3716,0.428357349,,,0.005573685,0.006450884,0.004084616,0.004670754,0.020040625,0.00881172,0.005147994,0.004332826,0.003061819,0.004357088,0.004224931,0.003793608,0.002513764,0.003153686,0.101910774,0.061410816,0.081660795,0.19890518,0.231893101,0.211768735,0.251084925,0.192956592,0.217321707,0.092997483,0.066854378,0.07992593,0.136673466,,3.24E+18,0.129131704,,,,,,,,,,,,,,,,,,,,,
160K,2.43E+18,0.8178,0.12637923,100K,2.43E+18,,,,,,,,,,,,,160K,2.2725E+18,0.85044,0.123341552,0.54746,0.085755013,0.48825,0.072183619,0.64762,0.097254843,0.094633757,0.021709049,100K,2.2725E+18,0.55743,0.086222738,0.34584,0.056602291,0.071412515,0.014810223,160K,2.43E+18,0.2638,0.313487819,0.247,0.239968911,0.276728365,0.051985718,100K,2.43E+18,,,0.387,0.516826923,0.7161,0.762213944,0.7003,0.808940742,0.5858,0.601869927,0.672462884,0.136488554,160K,2.2725E+18,0.1494,0.216,0.2132,0.244,0.23,0.01979899,100K,2.2725E+18,0.3588,0.413602306,,,0.0053987,,,,,,0.0049449,0.00371298,0.00294974,0.00403706,0.00391117,0.00368646,0.002560559,0.003123509,0.103045262,0.06446705,0.083756156,,0.191164408,0.22524575,0.259579492,0.171396559,0.211846552,0.086238414,0.077515176,0.081876795,0.131953,,3.564E+18,0.124674662,,,,,,,,,,,,,,,,,,,,,
170K,2.592E+18,0.75027,0.11594344,110K,2.592E+18,0.97071,0.150194956,0.41522,0.0771211,0.56338,0.097962094,0.56129,0.208394594,,,0.133418186,0.05867827,170K,2.424E+18,0.80844,0.117250181,0.49658,0.077785088,0.47199,0.069779716,0.5378,0.080762877,0.086394466,0.021086815,110K,2.424E+18,0.58532,0.090536736,0.34948,0.057198036,0.073867386,0.01666935,170K,2.592E+18,0.2386,0.283541295,0.16846,0.163664626,0.223602961,0.084765606,110K,2.592E+18,0.8111,0.741678859,0.4562,0.609241453,0.7858,0.836402342,0.7703,0.889800162,0.6232,0.640295901,0.743934965,0.121155212,170K,2.424E+18,0.1165,0.168,0.1491,0.171,0.1695,0.00212132,110K,2.424E+18,0.372,0.428818444,,,0.004952804,0.006424336,0.003959309,0.004708452,0.021392562,0.009121165,0.004700637,0.003367868,0.002851499,0.0033524,0.003568101,0.003870928,0.00258751,0.003229219,0.09318878,0.043957614,0.068573197,0.188248242,0.225527572,0.247394442,0.285826855,0.18240627,0.225880676,0.067237986,0.054196913,0.06071745,0.136821003,,3.888E+18,0.090310713,,,,,,,,,,,,,,,,,,,,,
180K,2.754E+18,0.69235,0.106992737,120K,2.754E+18,,,,,,,,,,,,,180K,2.5755E+18,0.7436,0.107846265,0.41334,0.064746241,0.41063,0.060708161,0.53246,0.079960955,0.078315405,0.021361311,120K,2.5755E+18,0.62843,0.09720495,0.37262,0.06098527,0.07909511,0.01810984,180K,2.754E+18,0.1663,0.197623292,0.12531,0.121742932,0.159683112,0.053655517,120K,2.754E+18,,,0.3123,0.417067308,0.7396,0.787227249,0.7783,0.899041238,0.5833,0.599301346,0.675659285,0.212169157,180K,2.5755E+18,0.1035,0.15,0.0788,0.0904,0.1202,0.042143564,120K,2.5755E+18,0.3317,0.382363112,,,0.004570383,,,,,,0.004323557,0.002803283,0.002480773,0.00331911,0.003231681,0.00415607,0.002758846,0.003457458,0.064930167,0.032695111,0.048812639,,0.154154344,0.232706754,0.288831851,0.17066104,0.211588497,0.059732274,0.028638634,0.044185454,0.121963219,,4.212E+18,0.089539112,,,,,,,,,,,,,,,,,,,,,
190K,2.916E+18,0.68386,0.105680729,130K,2.916E+18,0.98089,0.151770076,0.5334,0.099071322,0.62831,0.109252304,0.44365,0.164717458,,,0.13120279,0.031940054,190K,2.727E+18,0.721,0.104568528,0.40628,0.063640351,0.38713,0.057233885,0.50092,0.075224508,0.075166818,0.020967542,130K,2.727E+18,0.68494,0.105945862,0.45686,0.074772504,0.090359183,0.015586679,190K,2.916E+18,0.1337,0.158882947,0.10765,0.104585641,0.131734294,0.038393993,130K,2.916E+18,0.711,0.650146306,0.4905,0.655048077,0.6041,0.643001597,0.7371,0.851449694,0.5344,0.549059899,0.674639817,0.110563112,190K,2.727E+18,0.0667,0.0964,0.0818,0.0938,0.0951,0.001838478,130K,2.727E+18,0.2991,0.344783862,,,0.004514328,0.006491733,0.00508636,0.0052512,0.016906792,0.008434021,0.004192129,0.002755399,0.002338793,0.003122486,0.003102202,0.004529856,0.003382601,0.003956228,0.052196243,0.028086529,0.040141386,0.164854513,0.242592272,0.189772219,0.273367921,0.156284459,0.205374277,0.038490235,0.029729083,0.034109659,0.109953257,,4.536E+18,0.081599011,,,,,,,,,,,,,,,,,,,,,
200K,3.078E+18,0.66751,0.103154072,140K,3.078E+18,,,,,,,,,,,,,200K,2.8785E+18,0.73316,0.106332125,0.39647,0.062103697,0.3843,0.056815494,0.50364,0.075632978,0.075221073,0.022202838,140K,2.8785E+18,0.73975,0.114423821,,0.070927169,0.092675495,,200K,3.078E+18,0.1171,0.139156269,0.08484,0.082424949,0.110790609,0.040115101,140K,3.078E+18,,,0.4922,0.657318376,0.5888,0.626716339,0.7214,0.833314081,0.5136,0.527689304,0.661259525,0.127347999,200K,2.8785E+18,0.0726,0.105,0.0825,0.0946,0.0998,0.007353911,140K,2.8785E+18,0.2518,0.290259366,,,0.00440638,,,,,,0.004262844,0.002688863,0.002321695,0.003139443,0.003103211,0.004892413,,0.004892413,0.045713552,0.022134553,0.033924052,,0.243438641,0.184936436,0.267482656,0.150174886,0.211508155,0.041895475,0.029983523,0.035939499,0.092540349,,4.86E+18,0.060955972,,,,,,,,,,,,,,,,,,,,,
210K,3.24E+18,0.68217,0.105419564,150K,3.24E+18,1.0826,0.16750735,0.5423,0.100724369,0.69612,0.121043297,0.34274,0.127251801,,,0.129131704,0.027979893,210K,3.03E+18,0.74098,0.10746628,0.400785,0.062779605,0.38815,0.057384684,0.51069,0.076691695,0.076080566,0.022449113,150K,3.03E+18,0.72597,0.112292343,0.40987,0.067081833,0.089687088,0.022605255,210K,3.24E+18,0.0721,0.085680333,0.09197,0.089351987,0.08751616,0.002596251,150K,3.24E+18,0.6599,0.603419898,0.5057,0.675347222,0.6709,0.714103246,0.7234,0.83562435,0.5577,0.572999075,0.699518473,0.103340314,210K,3.03E+18,0.0466,0.0673,0.0866,0.0993,0.0833,0.022627417,150K,3.03E+18,0.2446,0.281959654,,,0.00450317,0.007165149,0.005171241,0.005818055,0.013060167,0.007803653,0.00430832,0.00271813,0.002344956,0.003183393,0.0031387,0.00480126,0.00303466,0.00391796,0.028143811,0.023994974,0.026069392,0.152937347,0.250161872,0.210913235,0.268232146,0.163132276,0.209075375,0.026890239,0.031473836,0.029182037,0.089890937,,5.184E+18,0.056359544,,,,,,,,,,,,,,,,,,,,,
220K,3.402E+18,0.62846,0.097119456,160K,3.402E+18,,,,,,,,,,,,,220K,3.1815E+18,0.69081,0.100189993,0.37573,0.05885495,0.38284,0.056599645,0.4912,0.07376483,0.072352354,0.020060384,160K,3.1815E+18,0.68213,0.105511214,0.35822,0.058628478,0.082069846,0.023441368,220K,3.402E+18,0.0634,0.075341652,0.04826,0.046886233,0.061113943,0.02012102,160K,3.402E+18,,,0.4768,0.636752137,0.7967,0.848004258,0.706,0.815525009,0.5403,0.555121751,0.713850789,0.140799988,220K,3.1815E+18,0.0568,0.0821,0.0285,0.0327,0.0574,0.034931075,160K,3.1815E+18,0.2172,0.25037464,,,0.004148564,,,,,,0.004016567,0.002548197,0.002312875,0.003061892,0.002984883,0.004511269,0.002652224,0.003581746,0.024747498,0.01259047,0.018668984,,0.235773621,0.250863655,0.261713765,0.158018058,0.226592275,0.032776644,0.010357312,0.021566978,0.079811006,,5.508E+18,0.046316294,,,,,,,,,,,,,,,,,,,,,
230K,3.564E+18,0.61152,0.094501623,170K,3.564E+18,0.91326,0.141305895,0.46543,0.08644688,0.57287,0.099612241,0.46147,0.17133363,,,0.124674662,0.038915059,230K,3.333E+18,0.66053,0.095798405,0.34466,0.053988095,0.35337,0.052242756,0.45458,0.068265505,0.06757369,0.020138844,170K,3.333E+18,0.6306,0.097540603,0.40174,0.065751228,0.081645915,0.015894688,230K,3.564E+18,0.0486,0.057754011,0.03945,0.038327018,0.048040515,0.013736958,170K,3.564E+18,0.3701,0.338423555,0.332,0.443376068,0.542,0.576902608,0.5032,0.581263717,0.3864,0.396999897,0.499635573,0.108540331,230K,3.333E+18,0.052,0.0751,0.0311,0.0357,0.0554,0.027860007,170K,3.333E+18,0.1511,0.174178674,,,0.004036724,0.006044,0.004438136,0.004787777,0.017586186,0.008214025,0.003840485,0.00233747,0.002134828,0.002833604,0.002786597,0.004170423,0.002974462,0.003572442,0.018970136,0.010291986,0.014631061,0.085608748,0.163907108,0.170158417,0.186067455,0.112876704,0.143723687,0.030006533,0.011302208,0.02065437,0.055508399,,5.832E+18,0.036598105,,,,,,,,,,,,,,,,,,,,,
240K,3.726E+18,0.55252,0.085384021,180K,3.726E+18,,,,,,,,,,,,,240K,3.4845E+18,0.62058,0.090004351,0.32281,0.050565476,0.31149,0.046051153,0.41771,0.062728638,0.062337405,0.019743634,180K,3.4845E+18,0.56869,0.087964424,0.40121,0.065664484,0.076814454,0.01114997,240K,3.726E+18,0.0293,0.034818776,0.05321,0.051695327,0.043257052,0.011933524,180K,3.726E+18,,,0.2737,0.365518162,0.413,0.43959553,0.2957,0.341573293,0.2151,0.221000719,0.341921926,0.090772564,240K,3.4845E+18,0.0333,0.0481,0.0523,0.06,0.05405,0.008414571,180K,3.4845E+18,0.129,0.14870317,,,0.003647211,,,,,,0.003608176,0.002189279,0.001881808,0.002603762,0.002570756,0.003760934,0.002970537,0.003365736,0.01143654,0.013881919,0.012659229,,0.135058903,0.129519949,0.109154022,0.062783044,0.10912898,0.019215227,0.019006949,0.019111088,0.047386681,,,,,,,,,,,,,,,,,,,,,,,,
250K,3.888E+18,0.50522,0.078074486,190K,3.888E+18,0.76839,0.118890608,0.4474,0.083098068,0.52709,0.091651887,0.18208,0.067602287,,,0.090310713,0.021496542,250K,3.636E+18,0.54369,0.078852792,0.2918,0.04570802,0.26422,0.039062685,0.371,0.055714071,0.054834392,0.017413546,190K,3.636E+18,0.55254,0.085466357,0.38655,0.063265139,0.074365748,0.011100609,250K,3.888E+18,0.0299,0.035531788,0.03567,0.03465462,0.035093204,0.000620251,190K,3.888E+18,0.1309,0.119696416,0.3017,0.402911325,0.3766,0.400851517,0.2403,0.277578838,0.168,0.172608651,0.313487583,0.129237559,250K,3.636E+18,0.0323,0.0467,0.036,0.0413,0.044,0.003818377,190K,3.636E+18,0.1292,0.148933718,,,0.003334951,0.005085014,0.004266191,0.004405117,0.006937565,0.005173472,0.003161076,0.001978963,0.001596228,0.002312584,0.002262213,0.003654117,0.002861989,0.003258053,0.01167074,0.009305815,0.010488277,0.030255339,0.148908728,0.118074933,0.088676618,0.049028342,0.086988792,0.018638173,0.013082985,0.015860579,0.047460174,,,,,,,,,,,,,,,,,,,,,,,,
260K,4.05E+18,0.46476,0.071821975,200K,4.05E+18,,,,,,,,,,,,,260K,3.7875E+18,0.5218,0.075678028,0.26431,0.041401942,0.24159,0.035717031,0.33814,0.050779396,0.050894099,0.017651258,200K,3.7875E+18,0.5508,0.085197216,0.3839,0.062831424,0.07401432,0.011182896,260K,4.05E+18,0.0233,0.027688651,0.01503,0.014602157,0.021145404,0.009253549,200K,4.05E+18,,,0.2203,0.29420406,0.4318,0.459606174,0.2358,0.272380732,0.1671,0.171683962,0.299468732,0.119351615,260K,3.7875E+18,0.0327,0.0472,-0.0014,-0.00161,0.022795,0.034513882,200K,3.7875E+18,0.1197,0.137982709,,,0.003067853,,,,,,0.003033793,0.001792523,0.001459511,0.002107747,0.002098393,0.003642608,0.002842367,0.003242488,0.009094555,0.003921091,0.006507823,,0.108668819,0.135434585,0.087014083,0.04876557,0.094970764,0.018868994,0.000508776,0.009688885,0.043969386,,,,,,,,,,,,,,,,,,,,,,,,
270K,4.212E+18,0.41525,0.064170916,210K,4.212E+18,0.63167,0.097736345,0.4684,0.086998514,0.51861,0.09017736,0.22421,0.083244227,,,0.089539112,0.006155816,270K,3.939E+18,0.48832,0.070822335,0.24184,0.037882206,0.19538,0.028885275,0.31539,0.047362967,0.046238196,0.018042463,210K,3.939E+18,0.53572,0.082864656,0.38009,0.062207856,0.072536256,0.0103284,270K,4.212E+18,-0.0152,-0.018062983,0.01565,0.015204508,-0.001429238,0.023523668,210K,4.212E+18,0.1226,0.112106803,0.2138,0.285523504,0.4667,0.496753592,0.2146,0.247891879,0.1445,0.148463989,0.294658241,0.150951853,270K,3.939E+18,0.03,0.0433,0.0093,0.0107,0.027,0.023051681,210K,3.939E+18,0.1144,0.131873199,,,0.002741018,0.004180086,0.00446646,0.004334237,0.008542948,0.005380933,0.002839122,0.00164013,0.001180339,0.001965933,0.001906381,0.003542869,0.002814156,0.003178513,0.005932908,0.00408284,0.005007874,0.028336547,0.105458416,0.14642115,0.079183129,0.042167681,0.080313384,0.017310957,0.00337973,0.010345343,0.042022001,,,,,,,,,,,,,,,,,,,,,,,,
280K,4.374E+18,0.37482,0.057923041,220K,4.374E+18,,,,,,,,,,,,,280K,4.0905E+18,0.45885,0.066548223,0.21896,0.034298246,0.16068,0.023755174,0.26468,0.03974771,0.041087338,0.018225869,220K,4.0905E+18,0.5232,0.080928074,0.25637,0.041959083,0.061443579,0.019484495,280K,4.374E+18,-0.0001,-0.000118835,0.01125,0.010929758,0.005405462,0.007812535,220K,4.374E+18,,,0.2266,0.302617521,0.4909,0.522511975,0.21,0.24257826,0.1167,0.119901367,0.296902281,0.168535675,280K,4.0905E+18,0.0125,0.0181,-0.0257,-0.0295,-0.0057,0.033658283,220K,4.0905E+18,0.1021,0.117694525,,,0.00247413,,,,,,0.002667769,0.001484958,0.000970706,0.001649832,0.001693316,0.003460062,0.001898112,0.002679087,3.90322E-05,0.002934946,0.001486989,,0.111780802,0.154044783,0.077484258,0.034053123,0.094340741,0.007212812,0.009339737,0.008276275,0.037502874,,,,,,,,,,,,,,,,,,,,,,,,
290K,4.536E+18,0.35379,0.054673157,230K,4.536E+18,0.4986,0.077146836,0.5281,0.098086924,0.47955,0.083385498,0.18255,0.067776788,,,0.081599011,0.012726855,290K,4.242E+18,0.42931,0.062263959,0.19537,0.03060307,0.12334,0.018234772,0.23556,0.035374681,0.036619121,0.018559665,230K,4.242E+18,0.5136,0.079443155,0.23498,0.038458265,0.05895071,0.020492445,290K,4.536E+18,-0.0007,-0.000831848,0.01896,0.018420286,0.008794219,0.013613315,230K,4.536E+18,0.1065,0.097384784,0.2751,0.367387821,0.4481,0.476955828,0.1762,0.203534712,0.1182,0.121442515,0.292330219,0.163715062,290K,4.242E+18,0.0326,0.0471,-0.029,-0.0333,0.0069,0.056851385,230K,4.242E+18,0.0909,0.104783862,,,0.002335307,0.003299402,0.005035813,0.00400776,0.006955475,0.004824612,0.002496012,0.001324971,0.000745125,0.001468314,0.001508606,0.003396568,0.001739741,0.002568155,0.000273225,0.004946371,0.002609798,0.024614765,0.135751179,0.140564728,0.06500422,0.034490923,0.080085163,0.018811289,0.010539023,0.014675156,0.033388202,,,,,,,,,,,,,,,,,,,,,,,,
300K,4.698E+18,0.34804,0.053784577,240K,4.698E+18,,,,,,,,,,,,,300K,4.3935E+18,0.41003,0.05946773,0.16347,0.025606203,0.09638,0.014248965,0.17705,0.026588076,0.031477744,0.019482077,240K,4.3935E+18,0.47073,0.072812065,0.27079,0.044319149,0.058565607,0.014246458,300K,4.698E+18,-0.0198,-0.023529412,-0.01505,-0.014621587,-0.0190755,0.006298783,240K,4.698E+18,,,0.274,0.365918803,0.3378,0.359552954,0.1798,0.207693196,0.1317,0.135312853,0.267119452,0.114323698,300K,4.3935E+18,0.0123,0.0178,-0.011,-0.0126,0.0026,0.021496046,240K,4.3935E+18,0.0816,0.094063401,,,0.002297351,,,,,,0.002383912,0.001108628,0.000582253,0.001103599,0.001294598,0.003113034,0.002004878,0.002558956,0.007728407,0.003926309,0.005827358,,0.135207246,0.10588432,0.06633322,0.038431302,0.086464022,0.007097406,0.003997531,0.005547469,0.029971753,,,,,,,,,,,,,,,,,,,,,,,,
310K,4.86E+18,0.24655,0.038100757,250K,4.86E+18,0.3805,0.058873588,0.37323,0.069322065,0.45594,0.079280125,0.0979,0.03634811,,,0.060955972,0.018399722,310K,4.545E+18,0.38706,0.056136331,0.13794,0.021607143,0.06526,0.009648137,0.1559,0.023411924,0.027700884,0.019916535,250K,4.545E+18,0.44232,0.068417633,0.2447,0.0400491,0.054233367,0.014184267,310K,4.86E+18,-0.0414,-0.049197861,-0.01692,-0.016438356,-0.032818109,0.023164468,250K,4.86E+18,0.0646,0.059070958,0.202,0.269764957,0.3568,0.379776477,0.1445,0.166916946,0.1292,0.132744272,0.237300663,0.125151765,310K,4.545E+18,0.0035,0.00506,-0.0417,-0.0478,-0.02137,0.037377664,250K,4.545E+18,0.0713,0.082190202,,,0.001627415,0.002517846,0.003558884,0.003810424,0.003730067,0.003404305,0.002250358,0.000935486,0.00039425,0.000971765,0.001137964,0.002925139,0.001811708,0.002368423,0.016159631,0.004414164,0.010286898,0.014929953,0.099631236,0.111852845,0.053303766,0.037701577,0.063483875,0.002019583,0.015154526,0.008587054,0.026188129,,,,,,,,,,,,,,,,,,,,,,,,
,,,,260K,5.022E+18,,,,,,,,,,,,,,,,,,,,,,,,,260K,4.6965E+18,0.38852,0.060095901,0.22533,0.036878887,0.048487394,0.011608507,,,,,,,,,260K,5.022E+18,,,0.2807,0.374866453,0.208,0.221394359,0.1013,0.117015132,0.1363,0.140039042,0.213328747,0.116629296,,,,,,,,,260K,4.6965E+18,0.0697,0.080345821,,,,,,,,,,,,,,0.002569329,0.001668293,0.002118811,,,,,0.138520504,0.065157701,0.03736387,0.039774026,0.070204025,,,,0.025600398,,,,,,,,,,,,,,,,,,,,,,,,
,,,,270K,5.184E+18,0.27855,0.04309918,0.33005,0.061302006,0.37196,0.064677447,,,,,0.056359544,0.011607168,,,,,,,,,,,,,270K,4.848E+18,0.34804,0.053834493,0.18764,0.030710311,0.042272402,0.011562091,,,,,,,,,270K,5.184E+18,0.0222,0.020299927,0.1674,0.223557692,0.2211,0.235337946,0.142,0.164029109,0.1544,0.15863557,0.195390079,0.085511549,,,,,,,,,270K,4.848E+18,0.0366,0.042190202,,,,0.001843199,0.003147121,0.003108528,,0.002699616,,,,,,0.002301617,0.00138924,0.001845429,,,,0.005130605,0.082551127,0.069264797,0.052381168,0.045057767,0.050877093,,,,0.013442477,,,,,,,,,,,,,,,,,,,,,,,,
,,,,280K,5.346E+18,,,,,,,,,,,,,,,,,,,,,,,,,280K,4.9995E+18,0.31737,0.049090487,0.14079,0.023042553,0.03606652,0.013023967,,,,,,,,,280K,5.346E+18,,,0.1785,0.23838141,0.1897,0.201915913,0.129,0.14901236,0.1105,0.113531285,0.175710242,0.055357662,,,,,,,,,280K,4.9995E+18,0.072,0.082997118,,,,,,,,,,,,,,0.002098786,0.001042371,0.001570578,,,,,0.088029611,0.059421285,0.047583977,0.032243588,0.056819615,,,,0.026445263,,,,,,,,,,,,,,,,,,,,,,,,
,,,,290K,5.508E+18,0.19587,0.030306359,0.29844,0.055430906,0.30602,0.053211615,,,,,0.046316294,0.013909343,,,,,,,,,,,,,290K,5.151E+18,0.30493,0.04716628,0.1162,0.019018003,0.033092142,0.014074138,,,,,,,,,290K,5.508E+18,-0.0131,-0.011978786,0.1691,0.225827992,0.1389,0.147844598,0.1374,0.15871549,0.0906,0.09308538,0.156368365,0.088854024,,,,,,,,,290K,5.151E+18,0.0147,0.016945245,,,,0.001296086,0.002845696,0.00255743,,0.002233071,,,,,,0.002016516,0.000860312,0.001438414,,,,0.003027513,0.083390118,0.043502416,0.05068364,0.02643596,0.041407929,,,,0.005398965,,,,,,,,,,,,,,,,,,,,,,,,
,,,,300K,5.67E+18,,,,,,,,,,,,,,,,,,,,,,,,,300K,5.3025E+18,0.25956,0.040148492,0.07796,0.012759411,0.026453951,0.013694541,,,,,,,,,300K,5.67E+18,,,0.1928,0.257478633,0.2093,0.222778073,0.1654,0.191059258,0.0945,0.097092366,0.192102083,0.068903419,,,,,,,,,300K,5.3025E+18,0.0368,0.042420749,,,,,,,,,,,,,,0.001716474,0.000577193,0.001146834,,,,,0.09508881,0.065565249,0.061017527,0.027574094,0.06231142,,,,0.013515935,,,,,,,,,,,,,,,,,,,,,,,,
,,,,310K,5.832E+18,0.13237,0.020481201,0.23164,0.043023774,0.26621,0.046289341,,,,,0.036598105,0.014052827,,,,,,,,,,,,,310K,5.454E+18,0.21931,0.03392266,0.04959,0.008116203,0.021019432,0.012903229,,,,,,,,,310K,5.832E+18,0.0048,0.004389173,0.2031,0.271233974,0.2398,0.25524215,0.1785,0.206191521,0.1127,0.115791637,0.212114821,0.110892107,,,,,,,,,310K,5.454E+18,0.0519,0.059827089,,,,0.000875899,0.002208721,0.002224723,,0.001769781,,,,,,0.001450295,0.00036715,0.000908722,,,,0.001109317,0.100174398,0.075128689,0.065853297,0.032885674,0.055030275,,,,0.019062138,,,,,,,,,,,,,,,,,,,,,,,,
,,,,,,,,,,,,,,,,,,,,,,,,,,,,,,,,,,,,,,,,,,,,,,,,,,,,,,,,,,,,,,,,,,,,,,,,,,,,,,,,,,,,,,,,,,,,,,,,,,,,,,,,,,,,,,,,,,,,,,,,,,,,
,,,,,,,,,,,,,,,,,,,,,,,,,,,,,,,,,,,,,,,,,,,,,,,,,,,,,,,,,,,,,,,,,,,,,,,,,,,,,,,,,,,,,,,,,,,,,,,,,,,,,,,,,,,,,,,,,,,,,,,,,,,,
,,,,,,,,,,,,,,,,,,,,,,,,,,,,,,,,,,,,,,,,,,,,,,,,,,,,,,,,,,,,,,,,,,,,,,,,,,,,,,,,,,,,,,,,,,,,,,,,,,,,,,,,,,,,,,,,,,,,,,,,,,,,
,,,,,,,,,,,,,,,,,,,,,,,,,,,,,,,,,,,,,,,,,,,,,,,,,,,,,,,,,,,,,,,,,,,,,,,,,,,,,,,,,,,,,,,,,,,,,,,,,,,,,,,,,,,,,,,,,,,,,,,,,,,,
,,,,,,,,,,,,,,,,,,,,,,,,,,,,,,,,,,,,,,,,,,,,,,,,,,,,,,,,,,,,,,,,,,,,,,,,,,,,,,,,,,,,,,,,,,,,,,,,,,,,,,,,,,,,,,,,,,,,,,,,,,,,
,,,,,,,,,,,,,,,,,,,,,,,,,,,,,,,,,,,,,,,,,,,,,,,,,,,,,,,,,,,,,,,,,,,,,,,,,,,,,,,,,,,,,,,,,,,,,,,,,,,,,,,,,,,,,,,,,,,,,,,,,,,,
,,,,,,,,,,,,,,,,,,,,,,,,,,,,,,,,,,,,,,,,,,,,,,,,,,,,,,,,,,,,,,,,,,,,,,,,,,,,,,,,,,,,,,,,,,,,,,,,,,,,,,,,,,,,,,,,,,,,,,,,,,,,
,,,,,,,,,,,,,,,,,,,,,,,,,,,,,,,,,,,,,,,,,,,,,,,,,,,,,,,,,,,,,,,,,,,,,,,,,,,,,,,,,,,,,,,,,,,,,,,,,,,,,,,,,,,,,,,,,,,,,,,,,,,,
,,,,,,,,,,,,,,,,,,,,,,,,,,,,,,,,,,,,,,,,,,,,,,,,,,,,,,,,,,,,,,,,,,,,,,,,,,,,,,,,,,,,,,,,,,,,,,,,,,,,,,,,,,,,,,,,,,,,,,,,,,,,
,,,,,,,,,,,,,,,,,,,,,,,,,,,,,,,,,,,,,,,,,,,,,,,,,,,,,,,,,,,,,,,,,,,,,,,,,,,,,,,,,,,,,,,,,,,,,,,,,,,,,,,,,,,,,,,,,,,,,,,,,,,,
,,,,,,,,,,,,,,,,,,,,,,,,,,,,,,,,,,,,,,,,,,,,,,,,,,,,,,,,,,,,,,,,,,,,,,,,,,,,,,,,,,,,,,,,,,,,,,,,,,,,,,,,,,,,,,,,,,,,,,,,,,,,
,,,,,,,,,,,,,,,,,,,,,,,,,,,,,,,,,,,,,,,,,,,,,,,,,,,,,,,,,,,,,,,,,,,,,,,,,,,,,,,,,,,,,,,,,,,,,,,,,,,,,,,,,,,,,,,,,,,,,,,,,,,,
,,,,,,,,,,,,,,,,,,,,,,,,,,,,,,,,,,,,,,,,,,,,,,,,,,,,,,,,,,,,,,,,,,,,,,,,,,,,,,,,,,,,,,,,,,,,,,,,,,,,,,,,,,,,,,,,,,,,,,,,,,,,
,,,,,,,,,,,,,,,,,,,,,,,,,,,,,,,,,,,,,,,,,,,,,,,,,,,,,,,,,,,,,,,,,,,,,,,,,,,,,,,,,,,,,,,,,,,,,,,,,,,,,,,,,,,,,,,,,,,,,,,,,,,,
,,,,,,,,,,,,,,,,,,,,,,,,,,,,,,,,,,,,,,,,,,,,,,,,,,,,,,,,,,,,,,,,,,,,,,,,,,,,,,,,,,,,,,,,,,,,,,,,,,,,,,,,,,,,,,,,,,,,,,,,,,,,
,,,,,,,,,,,,,,,,,,,,,,,,,,,,,,,,,,,,,,,,,,,,,,,,,,,,,,,,,,,,,,,,,,,,,,,,,,,,,,,,,,,,,,,,,,,,,,,,,,,,,,,,,,,,,,,,,,,,,,,,,,,,
,,,,,,,,,,,,,,,,,,,,,,,,,,,,,,,,,,,,,,,,,,,,,,,,,,,,,,,,,,,,,,,,,,,,,,,,,,,,,,,,,,,,,,,,,,,,,,,,,,,,,,,,,,,,,,,,,,,,,,,,,,,,
 Production/Sublimation 1126 cm-1,,,,,,,,,,,,,,,,,,,,,,,,,,,,,,,,,,,,,,,,,,,,,,,,,,,,,,,,,,,,,,,,,,,,,,,,,,,,,,,,,,,,,,,,,,,,,,,,,,,,,,,,,,,,,,,,,,,,,,,,,,,,
100% Methanol,,,,,,,,,,,,,,,,,,,,,,,,,,,,,,,,,,,,,,11-16% Methanol,,,,,,,,,,,,,,,,,,,,,,,,,,,,,,,,,,,,1126 cm-1,,,,,,,,,,,,,,,,,,,,,,,,,,,,,,,,,,,,,,,,,,,,,,,,,,
0min 100W,,,,60min 100W,,,,,,,,,,,,,,0min 50W,,,,,,,,,,,,75min 50W,,,,,,,,0 min 100W,,,,,,,,60 min 100W,,,,,,,,,,,,,,0min 50W,,,,,,,,75min 50W,,,,,,0 min 100W 100%,60 min 100W 100%,,,,,0 min 50W 100%,,,,,75 min 50W 100%,,,0min 100W 11-16%,,,60min 100W 11-16%,,,,,,0min 50W 11-16%,,,75min 50W 11-16%,,,,1126,,,,,,,,,,,,,,,,,,,,
,,110923,,,,101223,,092823 - IR out,,91523,,83123,,102824,,Average,st. dev.,,,010324 -2nd good,,122123 -power surge,,122723 -purge,,121823 -oscillate,,Average,st. dev.,,,010523,,122923 -purge,,Average,st. dev.,,,81524,,81624,,Average,st. dev.,,,71824,,090324 -purge,,92424,,100824 -purge,,101524,,Average,st. dev.,,,82724,,083024 -purge,,Average,st. dev.,,,91724,,,,110923,101223,92823,91523,83123,ave,10324,122123,122723,121823,ave,10524,122923,ave,81524,81624,ave,71824,90324,92424,100824,101524,ave,82724,83024,ave,91724,,,,100%,,,,14-19%,,,,,,,,,,,,,,,,
Temp,Fluence,Integrated Absorbance,Normalized,Time/Temp,Fluence,Integrated Absorbance,Normalized,Integrated Absorbance,Normalized,Integrated Absorbance,Normalized,Integrated Absorbance,Normalized,Integrated Absorbance,Normalized,Normalized,Normalized,Temp,Fluence,Integrated Absorbance,Normalized,Integrated Absorbance,Normalized,Integrated Absorbance,Normalized,Integrated Absorbance,Normalized,Normalized,Normalized,Time/Temp,Fluence,Integrated Absorbance,Normalized,Integrated Absorbance,Normalized,Normalized,Normalized,Temp,Fluence,Integrated Absorbance,Normalized,Integrated Absorbance,Normalized,Normalized,Normalized,Time/Temp,Fluence,Integrated Absorbance,Normalized,Integrated Absorbance,Normalized,Integrated Absorbance,Normalized,Integrated Absorbance,Normalized,Integrated Absorbance,Normalized,Normalized,Normalized,Temp,Fluence,Integrated Absorbance,Normalized,Integrated Absorbance,Normalized,Normalized,Normalized,Time/Temp,Fluence,Integrated Absorbance,Normalized,,,Propagated 1sigma error,Propagated 1sigma error,Propagated 1sigma error,Propagated 1sigma error,Propagated 1sigma error,Propagated 1sigma error,Propagated 1sigma error,Propagated 1sigma error,Propagated 1sigma error,Propagated 1sigma error,Propagated 1sigma error,Propagated 1sigma error,Propagated 1sigma error,Propagated 1sigma error,Propagated 1sigma error,Propagated 1sigma error,Propagated 1sigma error,Propagated 1sigma error,Propagated 1sigma error,Propagated 1sigma error,Propagated 1sigma error,Propagated 1sigma error,Propagated 1sigma error,Propagated 1sigma error,Propagated 1sigma error,Propagated 1sigma error,Propagated 1sigma error,,fluence,normalized absorbance,temp,fluence,norm. int. absorbance,error,temp,fluence,norm. int. absorbance,error,,,,,,,,,,,,,
,,,,,,,,,,,,,,,,,,,,,,,,,,,,,,,,,,,,,,,,,,,,,,,,,,,,,,,,,,,,,,,,,,,,,,,,,,,,,,,,,,,,,,,,,,,,,,,,,,,,,,,,20,1.54E+17,0.004701273,0.000228705,20,1.54E+17,0.003542943,0.000172355,,,,,,,,,,,,,
20K,1.62E+17,0.0605,0.009349405,10,1.62E+17,0.0503,0.007782763,0.03288,0.006106984,0.028,0.004868718,0.0156,0.005791936,,,0.005589213,0.001216147,20K,1.515E+17,0.0613,0.0088905,0.0478,0.007487469,0.0555,0.008205204,0.0591,0.008875206,0.008364595,0.000666347,12.5,1.515E+17,0.0318,0.004918794,0.0301,0.00492635,0.004922572,3.77837E-06,20K,1.62E+17,0.00254,0.003018419,0.00343,0.003332362,0.003175391,0.000221991,10,1.62E+17,-0.00105,-0.000960132,0.00012,0.000160256,0.00004,4.25758E-05,0.0012,0.001386161,0.00042,0.000431522,0.000505129,0.000841445,20K,1.515E+17,0.000001,1.44488E-06,0.00109,0.001249857,0.000625651,0.00088276,12.5,1.515E+17,-0.00005,-5.76369E-05,,,0.000454825,0.000378612,0.000297089,0.000236851,0.000281763,0.000298579,0.0004325,0.000364246,0.000399162,0.000305298,0.000375302,0.000239287,0.000239654,0.000239471,0.000146838,0.000162111,0.000154475,3.02007E-05,7.36198E-06,1.55888E-06,5.50797E-05,1.52511E-05,2.18905E-05,7.18137E-08,4.92991E-05,2.46855E-05,2.10264E-05,,,,50,6.17E+17,0.019460432,0.0009467,50,6.17E+17,0.005850465,0.00028461,,,,,,,,,,,,,
30K,3.24E+17,0.0929,0.014356359,20,3.24E+17,0.058,0.008974161,0.04116,0.007644874,0.0352,0.006120675,0.0214,0.007945348,,,0.007236965,0.001180069,30K,3.03E+17,0.0966,0.014010152,0.081,0.01268797,0.0902,0.013335305,0.0923,0.01386094,0.013473592,0.000598404,25,3.03E+17,0.0478,0.007393658,0.0426,0.006972177,0.007182917,0.000210741,30K,3.24E+17,0.00455,0.005407011,0.00358,0.003478092,0.004442552,0.001363952,20,3.24E+17,-0.00063,-0.000576079,0.00029,0.000387286,0.00053,0.00056413,0.001,0.001155135,0.00082,0.000842495,0.000737261,0.00065537,30K,3.03E+17,0.00157,0.002268458,0.00234,0.002683179,0.002475818,0.000293251,25,3.03E+17,-0.00026,-0.000299712,,,0.0006984,0.00043657,0.000371904,0.000297755,0.000386521,0.000373187,0.000681558,0.000617237,0.000648729,0.000476802,0.000606081,0.000359683,0.000339179,0.000349431,0.000263037,0.0001692,0.000216119,1.81204E-05,1.77915E-05,2.06551E-05,4.58998E-05,2.97759E-05,2.64485E-05,0.000112748,0.000105835,0.000109291,4.84521E-05,,1.62E+17,0.005589213,100,1.39E+18,0.021137609,0.001028291,70,9.26E+17,0.005498891,0.000267507,,,,,,,,,,,,,
40K,4.86E+17,0.1133,0.017508886,30,4.86E+17,0.0619,0.009577596,0.04793,0.008902303,0.041,0.007129195,0.0264,0.009801738,,,0.008611079,0.001210933,40K,4.545E+17,0.1196,0.017345903,0.1038,0.016259399,0.1012,0.014961561,0.1159,0.017405016,0.01649297,0.001148781,37.5,4.545E+17,0.045,0.006960557,0.0496,0.00811784,0.007539198,0.000578641,40K,4.86E+17,0.00638,0.007581699,0.00485,0.00471194,0.00614682,0.002029226,30,4.86E+17,-0.00044,-0.000402341,0.00049,0.00065438,0.0011,0.001170836,0.0015,0.001732702,0.00127,0.001304839,0.001215689,0.000819565,40K,4.545E+17,0.00159,0.002297356,0.00301,0.003451439,0.002874397,0.00081606,37.5,4.545E+17,0.00026,0.000299712,,,0.000851763,0.000465926,0.000433074,0.000346817,0.00047683,0.000430662,0.000843834,0.000790978,0.000727842,0.000598714,0.000740342,0.000338613,0.000394912,0.000366763,0.00036883,0.000229224,0.000299027,1.26555E-05,3.00614E-05,4.28691E-05,6.88497E-05,4.61164E-05,4.01104E-05,0.000114184,0.000136139,0.000125161,4.3424E-05,,3.24E+17,0.007236965,130,1.85E+18,0.014153479,0.000688531,100,1.39E+18,0.001288718,6.27993E-05,,,,,,,,,,,,,
50K,6.48E+17,0.1265,0.019548756,40,6.48E+17,0.06882,0.010648306,0.05059,0.00939636,0.0443,0.007703008,0.03,0.011138338,,,0.009412569,0.001532582,50K,6.06E+17,0.1349,0.019564902,0.1217,0.019063283,0.1301,0.019234181,0.1336,0.020063073,0.01948136,0.000440172,50,6.06E+17,0.0609,0.009419954,0.0574,0.009394435,0.009407194,1.27591E-05,50K,6.48E+17,0.00652,0.007748069,0.00603,0.00585835,0.00680321,0.001336233,40,6.48E+17,-0.00116,-0.001060717,0.00032,0.00042735,0.0004,0.000425758,0.0013,0.001501675,0.00119,0.001222645,0.000894357,0.000996511,50K,6.06E+17,0.00212,0.003063141,0.00409,0.004689829,0.003876485,0.001150242,50,6.06E+17,0.00028,0.000322767,,,0.000950997,0.000518013,0.000457109,0.000374732,0.000541852,0.000472926,0.000951783,0.00092738,0.000935694,0.000690148,0.000876251,0.000458257,0.000457015,0.000457636,0.000376924,0.000284994,0.000330959,3.33646E-05,1.96319E-05,1.55888E-05,5.96697E-05,4.32115E-05,3.42933E-05,0.000152246,0.000184987,0.000168616,3.3825E-05,,4.86E+17,0.008611079,150,2.16E+18,0.00902521,0.000439053,130,1.85E+18,-0.000436651,2.1242E-05,,,,,,,,,,,,,
60K,8.1E+17,0.1337,0.020661412,50,8.1E+17,0.0689,0.010660684,0.05395,0.010020431,0.0479,0.008328986,0.0322,0.01195515,,,0.010101522,0.001507635,60K,7.575E+17,0.1449,0.021015228,0.1316,0.020614035,0.1408,0.020816085,0.1406,0.021114281,0.020889908,0.000221814,62.5,7.575E+17,0.0647,0.010007734,0.0607,0.009934534,0.009971134,3.66002E-05,60K,8.1E+17,0.00703,0.00835413,0.0063,0.006120665,0.007237397,0.001579298,50,8.1E+17,-0.00058,-0.000530358,0.00005,6.67735E-05,0.0008,0.000851517,0.0018,0.002079242,0.00099,0.001017158,0.001003673,0.000992543,60K,7.575E+17,0.0027,0.00390117,0.00341,0.003910102,0.003905636,6.31567E-06,62.5,7.575E+17,0.00023,0.00026513,,,0.001005125,,0.000487468,0.000405184,0.000581588,0.000491413,0.001022337,0.00100282,0.001012649,0.000726309,0.000941029,0.000486851,0.00048329,0.00048507,0.000406407,0.000297755,0.000352081,1.66823E-05,3.06749E-06,3.11775E-05,8.26197E-05,3.5949E-05,3.38992E-05,0.000193898,0.00015423,0.000174064,4.93663E-05,,6.48E+17,0.009412569,,,,,150,2.16E+18,-0.00016205,7.8833E-06,,,,,,,,,,,,,
70K,9.72E+17,0.1336,0.020645959,60,9.72E+17,0.0859,0.013291041,,,0.0492,0.008555034,0.0345,0.012809089,,,0.010682061,0.002606371,70K,9.09E+17,0.1444,0.020942712,0.1334,0.02089599,0.1416,0.020934358,0.1431,0.021489713,0.021065693,0.000283411,75,9.09E+17,0.0657,0.010162413,0.0618,0.010114566,0.01013849,2.39234E-05,70K,9.72E+17,0.00732,0.008698752,0.00716,0.006956184,0.007827468,0.001232182,60,9.72E+17,-0.0005,-0.000457206,0.00022,0.000293803,0.00068,0.000723789,0.00121,0.001397713,0.00112,0.001150724,0.000891507,0.000735534,70K,9.09E+17,0.00324,0.004681404,0.00483,0.005538356,0.00510988,0.000605956,75,9.09E+17,0.00048,0.000553314,,,0.001004373,0.000646575,,0.000416181,0.000623129,0.000561962,0.001018809,0.001016537,0.001018403,0.000739223,0.000948243,0.000494375,0.000492048,0.000493212,0.000423172,0.000338401,0.000380786,1.43813E-05,1.3497E-05,2.65009E-05,5.55387E-05,4.06696E-05,3.01175E-05,0.000232679,0.000218457,0.000225568,5.21088E-05,,8.1E+17,0.010101522,,,,,,,,,,,,,,,,,,,,,
80K,1.134E+18,0.1303,0.020135991,20K,1.134E+18,,,,,,,,,,,,,80K,1.0605E+18,0.1416,0.020536621,0.1356,0.021240602,0.1399,0.020683028,0.1397,0.020979126,0.020859844,0.00031355,20K,1.0605E+18,0.0801,0.012389791,0.0764,0.012504092,0.012446941,5.71502E-05,80K,1.134E+18,0.00693,0.008235294,0.00666,0.006470417,0.007352855,0.001247957,20K,1.134E+18,,,0.00056,0.000747863,0.00139,0.00147951,0.00154,0.001778907,0.00187,0.001921299,0.001481895,0.000522845,80K,1.0605E+18,0.00445,0.006429707,0.00513,0.005882353,0.00615603,0.000387038,20K,1.0605E+18,0.00115,0.001325648,,,0.000979565,,,,,,0.000999054,0.001033301,0.001006177,0.00072166,0.000940048,0.000602732,0.000608292,0.000605512,0.000400626,0.000314769,0.000357698,,3.43559E-05,5.4171E-05,7.06857E-05,6.79038E-05,5.67791E-05,0.000319578,0.000232026,0.000275802,7.31353E-05,,9.72E+17,0.010682061,,,,,,,,,,,,,,,,,,,,,
90K,1.296E+18,0.1254,0.019378767,30K,1.296E+18,0.0859,0.013291041,0.07959,0.014782689,0.0744,0.012936881,0.0489,0.018155491,,,0.015291687,0.002381001,90K,1.212E+18,0.1349,0.019564902,0.1314,0.020582707,0.1334,0.019722058,0.1314,0.019732693,0.01990059,0.00046117,30K,1.212E+18,0.0963,0.014895592,0.0937,0.015335516,0.015115554,0.000219962,90K,1.296E+18,0.00618,0.007344029,0.00689,0.00669387,0.007018949,0.000459732,30K,1.296E+18,0.00043,0.000393197,0.00157,0.002096688,0.00163,0.001734965,0.00256,0.002957145,0.00261,0.002681599,0.002367599,0.001004787,90K,1.212E+18,0.00489,0.007065453,0.00622,0.00713221,0.007098831,4.72041E-05,30K,1.212E+18,0.00141,0.00162536,,,0.000942728,0.000646575,0.00071914,0.000629346,0.000883218,0.00071957,0.000951783,0.001001296,0.000959428,0.000678784,0.000897823,0.000724633,0.000746034,0.000735333,0.000357268,0.00032564,0.000341454,1.23679E-05,9.63195E-05,6.35243E-05,0.000117504,9.4775E-05,7.68981E-05,0.000351178,0.000281329,0.000316253,9.91898E-05,,1.296E+18,0.015291687,,,,,,,,,,,,,,,,,,,,,
100K,1.458E+18,0.1167,0.018034307,40K,1.458E+18,,,,,,,,,,,,,100K,1.3635E+18,0.1311,0.019013778,0.1296,0.020300752,0.1265,0.018701952,0.1288,0.019342244,0.019339681,0.000691996,40K,1.3635E+18,0.1102,0.01704563,0.1099,0.017986907,0.017516269,0.000470638,100K,1.458E+18,0.00532,0.006322044,0.0063,0.006120665,0.006221354,0.000142397,40K,1.458E+18,,,0.00199,0.002657585,0.00244,0.002597126,0.00314,0.003627123,0.00317,0.003256961,0.003034699,0.000494655,100K,1.3635E+18,0.00611,0.008828204,0.00656,0.007522073,0.008175139,0.000923574,40K,1.3635E+18,0.0022,0.002536023,,,0.000877323,,,,,,0.000924972,0.00098758,0.000909802,0.000665353,0.000871927,0.000829226,0.000875017,0.000852122,0.000307551,0.000297755,0.000302653,,0.000122087,9.50917E-05,0.000144126,0.00011511,0.000119104,0.000438799,0.000296708,0.000367753,0.000187868,,1.62E+18,0.019023424,,,,,,,,,,,,,,,,,,,,,
110K,1.62E+18,0.1095,0.01692165,50K,1.62E+18,0.0958,0.014822838,0.10059,0.018683135,0.095,0.016518866,0.0589,0.021868271,,,0.019023424,0.003039487,110K,1.515E+18,0.1207,0.017505439,0.1127,0.017653509,0.1201,0.017755766,0.118,0.017720378,0.017658773,0.000110668,50K,1.515E+18,0.1226,0.01896365,0.1238,0.020261866,0.019612758,0.000649108,110K,1.62E+18,0.00505,0.006001188,0.00685,0.006655008,0.006328098,0.00046232,50K,1.62E+18,0.00062,0.000566935,0.00193,0.002577457,0.00321,0.003416711,0.00287,0.003315236,0.00361,0.003709031,0.003254609,0.001272189,110K,1.515E+18,0.00658,0.009507297,0.00738,0.008462332,0.008984814,0.000738901,50K,1.515E+18,0.00277,0.003193084,,,0.000823195,0.000721093,0.000908887,0.000803601,0.001063836,0.000874354,0.000851595,0.000858798,0.000863773,0.000609562,0.000795932,0.000922533,0.000985688,0.000954111,0.000291942,0.000323749,0.000307846,1.78328E-05,0.000118406,0.000125101,0.000131733,0.000131088,0.000104832,0.000472556,0.000333799,0.000403177,0.000255064,,1.944E+18,0.019848987,,,,,,,,,,,,,,,,,,,,,
120K,1.782E+18,0.0738,0.011404729,60K,1.782E+18,,,,,,,,,,,,,120K,1.6665E+18,0.0831,0.012052212,0.0839,0.013142231,0.0821,0.012137788,0.0959,0.014401562,0.012933448,0.001096753,60K,1.6665E+18,0.1281,0.019814385,0.1292,0.021145663,0.020480024,0.000665639,120K,1.782E+18,0.00369,0.004385027,0.00599,0.005819489,0.005102258,0.001014318,60K,1.782E+18,,,0.00205,0.002737714,0.00358,0.003810538,0.00375,0.004331755,0.00457,0.004695366,0.003893843,0.000852013,120K,1.6665E+18,0.00689,0.009955209,0.00703,0.008061002,0.009008105,0.001339406,60K,1.6665E+18,0.00427,0.00492219,,,0.000554811,,,,,,0.000586309,0.000639336,0.000590472,0.000495398,0.000577879,0.000963919,0.001028683,0.000996301,0.00021332,0.000283103,0.000248212,,0.000125768,0.00013952,0.000172126,0.000165948,0.00015084,0.000494821,0.000317967,0.000406394,0.000294377,,2.268E+18,0.018784464,,,,,,,,,,,,,,,,,,,,,
130K,1.944E+18,0.0607,0.009380312,70K,1.944E+18,0.095,0.014699056,0.1058,0.019650817,0.1056,0.018362024,0.058,0.02153412,,,0.019848987,0.002885674,130K,1.818E+18,0.0575,0.008339376,0.0594,0.009304511,0.0547,0.008086931,0.0647,0.009716174,0.008861748,0.000774445,70K,1.818E+18,0.1299,0.020092807,0.1298,0.021243863,0.020668335,0.000575528,130K,1.944E+18,0.00341,0.004052288,0.00477,0.004634217,0.004343253,0.000411487,70K,1.944E+18,0.00172,0.001572787,0.00261,0.003485577,0.0039,0.004151144,0.00373,0.004308652,0.00453,0.004654269,0.004149911,0.001228227,130K,1.818E+18,0.00566,0.008178009,0.00528,0.006054352,0.00711618,0.001501653,70K,1.818E+18,0.00398,0.004587896,,,0.000456328,0.000715072,0.000955962,0.000893266,0.00104758,0.00090297,0.000405689,0.000452641,0.000393409,0.000334226,0.000396491,0.000977464,0.00103346,0.001005462,0.000197133,0.000225443,0.000211288,4.94717E-05,0.000160124,0.000151992,0.000171208,0.000164496,0.000139458,0.000406479,0.000238811,0.000322645,0.000358834,,2.592E+18,0.015983318,,,,,,,,,,,,,,,,,,,,,
140K,2.106E+18,0.0582,0.008993973,80K,2.106E+18,,,,,,,,,,,,,140K,1.9695E+18,0.0511,0.007411168,0.0515,0.008067043,0.0474,0.007007688,0.0424,0.006367322,0.007213305,0.000713205,80K,1.9695E+18,0.1278,0.019767981,0.128,0.020949264,0.020358622,0.000590641,140K,2.106E+18,0.00375,0.004456328,0.00357,0.003468377,0.003962352,0.000698587,80K,2.106E+18,,,0.0037,0.004941239,0.00472,0.005023949,0.00409,0.0047245,0.00436,0.004479605,0.004792324,0.000243734,140K,1.9695E+18,0.00575,0.008308048,0.00531,0.006088751,0.0071984,0.00156928,80K,1.9695E+18,0.00442,0.005095101,,,0.000437534,,,,,,0.000360534,0.000392441,0.000340906,0.000219029,0.000328228,0.000961662,0.001019128,0.000990395,0.000216789,0.000168728,0.000192758,,0.000226997,0.00018395,0.000187732,0.000158322,0.00018925,0.000412943,0.000240168,0.000326556,0.000459868,,2.916E+18,0.008851373,,,,,,,,,,,,,,,,,,,,,
150K,2.268E+18,0.0745,0.011512904,90K,2.268E+18,0.084,0.01299706,0.0998,0.018536404,0.1056,0.018362024,0.0524,0.019454964,,,0.018784464,0.002933149,150K,2.121E+18,0.0769,0.011153009,0.0727,0.011387845,0.0775,0.011457717,0.076,0.011413125,0.011352924,0.000136371,90K,2.121E+18,0.1238,0.019149265,0.1212,0.019836334,0.0194928,0.000343534,150K,2.268E+18,0.00301,0.003576946,0.005,0.00485767,0.004217308,0.000905609,90K,2.268E+18,0.00203,0.001856255,0.00373,0.004981303,0.00468,0.004981373,0.00423,0.004886219,0.00537,0.005517312,0.005091552,0.001468115,150K,2.121E+18,0.00563,0.008134663,0.00586,0.006719413,0.007427038,0.001000733,90K,2.121E+18,0.00486,0.005602305,,,0.000560073,0.000632274,0.000901749,0.000893266,0.000946434,0.000843431,0.000542565,0.00055399,0.000557389,0.000392599,0.000511636,0.000931563,0.000964987,0.000948275,0.000174009,0.000236313,0.000205161,5.83882E-05,0.000228838,0.000182391,0.000194158,0.000194999,0.000171755,0.000404325,0.000265045,0.000334685,0.000522962,,3.24E+18,0.009136895,,,,,,,,,,,,,,,,,,,,,
160K,2.43E+18,0.0592,0.009148509,100K,2.43E+18,,,,,,,,,,,,,160K,2.2725E+18,0.0614,0.008905004,0.0563,0.008818922,0.0608,0.008988764,0.059,0.008860189,0.00889322,7.27523E-05,100K,2.2725E+18,0.1164,0.01800464,0.1168,0.019116203,0.018560422,0.000555781,160K,2.43E+18,0.00267,0.003172906,0.00507,0.004925678,0.004049292,0.001239397,100K,2.43E+18,,,0.00355,0.004740919,0.00473,0.005034593,0.00442,0.005105695,0.00517,0.005311826,0.005048258,0.000236228,160K,2.2725E+18,0.00417,0.006025141,0.00486,0.005572755,0.005798948,0.000319885,100K,2.2725E+18,0.00446,0.00514121,,,0.000445052,,,,,,0.000433206,0.000429018,0.00043728,0.000304781,0.000401071,0.00087588,0.000929954,0.000902917,0.000154354,0.000239622,0.000196988,,0.000217794,0.000184339,0.000202879,0.000187736,0.000198187,0.000299469,0.000219814,0.000259641,0.000604349,,3.564E+18,0.005174732,,,,,,,,,,,,,,,,,,,,,
170K,2.592E+18,0.0411,0.006351414,110K,2.592E+18,0.0701,0.010846356,0.0833,0.015471768,0.0939,0.016327595,0.0435,0.01615059,,,0.015983318,0.002594833,170K,2.424E+18,0.0441,0.006395939,0.0385,0.006030702,0.0428,0.006327617,0.0315,0.00473044,0.005871174,0.00077684,110K,2.424E+18,0.1068,0.016519722,0.1091,0.017855974,0.017187848,0.000668126,170K,2.592E+18,0.0021,0.002495544,0.00288,0.002798018,0.002646781,0.000213882,110K,2.592E+18,0.00217,0.001984272,0.00338,0.004513889,0.00483,0.005141032,0.00419,0.004840014,0.0049,0.005034419,0.004882339,0.001317823,170K,2.424E+18,0.00236,0.003409912,0.00281,0.003222108,0.00331601,0.000132798,110K,2.424E+18,0.00484,0.005579251,,,0.00030898,0.000527648,0.000752662,0.000794296,0.000785685,0.000715073,0.000311146,0.000293378,0.000307822,0.000162722,0.000268767,0.000803642,0.000868648,0.000836145,0.000121402,0.000136116,0.000128759,6.2415E-05,0.000207365,0.000188237,0.000192322,0.000177932,0.000165654,0.000169481,0.000127093,0.000148287,0.00070861,,3.888E+18,0.003525867,,,,,,,,,,,,,,,,,,,,,
180K,2.754E+18,0.0288,0.004450626,120K,2.754E+18,,,,,,,,,,,,,180K,2.5755E+18,0.0311,0.004510515,0.0283,0.004432957,0.0314,0.004642224,0.0292,0.004385043,0.004492685,0.0001123,120K,2.5755E+18,0.0883,0.013658159,0.0969,0.015859247,0.014758703,0.001100544,180K,2.754E+18,0.00129,0.001532977,0.00299,0.002904887,0.002218932,0.000970087,120K,2.754E+18,,,0.00319,0.00426015,0.00411,0.004374667,0.00417,0.004816911,0.00393,0.00403781,0.004372384,0.000327692,180K,2.5755E+18,0.00246,0.0035544,0.00225,0.002579979,0.00306719,0.000689019,120K,2.5755E+18,0.00387,0.004461095,,,0.000216512,,,,,,0.000219425,0.000215652,0.000225832,0.000150841,0.000202938,0.000664435,0.000771512,0.000717973,7.45754E-05,0.000141315,0.000107945,,0.000195708,0.000160176,0.000191404,0.000142708,0.000172499,0.000176663,0.000101765,0.000139214,0.000794132,,4.212E+18,0.002746473,,,,,,,,,,,,,,,,,,,,,
190K,2.916E+18,0.0232,0.003585226,130K,2.916E+18,0.0455,0.007040074,0.04,0.007429421,0.0502,0.008728917,0.028,0.010395782,,,0.008851373,0.001514678,190K,2.727E+18,0.0263,0.003814358,0.0223,0.003493108,0.0275,0.004065642,0.0244,0.003664214,0.00375933,0.000242746,130K,2.727E+18,0.0733,0.011337974,0.09,0.014729951,0.013033962,0.001695989,190K,2.916E+18,0.00035,0.000415924,0.00314,0.003050617,0.00173327,0.001863009,130K,2.916E+18,0.00133,0.001216167,0.00318,0.004246795,0.00314,0.003342203,0.00344,0.003973663,0.00251,0.002578855,0.003535379,0.001219985,190K,2.727E+18,0.0021,0.003034244,0.0026,0.002981309,0.003007777,3.74301E-05,130K,2.727E+18,0.00226,0.002605187,,,0.000174412,0.000342482,0.000361422,0.00042464,0.000505728,0.000408568,0.000185559,0.000169931,0.000197783,0.000126045,0.000169829,0.000551563,0.000716575,0.000634069,2.02336E-05,0.000148405,8.43192E-05,3.82543E-05,0.000195094,0.000122372,0.000157896,9.11437E-05,0.000120952,0.000150809,0.000117595,0.000134202,0.000917177,,4.536E+18,0.002310098,,,,,,,,,,,,,,,,,,,,,
200K,3.078E+18,0.0217,0.003353423,140K,3.078E+18,,,,,,,,,,,,,200K,2.8785E+18,0.0251,0.003640319,0.0207,0.003242481,0.026,0.003843879,0.024,0.003604145,0.003582706,0.000250162,140K,2.8785E+18,0.0617,0.009543697,,,0.009543697,,200K,3.078E+18,0.00004,4.75342E-05,0.00193,0.001875061,0.000961297,0.001292256,140K,3.078E+18,,,0.00331,0.004420406,0.00364,0.003874401,0.00291,0.003361442,0.00338,0.003472722,0.003782243,0.000479104,200K,2.8785E+18,0.00218,0.003149834,0.00185,0.002121316,0.002635575,0.000727272,140K,2.8785E+18,0.00335,0.003861671,,,0.000163135,,,,,,0.000177092,0.000157738,0.000186995,0.000123979,0.000161451,0.000464276,,0.000464276,2.31242E-06,9.12169E-05,4.67647E-05,,0.00020307,0.000141859,0.000133569,0.000122736,0.000150308,0.000156555,8.3673E-05,0.000120114,0.000945998,,4.86E+18,0.001555918,,,,,,,,,,,,,,,,,,,,,
210K,3.24E+18,0.0198,0.003059805,150K,3.24E+18,0.0409,0.00632833,0.0505,0.009379643,0.0548,0.009528778,0.0229,0.008502265,,,0.009136895,0.001475498,210K,3.03E+18,0.0244,0.003538796,0.0192,0.003007519,0.0262,0.003873448,0.0253,0.003799369,0.003554783,0.000392056,150K,3.03E+18,0.0695,0.010750193,0.0678,0.011096563,0.010923378,0.000173185,210K,3.24E+18,-0.00022,-0.000261438,0.00281,0.002730011,0.001234286,0.002115274,150K,3.24E+18,0.00133,0.001216167,0.00354,0.004727564,0.00349,0.003714742,0.00395,0.004562782,0.00363,0.00372958,0.004183667,0.001406279,210K,3.03E+18,0.00234,0.003381014,0.0024,0.002751978,0.003066496,0.000444796,150K,3.03E+18,0.00367,0.004230548,,,0.000148852,0.000307857,0.000456296,0.000463551,0.000413613,0.000410329,0.000172153,0.000146308,0.000188433,0.000130694,0.000159397,0.000522969,0.000539819,0.000531394,1.27183E-05,0.000132808,7.27632E-05,3.82543E-05,0.000217181,0.000136013,0.000181306,0.000131814,0.000140914,0.000168045,0.000108549,0.000138297,0.000863656,,5.184E+18,0.000897586,,,,,,,,,,,,,,,,,,,,,
220K,3.402E+18,0.0204,0.003152527,160K,3.402E+18,,,,,,,,,,,,,220K,3.1815E+18,0.024,0.003480783,0.0228,0.003571429,0.0295,0.004361325,0.0245,0.003679231,0.003773192,0.000400392,160K,3.1815E+18,0.056,0.008662026,0.0522,0.008543372,0.008602699,5.93274E-05,220K,3.402E+18,-0.00099,-0.001176471,0.00275,0.002671719,0.000747624,0.002721081,160K,3.402E+18,,,0.00293,0.003912927,0.00383,0.004076637,0.00402,0.004643641,0.00335,0.003441899,0.004018776,0.000495915,220K,3.1815E+18,0.00242,0.003496605,0.00234,0.002683179,0.003089892,0.000575179,160K,3.1815E+18,0.00371,0.004276657,,,0.000153362,,,,,,0.000169331,0.000173741,0.000212167,0.000126562,0.00017045,0.000421385,0.000415613,0.000418499,5.72323E-05,0.000129972,9.36023E-05,,0.000179756,0.000149264,0.000184519,0.000121646,0.000158796,0.00017379,0.000105835,0.000139813,0.000699006,,5.508E+18,0.000224465,,,,,,,,,,,,,,,,,,,,,
230K,3.564E+18,0.0188,0.00290527,170K,3.564E+18,0.0284,0.004394244,0.0274,0.005089153,0.0314,0.00545992,0.0134,0.004975124,,,0.005174732,0.000441728,230K,3.333E+18,0.0259,0.003756345,0.021,0.003289474,0.0262,0.003873448,0.0286,0.004294939,0.003803551,0.000413462,170K,3.333E+18,0.0419,0.006481052,0.038,0.006219313,0.006350182,0.00013087,230K,3.564E+18,-0.00076,-0.000903149,0.00243,0.002360828,0.000728839,0.00230798,170K,3.564E+18,0.00095,0.000868691,0.00174,0.002323718,0.00267,0.002841937,0.00274,0.003165069,0.00217,0.002229528,0.002640063,0.00087966,230K,3.333E+18,0.00192,0.002774166,0.00225,0.002579979,0.002677072,0.00013731,170K,3.333E+18,0.00261,0.003008646,,,0.000141334,0.000213769,0.000247574,0.000265611,0.000242027,0.000242245,0.000182737,0.000160024,0.000188433,0.000147741,0.000169734,0.000315287,0.000302554,0.00030892,4.39359E-05,0.000114848,7.93921E-05,2.73245E-05,0.000106749,0.000104055,0.000125766,7.87975E-05,8.85385E-05,0.000137883,0.000101765,0.000119824,0.000429694,,5.832E+18,-2.36507E-05,,,,,,,,,,,,,,,,,,,,,
240K,3.726E+18,0.0225,0.003477051,180K,3.726E+18,,,,,,,,,,,,,240K,3.4845E+18,0.0223,0.003234228,0.0186,0.002913534,0.0217,0.003208161,0.023,0.003453972,0.003202474,0.000221945,180K,3.4845E+18,0.0293,0.004532096,0.0279,0.004566285,0.00454919,1.70944E-05,240K,3.726E+18,-0.00125,-0.001485443,0.00181,0.001758477,0.000136517,0.002293797,180K,3.726E+18,,,0.00157,0.002096688,0.00173,0.001841405,0.00148,0.001709599,0.00175,0.001798007,0.001861425,0.000166155,240K,3.4845E+18,0.00162,0.002340702,0.00253,0.002901043,0.002620873,0.000396221,180K,3.4845E+18,0.00151,0.001740634,,,0.00016915,,,,,,0.000157337,0.000141736,0.000156069,0.000118813,0.000143489,0.000220475,0.000222138,0.000221306,7.2263E-05,8.55454E-05,7.89042E-05,,9.63195E-05,6.74215E-05,6.79317E-05,6.35463E-05,7.38047E-05,0.000116339,0.000114429,0.000115384,0.000261464,,,,,,,,,,,,,,,,,,,,,,,,
250K,3.888E+18,0.0181,0.002797095,190K,3.888E+18,0.0171,0.00264583,0.025,0.004643388,0.0179,0.003112502,0.0076,0.002821712,,,0.003525867,0.000912215,250K,3.636E+18,0.0171,0.002480058,0.0146,0.002286967,0.0172,0.002542874,0.0179,0.002688091,0.002499498,0.000166329,190K,3.636E+18,0.0272,0.00420727,0.0244,0.003993453,0.004100362,0.000106908,250K,3.888E+18,-0.00285,-0.003386809,0.00238,0.002312251,-0.000537279,0.004029844,190K,3.888E+18,0.00132,0.001207023,0.00177,0.002363782,0.00222,0.002362959,0.0022,0.002541296,0.00214,0.002198705,0.002366686,0.000532584,250K,3.636E+18,0.00164,0.0023696,0.00234,0.002683179,0.002526389,0.000221734,190K,3.636E+18,0.00203,0.002340058,,,0.000136072,0.000128713,0.000225889,0.000151415,0.000137269,0.000160822,0.000120648,0.000111255,0.000123704,9.24675E-05,0.000112019,0.000204673,0.000194271,0.000199472,0.00016476,0.000112485,0.000138622,3.79667E-05,0.00010859,8.65178E-05,0.00010098,7.77081E-05,8.23524E-05,0.000117775,0.000105835,0.000111805,0.000172783,,,,,,,,,,,,,,,,,,,,,,,,
260K,4.05E+18,0.0116,0.001792613,200K,4.05E+18,,,,,,,,,,,,,260K,3.7875E+18,0.013,0.001885424,0.0111,0.001738722,0.0123,0.001818451,0.0137,0.002057366,0.001874991,0.000135567,200K,3.7875E+18,0.0273,0.004222738,0.0251,0.00410802,0.004165379,5.73591E-05,260K,4.05E+18,-0.00288,-0.00342246,0.00187,0.001816769,-0.000802846,0.003704694,200K,4.05E+18,,,0.00177,0.002363782,0.00292,0.003108036,0.00273,0.003153517,0.00267,0.002743245,0.002842145,0.000367996,260K,3.7875E+18,0.00181,0.002615229,0.00154,0.001765853,0.002190541,0.0006006,200K,3.7875E+18,0.00225,0.00259366,,,8.72061E-05,,,,,,9.17211E-05,8.45844E-05,8.8463E-05,7.07712E-05,8.38849E-05,0.000205425,0.000199845,0.000202635,0.000166494,8.83812E-05,0.000127438,,0.00010859,0.000113798,0.000125307,9.69537E-05,0.000111162,0.000129983,6.9652E-05,9.98177E-05,6.94785E-05,,,,,,,,,,,,,,,,,,,,,,,,
270K,4.212E+18,0.0082,0.001267192,210K,4.212E+18,0.0186,0.00287792,,,0.0128,0.0022257,0.0088,0.003267246,,,0.002746473,0.000526274,270K,3.939E+18,0.0111,0.001609862,0.009,0.001409774,0.0105,0.001552336,0.009,0.001351554,0.001480882,0.000120448,210K,3.939E+18,0.027,0.004176334,0.0248,0.00405892,0.004117627,5.87072E-05,270K,4.212E+18,-0.00321,-0.003814617,0.00189,0.001836199,-0.000989209,0.00399573,210K,4.212E+18,0.00125,0.001143014,0.00144,0.001923077,0.00233,0.002480043,0.00239,0.002760772,0.00238,0.002445289,0.002402295,0.000639273,270K,3.939E+18,0.0015,0.002167317,0.00165,0.001891985,0.002029651,0.000194689,210K,3.939E+18,0.00196,0.002259366,,,6.16457E-05,0.000140003,,0.000108275,0.000158943,0.00013574,7.83157E-05,6.85819E-05,7.55172E-05,4.6492E-05,6.72267E-05,0.000203168,0.000197456,0.000200312,0.000185571,8.93264E-05,0.000137449,3.59533E-05,8.83439E-05,9.08048E-05,0.000109701,8.64231E-05,8.22452E-05,0.000107721,7.46272E-05,9.1174E-05,1.64554E-05,,,,,,,,,,,,,,,,,,,,,,,,
280K,4.374E+18,0.0052,0.000803585,220K,4.374E+18,,,,,,,,,,,,,280K,4.0905E+18,0.0061,0.000884699,0.0072,0.00112782,0.0069,0.001020106,0.0058,0.000871002,0.000975907,0.000121594,220K,4.0905E+18,0.0248,0.00383604,0.0328,0.005368249,0.004602144,0.000766104,280K,4.374E+18,-0.00297,-0.003529412,0.00092,0.000893811,-0.0013178,0.003127691,220K,4.374E+18,,,0.00208,0.002777778,0.00225,0.002394891,0.00193,0.00222941,0.00212,0.002178157,0.002395059,0.000271391,280K,4.0905E+18,0.0018,0.00260078,0.00108,0.00123839,0.001919585,0.000963355,220K,4.0905E+18,0.00206,0.00237464,,,3.90924E-05,,,,,,4.30384E-05,5.48655E-05,4.96256E-05,2.99615E-05,4.43728E-05,0.000186614,0.000261152,0.000223883,0.000171697,4.34816E-05,0.000107589,,0.000127608,8.7687E-05,8.85867E-05,7.69819E-05,9.52159E-05,0.000129265,4.88469E-05,8.9056E-05,1.37128E-06,,,,,,,,,,,,,,,,,,,,,,,,
290K,4.536E+18,0.0041,0.000633596,230K,4.536E+18,0.0108,0.001671051,,,0.0144,0.002503912,0.0057,0.002116284,,,0.002310098,0.000416763,290K,4.242E+18,0.0043,0.00062364,0.0038,0.000595238,0.0047,0.000694855,0.0033,0.00049557,0.000602326,8.25894E-05,230K,4.242E+18,0.027,0.004176334,0.0285,0.004664484,0.004420409,0.000244075,290K,4.536E+18,-0.00378,-0.004491979,0.00182,0.001768192,-0.001361893,0.004426609,230K,4.536E+18,0.00074,0.000676664,0.0022,0.002938034,0.0024,0.00255455,0.00148,0.001709599,0.00164,0.001684989,0.002221793,0.00087809,290K,4.242E+18,0.00122,0.001762751,0.00089,0.001020525,0.001391638,0.000524833,230K,4.242E+18,0.00189,0.002178674,,,3.08228E-05,8.12923E-05,,0.000121809,0.000102952,0.000102018,3.03385E-05,2.89568E-05,3.38029E-05,1.70471E-05,2.75363E-05,0.000203168,0.000226915,0.000215042,0.000218523,8.6018E-05,0.000152271,2.12843E-05,0.00013497,9.35328E-05,6.79317E-05,5.9552E-05,7.54542E-05,8.76129E-05,4.02534E-05,6.39331E-05,3.47392E-05,,,,,,,,,,,,,,,,,,,,,,,,
300K,4.698E+18,0.0031,0.00047906,240K,4.698E+18,,,,,,,,,,,,,300K,4.3935E+18,0.0033,0.000478608,0.0034,0.000532581,0.0036,0.000532229,0.0007,0.000105121,0.000412135,0.000206241,240K,4.3935E+18,0.021,0.00324826,0.024,0.003927987,0.003588123,0.000339864,300K,4.698E+18,-0.00403,-0.004789067,0.00073,0.00070922,-0.002039924,0.003887876,240K,4.698E+18,,,0.00204,0.002724359,0.00235,0.00250133,0.00231,0.002668361,0.00177,0.001818555,0.002428151,0.000417294,300K,4.3935E+18,0.00141,0.002037278,0.00139,0.001593854,0.001815566,0.000313548,240K,4.3935E+18,0.00214,0.002466859,,,2.33051E-05,,,,,,2.3283E-05,2.59087E-05,2.58916E-05,3.61605E-06,1.96749E-05,0.00015802,0.000191087,0.000174553,0.000232976,3.45017E-05,0.000133739,,0.000125154,9.15842E-05,0.000106029,6.42726E-05,9.67599E-05,0.000101258,6.28677E-05,8.20626E-05,5.62227E-05,,,,,,,,,,,,,,,,,,,,,,,,
310K,4.86E+18,0.0009,0.000139082,250K,4.86E+18,0.0059,0.000912889,0.00873,0.001621471,0.0109,0.001895323,0.0031,0.001150962,,,0.001555918,0.000444821,310K,4.545E+18,0.001,0.000145033,0.001,0.000156642,0.0028,0.000413956,0.0007,0.000105121,0.000205188,0.000140917,250K,4.545E+18,0.0151,0.002335654,0.0173,0.002831424,0.002583539,0.000247885,310K,4.86E+18,-0.00417,-0.004955437,0.00146,0.00141844,-0.001768499,0.004507011,250K,4.86E+18,0.00069,0.000630944,0.00158,0.002110043,0.00164,0.001745609,0.00227,0.002622155,0.00224,0.002301449,0.002194814,0.000768036,310K,4.545E+18,0.00082,0.0011848,0.00081,0.000928793,0.001056796,0.000181025,250K,4.545E+18,0.0021,0.002420749,,,6.76599E-06,4.44097E-05,7.88804E-05,9.22026E-05,5.59913E-05,6.7871E-05,7.05547E-06,7.62021E-06,2.01379E-05,3.61605E-06,9.60741E-06,0.000113624,0.000137742,0.000125683,0.000241069,6.90035E-05,0.000155036,1.98462E-05,9.6933E-05,6.3914E-05,0.000104193,8.13394E-05,7.32451E-05,5.88873E-05,3.66351E-05,4.77612E-05,4.66237E-05,,,,,,,,,,,,,,,,,,,,,,,,
,,,,260K,5.022E+18,,,,,,,,,,,,,,,,,,,,,,,,,260K,4.6965E+18,0.0109,0.001686002,0.0134,0.002193126,0.001939564,0.000253562,,,,,,,,,260K,5.022E+18,,,0.00195,0.002604167,0.00187,0.00199042,0.00172,0.001986831,0.00217,0.002229528,0.002202737,0.000290722,,,,,,,,,260K,4.6965E+18,0.00134,0.001544669,,,,,,,,,,,,,,8.20197E-05,0.00010669,9.43548E-05,,,,,0.000119633,7.28776E-05,7.89477E-05,7.87975E-05,8.75638E-05,,,,1.14274E-05,,,,,,,,,,,,,,,,,,,,,,,,
,,,,270K,5.184E+18,0.0022,0.000340399,0.00358,0.000664933,0.0065,0.001130238,,,,,0.000897586,0.000397005,,,,,,,,,,,,,270K,4.848E+18,0.0069,0.001067285,0.0073,0.001194763,0.001131024,6.37387E-05,,,,,,,,,270K,5.184E+18,0.00097,0.000886979,0.00171,0.002283654,0.00199,0.002118148,0.0023,0.00265681,0.00157,0.001613069,0.00216792,0.000684725,,,,,,,,,270K,4.848E+18,0.00163,0.001878963,,,,1.65596E-05,3.23473E-05,5.49832E-05,,3.463E-05,,,,,,5.19207E-05,5.81222E-05,5.50214E-05,,,,2.78997E-05,0.000104908,7.75542E-05,0.00010557,5.70101E-05,7.45885E-05,,,,4.93663E-05,,,,,,,,,,,,,,,,,,,,,,,,
,,,,280K,5.346E+18,,,,,,,,,,,,,,,,,,,,,,,,,280K,4.9995E+18,0.0054,0.000835267,0.0046,0.000752864,0.000794065,4.12013E-05,,,,,,,,,280K,5.346E+18,,,0.0012,0.001602564,0.0021,0.002235232,0.00208,0.00240268,0.00203,0.002085688,0.002081541,0.000344571,,,,,,,,,280K,4.9995E+18,0.00188,0.002167147,,,,,,,,,,,,,,4.06336E-05,3.66249E-05,3.86293E-05,,,,,7.36199E-05,8.18412E-05,9.54717E-05,7.37138E-05,8.11616E-05,,,,3.10824E-05,,,,,,,,,,,,,,,,,,,,,,,,
,,,,290K,5.508E+18,-0.0006,-9.28361E-05,0.0012,0.000222883,0.0013,0.000226048,,,,,0.000224465,0.000183201,,,,,,,,,,,,,290K,5.151E+18,0.0029,0.000448569,0.0029,0.000474632,0.0004616,1.30313E-05,,,,,,,,,290K,5.508E+18,0.00086,0.000786394,0.00121,0.001615919,0.00119,0.001266631,0.0021,0.002425783,0.00217,0.002229528,0.001884465,0.000676487,,,,,,,,,290K,5.151E+18,0.00196,0.002259366,,,,4.51624E-06,1.08427E-05,1.09966E-05,,8.78518E-06,,,,,,2.18217E-05,2.30896E-05,2.24557E-05,,,,2.47358E-05,7.42334E-05,4.63766E-05,9.63897E-05,7.87975E-05,6.41066E-05,,,,3.33679E-05,,,,,,,,,,,,,,,,,,,,,,,,
,,,,300K,5.67E+18,,,,,,,,,,,,,,,,,,,,,,,,,300K,5.3025E+18,0.0013,0.000201083,0.0012,0.000196399,0.000198741,2.3417E-06,,,,,,,,,300K,5.67E+18,,,0.00074,0.000988248,0.00178,0.001894625,0.00183,0.002113896,0.00166,0.001705538,0.001675577,0.000487656,,,,,,,,,300K,5.3025E+18,0.00151,0.001740634,,,,,,,,,,,,,,9.78216E-06,9.55433E-06,9.66824E-06,,,,,4.53989E-05,6.93701E-05,8.39967E-05,6.02782E-05,6.4761E-05,,,,2.4226E-05,,,,,,,,,,,,,,,,,,,,,,,,
,,,,310K,5.832E+18,-0.0015,-0.00023209,-0.00091,-0.000169019,0.0007,0.000121718,,,,,-2.36507E-05,0.000188718,,,,,,,,,,,,,310K,5.454E+18,0.0002,3.09358E-05,0.0006,9.81997E-05,6.45677E-05,3.36319E-05,,,,,,,,,310K,5.832E+18,0.00072,0.000658376,0.00142,0.001896368,0.00178,0.001894625,0.002,0.002310269,0.00187,0.001921299,0.00200564,0.000627749,,,,,,,,,310K,5.454E+18,0.00103,0.00118732,,,,1.12906E-05,8.22236E-06,5.92127E-06,,8.47808E-06,,,,,,1.50495E-06,4.77716E-06,3.14106E-06,,,,2.07091E-05,8.71169E-05,6.93701E-05,9.17997E-05,6.79038E-05,6.73799E-05,,,,3.06253E-05,,,,,,,,,,,,,,,,,,,,,,,,
,,,,,,,,,,,,,,,,,,,,,,,,,,,,,,,,,,,,,,,,,,,,,,,,,,,,,,,,,,,,,,,,,,,,,,,,,,,,,,,,,,,,,,,,,,,,,,,,,,,,,,,,,,,,,,,,,,,,,,,,,,,,
,,,,,,,,,,,,,,,,,,,,,,,,,,,,,,,,,,,,,,,,,,,,,,,,,,,,,,,,,,,,,,,,,,,,,,,,,,,,,,,,,,,,,,,,,,,,,,,,,,,,,,,,,,,,,,,,,,,,,,,,,,,,
,,,,,,,,,,,,,,,,,,,,,,,,,,,,,,,,,,,,,,,,,,,,,,,,,,,,,,,,,,,,,,,,,,,,,,,,,,,,,,,,,,,,,,,,,,,,,,,,,,,,,,,,,,,,,,,,,,,,,,,,,,,,
,,,,,,,,,,,,,,,,,,,,,,,,,,,,,,,,,,,,,,,,,,,,,,,,,,,,,,,,,,,,,,,,,,,,,,,,,,,,,,,,,,,,,,,,,,,,,,,,,,,,,,,,,,,,,,,,,,,,,,,,,,,,
,,,,,,,,,,,,,,,,,,,,,,,,,,,,,,,,,,,,,,,,,,,,,,,,,,,,,,,,,,,,,,,,,,,,,,,,,,,,,,,,,,,,,,,,,,,,,,,,,,,,,,,,,,,,,,,,,,,,,,,,,,,,
,,,,,,,,,,,,,,,,,,,,,,,,,,,,,,,,,,,,,,,,,,,,,,,,,,,,,,,,,,,,,,,,,,,,,,,,,,,,,,,,,,,,,,,,,,,,,,,,,,,,,,,,,,,,,,,,,,,,,,,,,,,,
,,,,,,,,,,,,,,,,,,,,,,,,,,,,,,,,,,,,,,,,,,,,,,,,,,,,,,,,,,,,,,,,,,,,,,,,,,,,,,,,,,,,,,,,,,,,,,,,,,,,,,,,,,,,,,,,,,,,,,,,,,,,
,,,,,,,,,,,,,,,,,,,,,,,,,,,,,,,,,,,,,,,,,,,,,,,,,,,,,,,,,,,,,,,,,,,,,,,,,,,,,,,,,,,,,,,,,,,,,,,,,,,,,,,,,,,,,,,,,,,,,,,,,,,,
,,,,,,,,,,,,,,,,,,,,,,,,,,,,,,,,,,,,,,,,,,,,,,,,,,,,,,,,,,,,,,,,,,,,,,,,,,,,,,,,,,,,,,,,,,,,,,,,,,,,,,,,,,,,,,,,,,,,,,,,,,,,
,,,,,,,,,,,,,,,,,,,,,,,,,,,,,,,,,,,,,,,,,,,,,,,,,,,,,,,,,,,,,,,,,,,,,,,,,,,,,,,,,,,,,,,,,,,,,,,,,,,,,,,,,,,,,,,,,,,,,,,,,,,,
,,,,,,,,,,,,,,,,,,,,,,,,,,,,,,,,,,,,,,,,,,,,,,,,,,,,,,,,,,,,,,,,,,,,,,,,,,,,,,,,,,,,,,,,,,,,,,,,,,,,,,,,,,,,,,,,,,,,,,,,,,,,
,,,,,,,,,,,,,,,,,,,,,,,,,,,,,,,,,,,,,,,,,,,,,,,,,,,,,,,,,,,,,,,,,,,,,,,,,,,,,,,,,,,,,,,,,,,,,,,,,,,,,,,,,,,,,,,,,,,,,,,,,,,,
,,,,,,,,,,,,,,,,,,,,,,,,,,,,,,,,,,,,,,,,,,,,,,,,,,,,,,,,,,,,,,,,,,,,,,,,,,,,,,,,,,,,,,,,,,,,,,,,,,,,,,,,,,,,,,,,,,,,,,,,,,,,
,,,,,,,,,,,,,,,,,,,,,,,,,,,,,,,,,,,,,,,,,,,,,,,,,,,,,,,,,,,,,,,,,,,,,,,,,,,,,,,,,,,,,,,,,,,,,,,,,,,,,,,,,,,,,,,,,,,,,,,,,,,,
,,,,,,,,,,,,,,,,,,,,,,,,,,,,,,,,,,,,,,,,,,,,,,,,,,,,,,,,,,,,,,,,,,,,,,,,,,,,,,,,,,,,,,,,,,,,,,,,,,,,,,,,,,,,,,,,,,,,,,,,,,,,
,,,,,,,,,,,,,,,,,,,,,,,,,,,,,,,,,,,,,,,,,,,,,,,,,,,,,,,,,,,,,,,,,,,,,,,,,,,,,,,,,,,,,,,,,,,,,,,,,,,,,,,,,,,,,,,,,,,,,,,,,,,,
,,,,,,,,,,,,,,,,,,,,,,,,,,,,,,,,,,,,,,,,,,,,,,,,,,,,,,,,,,,,,,,,,,,,,,,,,,,,,,,,,,,,,,,,,,,,,,,,,,,,,,,,,,,,,,,,,,,,,,,,,,,,
 Production/Sublimation 1428 cm-1,,,,,,,,,,,,,,,,,,,,,,,,,,,,,,,,,,,,,,,,,,,,,,,,,,,,,,,,,,,,,,,,,,,,,,,,,,,,,,,,,,,,,,,,,,,,,,,,,,,,,,,,,,,,,,,,,,,,,,,,,,,,
100% Methanol,,,,,,,,,,,,,,,,,,,,,,,,,,,,,,,,,,,,,,11-16% Methanol,,,,,,,,,,,,,,,,,,,,,,,,,,,,,,,,,,,,1428 cm-1,,,,,,,,,,,,,,,,,,,,,,,,,,,,,,,,,,,,,,,,,,,,,,,,,,
0min 100W,,,,60min 100W,,,,,,,,,,,,,,0min 50W,,,,,,,,,,,,75min 50W,,,,,,,,0 min 100W,,,,,,,,60 min 100W,,,,,,,,,,,,,,0min 50W,,,,,,,,75min 50W,,,,,,0 min 100W 100%,60 min 100W 100%,,,,,0 min 50W 100%,,,,,75 min 50W 100%,,,0min 100W 11-16%,,,60min 100W 11-16%,,,,,,0min 50W 11-16%,,,75min 50W 11-16%,,,,1428,,,,,,,,,,,,,,,,,,,,
,,110923,,,,101223,,092823 - IR out,,91523,,83123,,102824,,Average,st. dev.,,,010324 -2nd good,,122123 -power surge,,122723 -purge,,121823 -oscillate,,Average,st. dev.,,,010523,,122923 -purge,,Average,st. dev.,,,81524,,81624,,Average,st. dev.,,,71824,,090324 -purge,,92424,,100824 -purge,,101524,,Average,st. dev.,,,82724,,083024 -purge,,Average,st. dev.,,,91724,,,,110923,101223,92823,91523,83123,ave,10324,122123,122723,121823,ave,10524,122923,ave,81524,81624,ave,71824,90324,92424,100824,101524,ave,82724,83024,ave,91724,,,,100%,,,,14-19%,,,,,,,,,,,,,,,,
Temp,Fluence,Integrated Absorbance,Normalized,Time/Temp,Fluence,Integrated Absorbance,Normalized,Integrated Absorbance,Normalized,Integrated Absorbance,Normalized,Integrated Absorbance,Normalized,Integrated Absorbance,Normalized,Normalized,Normalized,Temp,Fluence,Integrated Absorbance,Normalized,Integrated Absorbance,Normalized,Integrated Absorbance,Normalized,Integrated Absorbance,Normalized,Normalized,Normalized,Time/Temp,Fluence,Integrated Absorbance,Normalized,Integrated Absorbance,Normalized,Normalized,Normalized,Temp,Fluence,Integrated Absorbance,Normalized,Integrated Absorbance,Normalized,Normalized,Normalized,Time/Temp,Fluence,Integrated Absorbance,Normalized,Integrated Absorbance,Normalized,Integrated Absorbance,Normalized,Integrated Absorbance,Normalized,Integrated Absorbance,Normalized,Normalized,Normalized,Temp,Fluence,Integrated Absorbance,Normalized,Integrated Absorbance,Normalized,Normalized,Normalized,Time/Temp,Fluence,Integrated Absorbance,Normalized,,,Propagated 1sigma error,Propagated 1sigma error,Propagated 1sigma error,Propagated 1sigma error,Propagated 1sigma error,Propagated 1sigma error,Propagated 1sigma error,Propagated 1sigma error,Propagated 1sigma error,Propagated 1sigma error,Propagated 1sigma error,Propagated 1sigma error,Propagated 1sigma error,Propagated 1sigma error,Propagated 1sigma error,Propagated 1sigma error,Propagated 1sigma error,Propagated 1sigma error,Propagated 1sigma error,Propagated 1sigma error,Propagated 1sigma error,Propagated 1sigma error,Propagated 1sigma error,Propagated 1sigma error,Propagated 1sigma error,Propagated 1sigma error,Propagated 1sigma error,,fluence,normalized absorbance,temp,fluence,norm. int. absorbance,error,temp,fluence,norm. int. absorbance,error,,,,,,,,,,,,,
,,,,,,,,,,,,,,,,,,,,,,,,,,,,,,,,,,,,,,,,,,,,,,,,,,,,,,,,,,,,,,,,,,,,,,,,,,,,,,,,,,,,,,,,,,,,,,,,,,,,,,,,20,1.54E+17,0.002571988,0.000716371,20,1.54E+17,0.001150197,0.000320362,,,,,,,,,,,,,
20K,1.62E+17,-0.01403,-0.002168135,10,1.62E+17,-0.0065,-0.001005725,0.0015,0.000278603,-0.0029,-0.00050426,-0.0051,-0.001893517,,,-0.000754993,0.000910593,20K,1.515E+17,-0.0184,-0.0026686,-0.0149,-0.00233396,-0.0069,-0.001020106,-0.0152,-0.002282625,-0.002076323,0.000724643,12.5,1.515E+17,-0.0046,-0.000711524,-0.00363,-0.000594108,-0.000355762,5.87078E-05,20K,1.62E+17,0.0007,0.000831848,-0.0009,-0.000874381,-2.12664E-05,0.001206486,10,1.62E+17,-0.0026,-0.002377469,0.0054,0.007211538,0.0019,0.002022352,-0.0006,-0.000693081,-0.0012,-0.001232919,-0.001535275,0.0038369,20K,1.515E+17,0.001,0.001444878,0.0025,0.002866644,0.002155761,0.00100534,12.5,1.515E+17,0.0004,0.000461095,,,0.000603886,4.89259E-05,7.75988E-05,0.000140451,0.000527398,1.99E-04,0.00074328,0.000650073,0.000284128,0.000630908,0.000577097,0.000196662,,0.000196662,0.000231693,0.000243539,2.38E-04,0.000662192,,0.000563282,0.000193042,0.000343402,0.000427617,0.000402439,0.00079844,0.00060044,0.000128428,,1.62E+17,-0.000754993,50,6.17E+17,-0.002374101,0.000661253,50,6.17E+17,0.005165184,0.001438648,,,,,,,,,,,,,
30K,3.24E+17,-0.01927,-0.002977901,20,3.24E+17,-0.0027,-0.000417763,0.002,0.000371471,0.0007,0.000121718,-0.0031,-0.001150962,,,-0.000148022,0.000674005,30K,3.03E+17,-0.0269,-0.003901378,-0.018,-0.002819549,-0.0108,-0.001596688,-0.0206,-0.003093558,-0.002852793,0.000955057,25,3.03E+17,-0.0018,-0.000278422,-0.00169,-0.000276596,-0.000139211,9.13265E-07,30K,3.24E+17,0.002,0.002376708,0.0004,0.000388614,0.001382661,0.001405795,20,3.24E+17,-0.0024,-0.002194587,0.004,0.00534188,0.0018,0.001915913,-0.0015,-0.001732702,0.000001,1.02743E-06,-0.001963644,0.003074291,30K,3.03E+17,0.0011,0.001589366,0.0028,0.003210641,0.002400003,0.001146415,25,3.03E+17,0.00059,0.000680115,,,0.000829429,2.03231E-05,0.000103465,3.39019E-05,0.000320575,0.000119566,0.001086643,0.000785323,0.000444722,0.000855046,0.000792934,7.69547E-05,,7.69547E-05,0.00066198,0.00010824,0.00038511,0.000611254,,0.000533635,0.000482606,2.86169E-07,0.00054693,0.000442683,0.000894253,0.000668468,0.000189431,,3.24E+17,-0.000148022,100,1.39E+18,-0.000118501,3.30058E-05,70,9.26E+17,0.003381375,0.000941807,,,,,,,,,,,,,
40K,4.86E+17,-0.02154,-0.003328697,30,4.86E+17,0.0009,0.000139254,0.0085,0.001578752,0.0027,0.000469484,0.0035,0.001299473,,,0.000304369,0.00067852,40K,4.545E+17,-0.0287,-0.004162437,-0.0211,-0.003305138,-0.0108,-0.001596688,-0.0215,-0.003228713,-0.003073244,0.001071526,37.5,4.545E+17,0.0011,0.000170147,0.00039,6.38298E-05,8.50735E-05,5.31586E-05,40K,4.86E+17,0.0041,0.004872252,0.0008,0.000777227,0.00282474,0.00289562,30,4.86E+17,-0.0023,-0.002103146,0.0061,0.008146368,-0.0008,-0.000851517,0.0002,0.000231027,0.001,0.001027432,-0.000936059,0.004009354,40K,4.545E+17,0.0015,0.002167317,0.0046,0.005274624,0.003720971,0.002197198,37.5,4.545E+17,0.0023,0.002651297,,,0.000927135,6.77436E-06,0.000439727,0.000130764,0.00036194,0.000234801,0.001159355,0.000920573,0.000444722,0.000892402,0.000854263,4.70279E-05,,4.70279E-05,0.001357059,0.00021648,0.000786769,0.000585785,,0.000237171,6.43475E-05,0.000286169,0.000325066,0.000603658,0.001469131,0.001036394,0.00073846,,4.86E+17,0.000304369,130,1.85E+18,0.003975814,0.001107375,100,1.39E+18,0.013000226,0.003627077,,,,,,,,,,,,,
50K,6.48E+17,-0.02264,-0.003498686,40,6.48E+17,0.0047,0.000727216,0.0112,0.002080238,0.0023,0.00039993,0.0128,0.004752358,,,0.000563573,0.001980043,50K,6.06E+17,-0.0301,-0.004365482,-0.023,-0.003602757,-0.0116,-0.001714962,-0.02,-0.003003454,-0.003171664,0.00111972,50,6.06E+17,0.0035,0.000541377,0.00154,0.000252046,0.000270688,0.000144665,50K,6.48E+17,0.0065,0.007724302,0.0028,0.002720295,0.005222299,0.003538367,40,6.48E+17,-0.0014,-0.001280176,0.0075,0.010016026,-0.003,-0.003193188,-0.0002,-0.000231027,0.0014,0.001438405,-0.000755601,0.00512752,50K,6.06E+17,0.0003,0.000433463,0.005,0.005733287,0.003083375,0.003747542,50,6.06E+17,0.00156,0.001798271,,,0.000974482,3.53772E-05,0.000579404,0.000111392,0.001323665,0.00051246,0.001215909,0.001003469,0.000477665,0.000830142,0.000881796,0.000149634,,0.000149634,0.002151434,0.000757678,0.001454556,0.000356565,,0.000889392,6.43475E-05,0.000400636,0.000210456,0.000120732,0.001596881,0.000858806,0.000500869,,6.48E+17,0.000563573,150,2.16E+18,-0.000196639,0.000323383,130,1.85E+18,0.011650956,0.003245117,,,,,,,,,,,,,
60K,8.1E+17,-0.0216,-0.003337969,50,8.1E+17,,,0.0115,0.002135958,0.003,0.000521648,0.0044,0.001633623,,,0.000521648,0.000826118,60K,7.575E+17,-0.0332,-0.004815083,-0.0225,-0.003524436,-0.0084,-0.001241869,-0.0184,-0.002763178,-0.003086141,0.001492982,62.5,7.575E+17,0.0038,0.00058778,0.00347,0.000567921,0.00029389,9.92946E-06,60K,8.1E+17,0.008,0.009506833,0.003,0.002914602,0.006210718,0.004661411,50,8.1E+17,-0.0014,-0.001280176,0.0078,0.010416667,-0.0005,-0.000532198,-0.0011,-0.001270648,0.0016,0.001643892,-0.001275412,0.004965549,60K,7.575E+17,0.0007,0.001011415,0.0073,0.0083706,0.004691007,0.00520373,62.5,7.575E+17,-0.00008,-9.2219E-05,,,0.000929718,,0.000594924,0.000145294,0.00045501,0.000398409,0.001341135,0.000981654,0.000345895,0.00076373,0.000858104,0.00016246,,0.00016246,0.002647919,0.000811798,0.001729859,0.000356565,,0.000148232,0.000353911,0.00045787,0.000355238,0.000281707,0.002331446,0.001306577,2.56856E-05,,8.1E+17,0.000521648,,,,,150,2.16E+18,-0.001296396,0.000361083,,,,,,,,,,,,,
70K,9.72E+17,-0.01356,-0.002095503,60,9.72E+17,0.0066,0.001021198,0.0113,0.002098811,0.0027,0.000469484,0.0073,0.002710329,,,0.000745341,0.001015253,70K,9.09E+17,-0.0276,-0.004002901,-0.0195,-0.003054511,-0.0057,-0.000842697,-0.0164,-0.002462832,-0.002590735,0.001326813,75,9.09E+17,0.0048,0.000742459,0.00197,0.000322422,0.00037123,0.000210019,70K,9.72E+17,0.0092,0.010932858,0.0045,0.004371903,0.007652381,0.004639296,60,9.72E+17,-0.00173,-0.001581931,0.0114,0.015224359,-0.0028,-0.002980309,-0.001,-0.001155135,0.0027,0.002774068,-0.001368533,0.007450349,70K,9.09E+17,0.0032,0.004623609,0.0117,0.013415893,0.009019751,0.006217083,75,9.09E+17,0.0011,0.001268012,,,0.000583656,4.96787E-05,0.000584578,0.000130764,0.000754902,0.000379981,0.00111492,0.000850767,0.000234715,0.000680716,0.000720279,0.000205213,,0.000205213,0.003045107,0.001217697,0.002131402,0.000440612,,0.000830099,0.000321737,0.000772655,0.000381175,0.001287805,0.003736702,0.002512253,0.000353177,,9.72E+17,0.000745341,,,,,,,,,,,,,,,,,,,,,
80K,1.134E+18,-0.00972,-0.001502086,20K,1.134E+18,,,,,,,,,,,,,80K,1.0605E+18,-0.024,-0.003480783,-0.0145,-0.002271303,0.0008,0.000118273,-0.0098,-0.001471692,-0.001776376,0.001509137,20K,1.0605E+18,0.0051,0.000788863,-0.00098,-0.000160393,0.000394432,0.000474628,80K,1.134E+18,0.0083,0.009863339,0.005,0.00485767,0.007360505,0.003539543,20K,1.134E+18,,,0.0149,0.019898504,0.0012,0.001277275,-0.0005,-0.000577567,0.0008,0.000821946,-0.000577567,0.009727715,80K,1.0605E+18,0.0047,0.006790926,0.0106,0.012154569,0.009472748,0.003792669,20K,1.0605E+18,-0.00077,-0.000887608,,,0.000418373,,,,,,0.000969496,0.000632622,3.29424E-05,0.000406769,0.000510457,0.000218038,,0.000218038,0.002747216,0.001352997,0.002050107,,,0.000355757,0.000160869,0.000228935,0.000160869,0.001891463,0.003385388,0.002638425,0.000247224,,1.296E+18,0.000138666,,,,,,,,,,,,,,,,,,,,,
90K,1.296E+18,-0.00562,-0.00086849,30K,1.296E+18,0.0064,0.000990252,0.0032,0.000594354,-0.0041,-0.000712919,0.0061,0.002264795,,,0.000138666,0.001226381,90K,1.212E+18,-0.0174,-0.002523568,-0.0097,-0.001519424,0.0064,0.000946186,-0.0024,-0.000360414,-0.000864305,0.001496008,30K,1.212E+18,0.0005,7.73395E-05,-0.00878,-0.001436989,3.86698E-05,0.000757164,90K,1.296E+18,0.011,0.013071895,0.0051,0.004954824,0.00901336,0.005739636,30K,1.296E+18,0.0003,0.000274323,0.0191,0.025507479,0.0012,0.001277275,0.0007,0.000808594,-0.0003,-0.00030823,0.000541459,0.011193552,90K,1.212E+18,0.007,0.010114145,0.0126,0.014447884,0.012281015,0.003064416,30K,1.212E+18,0.00116,0.001337176,,,0.000241899,4.81732E-05,0.000165544,0.000198568,0.000630809,0.000260774,0.000702884,0.000423202,0.000263539,9.9617E-05,0.000372311,2.13763E-05,,2.13763E-05,0.003640889,0.001380057,0.002510473,7.64067E-05,,0.000355757,0.000225216,8.58506E-05,0.000150811,0.002817073,0.00402414,0.003420606,0.000372441,,1.62E+18,-0.000301861,,,,,,,,,,,,,,,,,,,,,
100K,1.458E+18,0.00033,5.09968E-05,40K,1.458E+18,,,,,,,,,,,,,100K,1.3635E+18,-0.0107,-0.001551849,-0.0066,-0.001033835,0.0138,0.002040213,0.0021,0.000315363,-5.7527E-05,0.001604757,40K,1.3635E+18,-0.001,-0.000154679,-0.01755,-0.00287234,-7.73395E-05,0.001358831,100K,1.458E+18,0.0114,0.013547237,0.0076,0.007383659,0.010465448,0.004358308,40K,1.458E+18,,,0.0195,0.026041667,-0.001,-0.001064396,0.0011,0.001270648,0.001,0.001027432,0.001270648,0.012858011,100K,1.3635E+18,0.0076,0.010981072,0.012,0.01375989,0.012370481,0.001964921,40K,1.3635E+18,0.00241,0.002778098,,,1.4204E-05,,,,,,0.000432233,0.000287952,0.000568256,8.71649E-05,0.000343902,4.27526E-05,,4.27526E-05,0.003773285,0.002056556,0.00291492,,,0.000296464,0.000353911,0.000286169,0.000353911,0.003058536,0.003832514,0.003445525,0.000773778,,1.944E+18,9.65974E-05,,,,,,,,,,,,,,,,,,,,,
110K,1.62E+18,0.00737,0.001138928,50K,1.62E+18,0.0061,0.000943834,-0.0061,-0.001132987,-0.0089,-0.001547557,-0.0077,-0.00285884,,,-0.000301861,0.001577193,110K,1.515E+18,-0.0042,-0.000609137,0.0077,0.00120614,0.0236,0.00348906,0.0106,0.001591831,0.001419473,0.001680641,50K,1.515E+18,-0.0031,-0.000479505,-0.02729,-0.004466448,-0.000239753,0.001993472,110K,1.62E+18,0.0103,0.012240048,0.008,0.007772272,0.01000616,0.003159194,50K,1.62E+18,0.0003,0.000274323,0.0249,0.033253205,-0.0017,-0.001809473,0.0016,0.001848215,0.0014,0.001438405,0.001061269,0.01474402,110K,1.515E+18,0.0104,0.01502673,0.0149,0.017085197,0.016055963,0.001455556,50K,1.515E+18,0.00178,0.002051873,,,0.000317223,4.59151E-05,0.000315568,0.000431038,0.000796267,0.000397197,0.000169662,0.000335944,0.000971801,0.000439975,0.000479345,0.000132533,,0.000132533,0.003409196,0.002164795,0.002786996,7.64067E-05,,0.000503989,0.00051478,0.000400636,0.000295593,0.004185365,0.004758705,0.004472035,0.000571504,,2.268E+18,0.000952824,,,,,,,,,,,,,,,,,,,,,
120K,1.782E+18,0.017,0.002627106,60K,1.782E+18,,,,,,,,,,,,,120K,1.6665E+18,0.0021,0.000304569,0.0161,0.00252193,0.0355,0.005248374,0.0186,0.002793212,0.002717021,0.002022502,60K,1.6665E+18,-0.0049,-0.000757927,-0.02863,-0.004685761,-0.000378964,0.001963917,120K,1.782E+18,0.0105,0.012477718,0.0103,0.010006801,0.01124226,0.001747203,60K,1.782E+18,,,0.0227,0.030315171,-0.0015,-0.001596594,0.0008,0.000924108,0.003,0.003082297,0.000924108,0.014879316,120K,1.6665E+18,0.0108,0.015604681,0.0119,0.013645224,0.014624953,0.001385545,60K,1.6665E+18,0.0032,0.003688761,,,0.000731722,,,,,,8.48309E-05,0.000702428,0.001461819,0.000772032,0.000755277,0.000209488,,0.000209488,0.003475394,0.002787174,0.003131284,,,0.000444696,0.00025739,0.000858506,0.00025739,0.00434634,0.003800577,0.004073459,0.001027423,,2.592E+18,0.002092936,,,,,,,,,,,,,,,,,,,,,
130K,1.944E+18,0.02233,0.00345078,70K,1.944E+18,0.0117,0.001810305,0.0159,0.002953195,-0.0093,-0.00161711,0.0025,0.000928195,,,9.65974E-05,0.001942901,130K,1.818E+18,0.0115,0.001667875,0.0242,0.003790727,0.0434,0.006416322,0.0276,0.004144766,0.004004923,0.0019444,70K,1.818E+18,-0.0039,-0.000603248,-0.0356,-0.005826514,-0.000301624,0.002611633,130K,1.944E+18,0.0111,0.013190731,0.008,0.007772272,0.010481502,0.003831429,70K,1.944E+18,0.0045,0.00411485,0.0261,0.034855769,0.0009,0.000957956,0.0026,0.00300335,0.001,0.001027432,0.0035591,0.014631858,130K,1.818E+18,0.0116,0.016760584,0.0055,0.006306616,0.0115336,0.007392071,70K,1.818E+18,0.00388,0.004472622,,,0.000961139,8.80667E-05,0.000822547,0.00045041,0.000258528,0.000404888,0.00046455,0.001055823,0.001787125,0.001145595,0.001113273,0.000166735,,0.000166735,0.003673988,0.002164795,0.002919392,0.001146101,,0.000266818,0.000836517,0.000286169,0.000991309,0.004668292,0.001756569,0.00321243,0.001245751,,2.916E+18,0.002931331,,,,,,,,,,,,,,,,,,,,,
140K,2.106E+18,0.02841,0.004390357,80K,2.106E+18,,,,,,,,,,,,,140K,1.9695E+18,0.0174,0.002523568,0.0272,0.004260652,0.0468,0.006918983,0.0315,0.00473044,0.004608411,0.001809341,80K,1.9695E+18,0.001,0.000154679,-0.0389,-0.006366612,7.73395E-05,0.003260646,140K,2.106E+18,0.0085,0.01010101,0.0062,0.006023511,0.008062261,0.002883227,80K,2.106E+18,,,0.0248,0.033119658,0.004,0.004257584,0.003,0.003465404,0.0009,0.000924689,0.003465404,0.015185248,140K,1.9695E+18,0.0106,0.015315706,0.0016,0.001834652,0.008575179,0.009532545,80K,1.9695E+18,0.00532,0.006132565,,,0.001222837,,,,,,0.000702884,0.001186711,0.00192713,0.001307473,0.00128105,4.27526E-05,,4.27526E-05,0.002813414,0.001677716,0.002245565,,,0.001185856,0.000965212,0.000257552,0.000965212,0.004265853,0.000511002,0.002388427,0.001708091,,3.24E+18,0.003019966,,,,,,,,,,,,,,,,,,,,,
150K,2.268E+18,0.03235,0.004999227,90K,2.268E+18,0.0158,0.002444685,0.0183,0.00339896,-0.0031,-0.000539037,0.0164,0.006088958,,,0.000952824,0.002735084,150K,2.121E+18,0.0208,0.003016679,0.0316,0.004949875,0.0519,0.007672975,0.0356,0.005346148,0.005246419,0.001911177,90K,2.121E+18,0.0054,0.000835267,-0.0362,-0.005924714,0.000417633,0.00337999,150K,2.268E+18,0.007,0.008318479,0.0045,0.004371903,0.006345191,0.00279065,90K,2.268E+18,0.004,0.003657644,0.0232,0.030982906,0.0026,0.002767429,0.0046,0.005313619,0.0012,0.001232919,0.004485632,0.01249332,150K,2.121E+18,0.0102,0.014737755,0.00001,1.14666E-05,0.007374611,0.010413058,90K,2.121E+18,0.00708,0.008161383,,,0.001392425,0.000118928,0.000946705,0.000150137,0.001695945,0.000727929,0.000840229,0.001378679,0.002137138,0.001477652,0.001458425,0.000230864,,0.000230864,0.002316929,0.001217697,0.001767313,0.001018756,,0.000770807,0.001479992,0.000343402,0.001249374,0.004104877,3.19376E-06,0.002054035,0.002273174,,3.564E+18,0.001988899,,,,,,,,,,,,,,,,,,,,,
160K,2.43E+18,0.03011,0.004653068,100K,2.43E+18,,,,,,,,,,,,,160K,2.2725E+18,0.0145,0.002102973,0.0266,0.004166667,0.0468,0.006918983,0.0309,0.004640336,0.00445724,0.001976589,100K,2.2725E+18,0.0092,0.001423047,-0.0336,-0.005499182,0.000711524,0.003461114,160K,2.43E+18,0.0045,0.005347594,0.0036,0.003497523,0.004422558,0.001308198,100K,2.43E+18,,,0.0298,0.039797009,0.0032,0.003406067,0.0064,0.007392861,0.0007,0.000719203,0.007392861,0.018186661,160K,2.2725E+18,0.0102,0.014737755,-0.0022,-0.002522646,0.006107554,0.012204947,100K,2.2725E+18,0.00738,0.008507205,,,0.00129601,,,,,,0.000585737,0.001160533,0.00192713,0.001282569,0.001238992,0.000393324,,0.000393324,0.001489454,0.000974158,0.001231806,,,0.000948685,0.002059119,0.000200318,0.002059119,0.004104877,0.000702628,0.002403752,0.002369495,,3.888E+18,0.000692806,,,,,,,,,,,,,,,,,,,,,
170K,2.592E+18,0.02079,0.003212796,110K,2.592E+18,0.0184,0.002846975,0.0223,0.004141902,0.0077,0.001338898,0.0134,0.004975124,,,0.002092936,0.001587802,170K,2.424E+18,0.0052,0.00075417,0.0181,0.002835213,0.0403,0.005958013,0.0202,0.003033489,0.003145221,0.0021399,110K,2.424E+18,0.0155,0.002397525,-0.0291,-0.004762684,0.001198763,0.003580105,170K,2.592E+18,0.0042,0.004991087,0.0004,0.000388614,0.00268985,0.00325444,110K,2.592E+18,0.0052,0.004754938,0.0271,0.036191239,0.0022,0.002341671,0.0057,0.006584267,0.0018,0.001849378,0.005669602,0.014574368,170K,2.424E+18,0.0081,0.011703511,-0.0039,-0.004471964,0.003615773,0.011437788,110K,2.424E+18,0.00879,0.010132565,,,0.000894853,0.000138498,0.001153636,0.00037292,0.001385711,0.000762691,0.000210057,0.000789686,0.001659473,0.000838443,0.000874415,0.000662665,,0.000662665,0.001390157,0.00010824,0.000749199,0.001324383,,0.000652221,0.001833903,0.000515104,0.001579143,0.003259755,0.001245567,0.002252661,0.002822203,,4.212E+18,0.000166736,,,,,,,,,,,,,,,,,,,,,
180K,2.754E+18,0.01597,0.002467934,120K,2.754E+18,,,,,,,,,,,,,180K,2.5755E+18,0.0008,0.000116026,0.0115,0.001801378,0.033,0.00487877,0.0164,0.002462832,0.002314752,0.001974341,120K,2.5755E+18,0.0217,0.003356535,-0.0273,-0.004468085,0.001678268,0.00391231,180K,2.754E+18,0.002,0.002376708,0.0013,0.001262994,0.001819851,0.000787515,120K,2.754E+18,,,0.0272,0.036324786,0.0026,0.002767429,0.0055,0.00635324,0.0014,0.001438405,0.00635324,0.016533374,180K,2.5755E+18,0.0081,0.011703511,-0.0069,-0.007911937,0.001895787,0.013870216,120K,2.5755E+18,0.0103,0.011873199,,,0.000687389,,,,,,3.23165E-05,0.000501734,0.001358874,0.000680716,0.00064341,0.000927732,,0.000927732,0.00066198,0.000351779,0.00050688,,,0.000770807,0.001769555,0.000400636,0.001769555,0.003259755,0.002203696,0.002731726,0.003307018,,4.536E+18,-0.000372154,,,,,,,,,,,,,,,,,,,,,
190K,2.916E+18,0.01212,0.001872972,130K,2.916E+18,0.0171,0.00264583,0.0388,0.007206538,0.0185,0.003216832,0.0132,0.004900869,,,0.002931331,0.002046972,190K,2.727E+18,-0.0022,-0.000319072,0.0085,0.001331454,0.0304,0.004494382,0.0131,0.001967262,0.001868507,0.001998241,130K,2.727E+18,0.0266,0.004114462,-0.0095,-0.001554828,0.002057231,0.002834645,190K,2.916E+18,0.0015,0.001782531,0.0003,0.00029146,0.001036996,0.001054346,130K,2.916E+18,0.0031,0.002834674,0.0283,0.037793803,0.0037,0.003938265,0.004,0.004620538,0.0017,0.001746635,0.003727606,0.015471459,190K,2.727E+18,0.0078,0.011270048,-0.008,-0.00917326,0.001048394,0.014455601,130K,2.727E+18,0.00792,0.009129683,,,0.000521675,0.000128713,0.002007222,0.000895978,0.001365029,0.001099236,8.88704E-05,0.000370847,0.001251811,0.000543743,0.000563818,0.001137219,,0.001137219,0.000496485,8.11798E-05,0.000288832,0.000789536,,0.001096917,0.001286949,0.000486487,0.001038243,0.003139024,0.00255501,0.002847017,0.002542872,,4.86E+18,-0.000379965,,,,,,,,,,,,,,,,,,,,,
200K,3.078E+18,0.01041,0.001608716,140K,3.078E+18,,,,,,,,,,,,,200K,2.8785E+18,-0.0053,-0.000768673,0.0062,0.000971178,0.0287,0.004243051,0.0098,0.001471692,0.001479312,0.002077655,140K,2.8785E+18,0.0305,0.004717711,,,0.002358855,,200K,3.078E+18,0.0031,0.003683898,-0.0001,-9.71534E-05,0.001793372,0.002673607,140K,3.078E+18,,,0.0267,0.035657051,0.0022,0.002341671,0.0042,0.004851565,0.0006,0.000616459,0.004851565,0.016618132,200K,2.8785E+18,0.0087,0.012570438,-0.005,-0.005733287,0.003418575,0.012942688,140K,2.8785E+18,0.00545,0.006282421,,,0.000448072,,,,,,0.000214097,0.0002705,0.001181809,0.000406769,0.000518294,0.001303955,,0.001303955,0.001026069,2.70599E-05,0.000526564,,,0.000652221,0.001351297,0.000171701,0.001351297,0.003501219,0.001596881,0.00254905,0.00174983,,5.184E+18,-0.000542428,,,,,,,,,,,,,,,,,,,,,
210K,3.24E+18,0.00773,0.00119456,150K,3.24E+18,0.0142,0.002197122,0.0436,0.008098068,0.0221,0.00384281,0.0099,0.003675652,,,0.003019966,0.002539824,210K,3.03E+18,-0.009,-0.001305294,0.0054,0.000845865,0.0276,0.004080426,0.0094,0.001411623,0.001258155,0.002215853,150K,3.03E+18,0.0321,0.004965197,-0.0171,-0.002798691,0.002482599,0.003881944,210K,3.24E+18,0.0011,0.00130719,-0.0002,-0.000194307,0.000556441,0.001061718,150K,3.24E+18,-0.0007,-0.000640088,0.0305,0.040731838,0.0046,0.004896221,0.0037,0.004273998,0.0004,0.000410973,0.001816955,0.017381175,210K,3.03E+18,0.0081,0.011703511,-0.0057,-0.006535948,0.002583782,0.012897245,150K,3.03E+18,0.00617,0.007112392,,,0.000332718,0.000106884,0.002255539,0.00107033,0.001023772,0.001114131,0.000363561,0.000235597,0.001136513,0.000390167,0.000531459,0.001372359,,0.001372359,0.000364089,5.41199E-05,0.000209104,0.000178282,,0.001363735,0.001190428,0.000114467,0.000684355,0.003259755,0.001820444,0.0025401,0.001981,,5.508E+18,-0.000687355,,,,,,,,,,,,,,,,,,,,,
220K,3.402E+18,0.00793,0.001225467,160K,3.402E+18,,,,,,,,,,,,,220K,3.1815E+18,-0.0096,-0.001392313,0.0019,0.000297619,0.0256,0.003784743,0.0074,0.001111278,0.000950332,0.002158225,160K,3.1815E+18,0.028,0.004331013,-0.0213,-0.003486088,0.002165507,0.003908551,220K,3.402E+18,0.0013,0.00154486,-0.0022,-0.002137375,-0.000296257,0.002603734,160K,3.402E+18,,,0.0354,0.047275641,0.0013,0.001383715,0.0034,0.003927458,-0.0022,-0.002260351,0.003927458,0.023268339,220K,3.1815E+18,0.0098,0.014159804,-0.0061,-0.006994611,0.003582596,0.01495843,160K,3.1815E+18,0.00452,0.005210375,,,0.000341327,,,,,,0.000387798,8.28952E-05,0.001054157,0.000307152,0.000458001,0.001197073,,0.001197073,0.000430287,0.000595319,0.000512803,,,0.000385403,0.001093907,0.000629571,0.001093907,0.003943902,0.001948195,0.002946048,0.001451235,,5.832E+18,-0.000582951,,,,,,,,,,,,,,,,,,,,,
230K,3.564E+18,0.00733,0.001132746,170K,3.564E+18,0.0102,0.001578214,,,0.0138,0.002399583,0.0212,0.007871092,,,0.001988899,0.003420828,230K,3.333E+18,-0.0108,-0.001566352,0.0016,0.000250627,0.0263,0.003888232,0.0071,0.001066226,0.000909683,0.002270196,170K,3.333E+18,0.0208,0.003217324,-0.0042,-0.000687398,0.001608662,0.001952361,230K,3.564E+18,0.0018,0.002139037,-0.0015,-0.001457301,0.000340868,0.002542995,170K,3.564E+18,-0.0011,-0.001005852,0.0297,0.039663462,0.0013,0.001383715,0.0008,0.000924108,-0.0023,-0.002363095,-4.08723E-05,0.017920147,230K,3.333E+18,0.008,0.011559023,-0.0098,-0.011237243,0.00016089,0.016119395,170K,3.333E+18,0.00235,0.002708934,,,0.000315501,7.67761E-05,,0.000668351,0.002192319,0.000979149,0.000436273,6.98065E-05,0.001082981,0.0002947,0.00047094,0.000889254,,0.000889254,0.000595782,0.000405899,0.00050084,0.000280158,,0.000385403,0.00025739,0.000658188,0.000268774,0.003219511,0.003129887,0.003174699,0.000754514,,,,,,,,,,,,,,,,,,,,,,,,
240K,3.726E+18,0.00492,0.000760315,180K,3.726E+18,,,,,,,,,,,,,240K,3.4845E+18,-0.0111,-0.001609862,0.0017,0.000266291,0.0246,0.003636901,0.0073,0.001096261,0.000847398,0.002177083,180K,3.4845E+18,0.0124,0.00191802,0.00026,4.25532E-05,0.00095901,0.000937733,240K,3.726E+18,0.0019,0.002257873,-0.001,-0.000971534,0.000643169,0.002283536,180K,3.726E+18,,,0.034,0.045405983,0.0011,0.001170836,-0.0024,-0.002772323,-0.005,-0.005137162,-0.002772323,0.023967754,240K,3.4845E+18,0.0067,0.009680682,-0.0081,-0.009287926,0.000196378,0.013412831,180K,3.4845E+18,0.00175,0.002017291,,,0.000211769,,,,,,0.000448392,7.41694E-05,0.001012979,0.000303002,0.000459635,0.000530132,,0.000530132,0.000628881,0.000270599,0.00044974,,,0.00032611,0.00077217,0.001430843,0.00077217,0.002696341,0.002586947,0.002641644,0.000561872,,,,,,,,,,,,,,,,,,,,,,,,
250K,3.888E+18,0.00335,0.000517694,190K,3.888E+18,0.0021,0.000324927,,,0.0061,0.001060685,0.0204,0.00757407,,,0.000692806,0.003989896,250K,3.636E+18,-0.0094,-0.001363307,-0.00001,-1.56642E-06,0.0252,0.003725606,0.0048,0.000720829,0.00077039,0.002151305,190K,3.636E+18,0.0091,0.001407579,0.00055,9.00164E-05,0.00070379,0.000658781,250K,3.888E+18,0.0026,0.003089721,0.0003,0.00029146,0.00169059,0.001978669,190K,3.888E+18,-0.0005,-0.000457206,0.0372,0.049679487,-0.0007,-0.000745077,-0.0016,-0.001848215,-0.0052,-0.005342649,-0.00115271,0.023237163,250K,3.636E+18,0.0074,0.010692097,-0.0104,-0.011925238,-0.000616571,0.015992871,190K,3.636E+18,0.00101,0.001164265,,,0.000144192,1.58068E-05,,0.00029543,0.00210959,0.000806943,0.000379719,4.36291E-07,0.001037686,0.000199234,0.000404269,0.000389049,,0.000389049,0.000860574,8.11798E-05,0.000470877,0.000127345,,0.000207525,0.00051478,0.001488077,0.000321062,0.002978048,0.003321512,0.00314978,0.00032428,,,,,,,,,,,,,,,,,,,,,,,,
260K,4.05E+18,0.00021,3.24525E-05,200K,4.05E+18,,,,,,,,,,,,,260K,3.7875E+18,-0.014,-0.002030457,-0.0007,-0.000109649,0.0253,0.00374039,0.0055,0.00082595,0.000606559,0.002403874,200K,3.7875E+18,0.0072,0.001113689,-0.00177,-0.000289689,0.000556845,0.000701689,260K,4.05E+18,0.0014,0.001663696,-0.0009,-0.000874381,0.000394658,0.001794691,200K,4.05E+18,,,0.0295,0.039396368,-0.0029,-0.003086748,-0.0014,-0.001617188,-0.0034,-0.00349327,-0.001617188,0.021079794,260K,3.7875E+18,0.007,0.010114145,-0.008,-0.00917326,0.000470443,0.013638255,200K,3.7875E+18,0.00234,0.002697406,,,9.03892E-06,,,,,,0.000565539,3.05403E-05,0.001041803,0.000228289,0.000466543,0.000307819,,0.000307819,0.000463386,0.000243539,0.000353463,,,0.000859746,0.000450432,0.000972974,0.000450432,0.002817073,0.00255501,0.002686041,0.000751303,,,,,,,,,,,,,,,,,,,,,,,,
270K,4.212E+18,0.00108,0.000166898,210K,4.212E+18,0.00002,3.09454E-06,,,0.0019,0.000330377,0.0418,0.015519418,,,0.000166736,0.008865385,270K,3.939E+18,-0.0152,-0.002204496,-0.0012,-0.00018797,0.0248,0.00366647,0.0051,0.000765881,0.000509971,0.002441613,210K,3.939E+18,0.005,0.000773395,-0.00275,-0.000450082,0.000386698,0.000611739,270K,4.212E+18,0.0005,0.000594177,-0.0008,-0.000777227,-9.15251E-05,0.000969729,210K,4.212E+18,-0.0023,-0.002103146,0.0314,0.041933761,-0.0017,-0.001809473,-0.0024,-0.002772323,-0.0048,-0.004931676,-0.002437734,0.020089295,270K,3.939E+18,0.0067,0.009680682,-0.0061,-0.006994611,0.001343036,0.011791213,210K,3.939E+18,0.00098,0.001129683,,,4.64859E-05,1.50541E-07,,9.20193E-05,0.004322592,0.001471587,0.000614014,5.23549E-05,0.001021214,0.000211686,0.000474817,0.000213763,,0.000213763,0.000165495,0.00021648,0.000190987,0.000585785,,0.000503989,0.00077217,0.00137361,0.000678977,0.002696341,0.001948195,0.002322268,0.000314648,,,,,,,,,,,,,,,,,,,,,,,,
280K,4.374E+18,-0.00128,-0.000197806,220K,4.374E+18,,,,,,,,,,,,,280K,4.0905E+18,-0.0173,-0.002509065,-0.0024,-0.00037594,0.0241,0.00356298,0.0045,0.000675777,0.000338438,0.002525211,220K,4.0905E+18,0.0049,0.000757927,-0.0286,-0.004680851,0.000378964,0.002719389,280K,4.374E+18,0.0019,0.002257873,-0.0002,-0.000194307,0.001031783,0.001733953,220K,4.374E+18,,,0.029,0.038728632,-0.0028,-0.002980309,-0.0022,-0.002541296,-0.0046,-0.004726189,-0.002541296,0.021093401,280K,4.0905E+18,0.0079,0.011414535,-0.0032,-0.003669304,0.003872616,0.010665885,220K,4.0905E+18,0.00112,0.001291066,,,5.50944E-05,,,,,,0.000698845,0.00010471,0.00099239,0.000186782,0.000495682,0.000209488,,0.000209488,0.000628881,5.41199E-05,0.0003415,,,0.000830099,0.000707822,0.001316376,0.000707822,0.003179268,0.001022004,0.002100636,0.000359598,,,,,,,,,,,,,,,,,,,,,,,,
290K,4.536E+18,-0.00139,-0.000214805,230K,4.536E+18,-0.0029,-0.000448708,,,-0.0017,-0.000295601,0.032,0.011880894,,,-0.000372154,0.007074715,290K,4.242E+18,-0.0173,-0.002509065,-0.0029,-0.000454261,0.024,0.003548196,0.0038,0.000570656,0.000288882,0.002522122,230K,4.242E+18,0.0024,0.00037123,-0.0291,-0.004762684,0.000185615,0.002566957,290K,4.536E+18,0.0015,0.001782531,-0.0004,-0.000388614,0.000696959,0.001535231,230K,4.536E+18,-0.0007,-0.000640088,0.0319,0.042601496,-0.004,-0.004257584,-0.0023,-0.00265681,-0.0041,-0.004212473,-0.001648449,0.02042103,290K,4.242E+18,0.0069,0.009969658,-0.004,-0.00458663,0.002691514,0.01029285,230K,4.242E+18,0.00136,0.001567723,,,5.98291E-05,2.18285E-05,,8.23331E-05,0.003309161,0.001137774,0.000698845,0.000126524,0.000988272,0.000157727,0.000492842,0.000102606,,0.000102606,0.000496485,0.00010824,0.000302362,0.000178282,,0.001185856,0.000739996,0.001173292,0.000459139,0.002776829,0.001277505,0.002027167,0.000436655,,,,,,,,,,,,,,,,,,,,,,,,
300K,4.698E+18,-0.00221,-0.000341524,240K,4.698E+18,,,,,,,,,,,,,300K,4.3935E+18,-0.0158,-0.002291516,-0.0015,-0.000234962,0.0224,0.00331165,0.0047,0.000705812,0.000372746,0.002324915,240K,4.3935E+18,0.0012,0.000185615,-0.01375,-0.002250409,9.28074E-05,0.001218012,300K,4.698E+18,0.002,0.002376708,-0.0014,-0.001360148,0.00050828,0.002642356,240K,4.698E+18,,,0.0275,0.036725427,-0.0037,-0.003938265,-0.0017,-0.001963729,-0.0051,-0.005239905,-0.001963729,0.020264506,300K,4.3935E+18,0.009,0.013003901,0.0036,0.004127967,0.008565934,0.006276233,240K,4.3935E+18,0.00185,0.002132565,,,9.51239E-05,,,,,,0.000638251,6.54436E-05,0.000922387,0.000195083,0.000455291,5.13031E-05,,5.13031E-05,0.00066198,0.000378839,0.000520409,,,0.001096917,0.000546953,0.00145946,0.000546953,0.00362195,0.001149754,0.002385852,0.000593979,,,,,,,,,,,,,,,,,,,,,,,,
310K,4.86E+18,-0.00207,-0.000319889,250K,4.86E+18,-0.0039,-0.000603435,0.015,0.002786033,-0.0009,-0.000156495,0.0402,0.014925373,,,-0.000379965,0.007281923,310K,4.545E+18,-0.0172,-0.002494561,-0.0028,-0.000438596,0.0233,0.003444707,0.0038,0.000570656,0.000270551,0.002470767,250K,4.545E+18,0.0012,0.000185615,-0.01372,-0.002245499,9.28074E-05,0.001215557,310K,4.86E+18,0.0028,0.003327392,-0.0007,-0.000680074,0.001323659,0.002833706,250K,4.86E+18,-0.0017,-0.001554499,0.0342,0.045673077,-0.0022,-0.002341671,-0.001,-0.001155135,-0.0052,-0.005342649,-0.001354817,0.02164997,310K,4.545E+18,0.007,0.010114145,-0.0032,-0.003669304,0.003222421,0.00974637,250K,4.545E+18,0.00207,0.002386167,,,8.9098E-05,2.93556E-05,0.000775988,4.35881E-05,0.004157134,0.001251516,0.000694805,0.000122161,0.000959447,0.000157727,0.000483535,5.13031E-05,,5.13031E-05,0.000926772,0.00018942,0.000558096,0.000432971,,0.000652221,0.000321737,0.001488077,0.000377354,0.002817073,0.001022004,0.001919538,0.000664614,,,,,,,,,,,,,,,,,,,,,,,,
,,,,260K,5.022E+18,,,,,,,,,,,,,,,,,,,,,,,,,260K,4.6965E+18,0.0014,0.000216551,-0.01661,-0.002718494,0.000108275,0.001467522,,,,,,,,,260K,5.022E+18,,,0.0349,0.046607906,-0.0054,-0.005747738,-0.0018,-0.002079242,-0.0044,-0.004520703,-0.002079242,0.025407694,,,,,,,,,260K,4.6965E+18,0.00182,0.002097983,,,,,,,,,,,,,,5.98537E-05,,5.98537E-05,,,,,,0.001600906,0.000579127,0.001259142,0.000579127,,,,0.000584347,,,,,,,,,,,,,,,,,,,,,,,,
,,,,270K,5.184E+18,-0.006,-0.000928361,0.0147,0.002730312,-0.0009,-0.000156495,,,,,-0.000542428,0.001928528,,,,,,,,,,,,,270K,4.848E+18,-0.0001,-1.54679E-05,-0.02021,-0.003307692,-7.73395E-06,0.001646112,,,,,,,,,270K,5.184E+18,-0.0034,-0.003108998,0.0337,0.045005342,-0.0049,-0.00521554,-0.0015,-0.001732702,-0.0044,-0.004520703,-0.00242085,0.021798063,,,,,,,,,270K,4.848E+18,0.00193,0.002224784,,,,4.51624E-05,0.000760468,4.35881E-05,,0.000283073,,,,,,4.27526E-06,,4.27526E-06,,,,0.000865943,,0.001452674,0.000482606,0.001259142,0.000674274,,,,0.000619665,,,,,,,,,,,,,,,,,,,,,,,,
,,,,280K,5.346E+18,,,,,,,,,,,,,,,,,,,,,,,,,280K,4.9995E+18,0.0006,9.28074E-05,-0.02108,-0.003450082,4.64037E-05,0.001771445,,,,,,,,,280K,5.346E+18,,,0.0316,0.042200855,-0.0027,-0.002873869,-0.0028,-0.003234377,-0.003,-0.003082297,-0.003234377,0.022632667,,,,,,,,,280K,4.9995E+18,0.00354,0.004080692,,,,,,,,,,,,,,2.56516E-05,,2.56516E-05,,,,,,0.000800453,0.000900864,0.000858506,0.000900864,,,,0.001136587,,,,,,,,,,,,,,,,,,,,,,,,
,,,,290K,5.508E+18,-0.0063,-0.00097478,0.0118,0.002191679,-0.0023,-0.00039993,,,,,-0.000687355,0.001686878,,,,,,,,,,,,,290K,5.151E+18,-0.0005,-7.73395E-05,-0.02422,-0.003963993,-3.86698E-05,0.001943327,,,,,,,,,290K,5.508E+18,-0.0011,-0.001005852,0.0365,0.048744658,-0.0009,-0.000957956,-0.0021,-0.002425783,-0.0033,-0.003390527,-0.001715817,0.022692138,,,,,,,,,290K,5.151E+18,0.00204,0.002351585,,,,4.74205E-05,0.000610444,0.000111392,,0.000256419,,,,,,2.13763E-05,,2.13763E-05,,,,0.000280158,,0.000266818,0.000675648,0.000944357,0.000477903,,,,0.000654982,,,,,,,,,,,,,,,,,,,,,,,,
,,,,300K,5.67E+18,,,,,,,,,,,,,,,,,,,,,,,,,300K,5.3025E+18,-0.0008,-0.000123743,-0.0262,-0.004288052,-6.18716E-05,0.002082155,,,,,,,,,300K,5.67E+18,,,0.037,0.049412393,-0.0016,-0.001703034,-0.0023,-0.00265681,-0.0036,-0.003698757,-0.00265681,0.026062043,,,,,,,,,300K,5.3025E+18,0.00257,0.002962536,,,,,,,,,,,,,,3.42021E-05,,3.42021E-05,,,,,,0.000474342,0.000739996,0.001030207,0.000739996,,,,0.000825149,,,,,,,,,,,,,,,,,,,,,,,,
,,,,310K,5.832E+18,-0.0054,-0.000835525,0.0077,0.001430163,-0.0019,-0.000330377,,,,,-0.000582951,0.001189399,,,,,,,,,,,,,310K,5.454E+18,-0.0006,-9.28074E-05,-0.02531,-0.00414239,-4.64037E-05,0.002024791,,,,,,,,,310K,5.832E+18,-0.0014,-0.001280176,0.035,0.046741453,-0.001,-0.001064396,-0.0019,-0.002194756,-0.0027,-0.002774068,-0.001737466,0.02173208,,,,,,,,,310K,5.454E+18,0.0015,0.001729107,,,,4.06462E-05,0.000398341,9.20193E-05,,0.000177002,,,,,,2.56516E-05,,2.56516E-05,,,,0.000356565,,0.000296464,0.000611301,0.000772655,0.000483933,,,,0.000481605,,,,,,,,,,,,,,,,,,,,,,,,
,,,,,,,,,,,,,,,,,,,,,,,,,,,,,,,,,,,,,,,,,,,,,,,,,,,,,,,,,,,,,,,,,,,,,,,,,,,,,,,,,,,,,,,,,,,,,,,,,,,,,,,,,,,,,,,,,,,,,,,,,,,,
,,,,,,,,,,,,,,,,,,,,,,,,,,,,,,,,,,,,,,,,,,,,,,,,,,,,,,,,,,,,,,,,,,,,,,,,,,,,,,,,,,,,,,,,,,,,,,,,,,,,,,,,,,,,,,,,,,,,,,,,,,,,
,,,,,,,,,,,,,,,,,,,,,,,,,,,,,,,,,,,,,,,,,,,,,,,,,,,,,,,,,,,,,,,,,,,,,,,,,,,,,,,,,,,,,,,,,,,,,,,,,,,,,,,,,,,,,,,,,,,,,,,,,,,,
,,,,,,,,,,,,,,,,,,,,,,,,,,,,,,,,,,,,,,,,,,,,,,,,,,,,,,,,,,,,,,,,,,,,,,,,,,,,,,,,,,,,,,,,,,,,,,,,,,,,,,,,,,,,,,,,,,,,,,,,,,,,
,,,,,,,,,,,,,,,,,,,,,,,,,,,,,,,,,,,,,,,,,,,,,,,,,,,,,,,,,,,,,,,,,,,,,,,,,,,,,,,,,,,,,,,,,,,,,,,,,,,,,,,,,,,,,,,,,,,,,,,,,,,,
,,,,,,,,,,,,,,,,,,,,,,,,,,,,,,,,,,,,,,,,,,,,,,,,,,,,,,,,,,,,,,,,,,,,,,,,,,,,,,,,,,,,,,,,,,,,,,,,,,,,,,,,,,,,,,,,,,,,,,,,,,,,
,,,,,,,,,,,,,,,,,,,,,,,,,,,,,,,,,,,,,,,,,,,,,,,,,,,,,,,,,,,,,,,,,,,,,,,,,,,,,,,,,,,,,,,,,,,,,,,,,,,,,,,,,,,,,,,,,,,,,,,,,,,,
,,,,,,,,,,,,,,,,,,,,,,,,,,,,,,,,,,,,,,,,,,,,,,,,,,,,,,,,,,,,,,,,,,,,,,,,,,,,,,,,,,,,,,,,,,,,,,,,,,,,,,,,,,,,,,,,,,,,,,,,,,,,
,,,,,,,,,,,,,,,,,,,,,,,,,,,,,,,,,,,,,,,,,,,,,,,,,,,,,,,,,,,,,,,,,,,,,,,,,,,,,,,,,,,,,,,,,,,,,,,,,,,,,,,,,,,,,,,,,,,,,,,,,,,,
,,,,,,,,,,,,,,,,,,,,,,,,,,,,,,,,,,,,,,,,,,,,,,,,,,,,,,,,,,,,,,,,,,,,,,,,,,,,,,,,,,,,,,,,,,,,,,,,,,,,,,,,,,,,,,,,,,,,,,,,,,,,
,,,,,,,,,,,,,,,,,,,,,,,,,,,,,,,,,,,,,,,,,,,,,,,,,,,,,,,,,,,,,,,,,,,,,,,,,,,,,,,,,,,,,,,,,,,,,,,,,,,,,,,,,,,,,,,,,,,,,,,,,,,,
,,,,,,,,,,,,,,,,,,,,,,,,,,,,,,,,,,,,,,,,,,,,,,,,,,,,,,,,,,,,,,,,,,,,,,,,,,,,,,,,,,,,,,,,,,,,,,,,,,,,,,,,,,,,,,,,,,,,,,,,,,,,
,,,,,,,,,,,,,,,,,,,,,,,,,,,,,,,,,,,,,,,,,,,,,,,,,,,,,,,,,,,,,,,,,,,,,,,,,,,,,,,,,,,,,,,,,,,,,,,,,,,,,,,,,,,,,,,,,,,,,,,,,,,,
,,,,,,,,,,,,,,,,,,,,,,,,,,,,,,,,,,,,,,,,,,,,,,,,,,,,,,,,,,,,,,,,,,,,,,,,,,,,,,,,,,,,,,,,,,,,,,,,,,,,,,,,,,,,,,,,,,,,,,,,,,,,
,,,,,,,,,,,,,,,,,,,,,,,,,,,,,,,,,,,,,,,,,,,,,,,,,,,,,,,,,,,,,,,,,,,,,,,,,,,,,,,,,,,,,,,,,,,,,,,,,,,,,,,,,,,,,,,,,,,,,,,,,,,,
 Production/Sublimation 1846 cm-1,,,,,,,,,,,,,,,,,,,,,,,,,,,,,,,,,,,,,,,,,,,,,,,,,,,,,,,,,,,,,,,,,,,,,,,,,,,,,,,,,,,,,,,,,,,,,,,,,,,,,,,,,,,,,,,,,,,,,,,,,,,,
100% Methanol,,,,,,,,,,,,,,,,,,,,,,,,,,,,,,,,,,,,,,11-16% Methanol,,,,,,,,,,,,,,,,,,,,,,,,,,,,,,,,,,,,1846 cm-1,,,,,,,,,,,,,,,,,,,,,,,,,,,,,,,,,,,,,,,,,,,,,,,,,,
0min 100W,,,,60min 100W,,,,,,,,,,,,,,0min 50W,,,,,,,,,,,,75min 50W,,,,,,,,0 min 100W,,,,,,,,60 min 100W,,,,,,,,,,,,,,0min 50W,,,,,,,,75min 50W,,,,,,0 min 100W 100%,60 min 100W 100%,,,,,0 min 50W 100%,,,,,75 min 50W 100%,,,0min 100W 11-16%,,,60min 100W 11-16%,,,,,,0min 50W 11-16%,,,75min 50W 11-16%,,,,1846,,,,,,,,,,,,,,,,,,,,
,,110923,,,,101223,,092823 - IR out,,91523,,83123,,102824,,Average,st. dev.,,,010324 -2nd good,,122123 -power surge,,122723 -purge,,121823 -oscillate,,Average,st. dev.,,,010523,,122923 -purge,,Average,st. dev.,,,81524,,81624,,Average,st. dev.,,,71824,,090324 -purge,,92424,,100824 -purge,,101524,,Average,st. dev.,,,82724,,083024 -purge,,Average,st. dev.,,,91724,,,,110923,101223,92823,91523,83123,ave,10324,122123,122723,121823,ave,10524,122923,ave,81524,81624,ave,71824,90324,92424,100824,101524,ave,82724,83024,ave,91724,,,,100%,,,,14-19%,,,,,,,,,,,,,,,,
Temp,Fluence,Integrated Absorbance,Normalized,Time/Temp,Fluence,Integrated Absorbance,Normalized,Integrated Absorbance,Normalized,Integrated Absorbance,Normalized,Integrated Absorbance,Normalized,Integrated Absorbance,Normalized,Normalized,Normalized,Temp,Fluence,Integrated Absorbance,Normalized,Integrated Absorbance,Normalized,Integrated Absorbance,Normalized,Integrated Absorbance,Normalized,Normalized,Normalized,Time/Temp,Fluence,Integrated Absorbance,Normalized,Integrated Absorbance,Normalized,Normalized,Normalized,Temp,Fluence,Integrated Absorbance,Normalized,Integrated Absorbance,Normalized,Normalized,Normalized,Time/Temp,Fluence,Integrated Absorbance,Normalized,Integrated Absorbance,Normalized,Integrated Absorbance,Normalized,Integrated Absorbance,Normalized,Integrated Absorbance,Normalized,Normalized,Normalized,Temp,Fluence,Integrated Absorbance,Normalized,Integrated Absorbance,Normalized,Normalized,Normalized,Time/Temp,Fluence,Integrated Absorbance,Normalized,,,Propagated 1sigma error,Propagated 1sigma error,Propagated 1sigma error,Propagated 1sigma error,Propagated 1sigma error,Propagated 1sigma error,Propagated 1sigma error,Propagated 1sigma error,Propagated 1sigma error,Propagated 1sigma error,Propagated 1sigma error,Propagated 1sigma error,Propagated 1sigma error,Propagated 1sigma error,Propagated 1sigma error,Propagated 1sigma error,Propagated 1sigma error,Propagated 1sigma error,Propagated 1sigma error,Propagated 1sigma error,Propagated 1sigma error,Propagated 1sigma error,Propagated 1sigma error,Propagated 1sigma error,Propagated 1sigma error,Propagated 1sigma error,Propagated 1sigma error,,fluence,normalized absorbance,temp,fluence,norm. int. absorbance,error,temp,fluence,norm. int. absorbance,error,,,,,,,,,,,,,
,,,,,,,,,,,,,,,,,,,,,,,,,,,,,,,,,,,,,,,,,,,,,,,,,,,,,,,,,,,,,,,,,,,,,,,,,,,,,,,,,,,,,,,,,,,,,,,,,,,,,,,,20,1.54E+17,0.001813908,0.000101761,20,1.54E+17,0.004441273,0.000249157,,,,,,,,,,,,,
20K,1.62E+17,0.01002,0.001548447,10,1.62E+17,0.0117,0.001810305,0.00492,0.000913819,0.00581,0.001010259,0.00223,0.00082795,,,0.001244794,0.000452649,20K,1.515E+17,0.003,0.000435098,0.0044,0.000689223,0.0031,0.000458309,0.00335,0.000503079,0.000521427,0.000115367,12.5,1.515E+17,0.0023,0.000355762,0.0043,0.000703764,0.000529763,0.000174001,20K,1.62E+17,0.0021,0.002495544,-0.00123,-0.001194987,0.000650278,0.002609599,10,1.62E+17,0.00228,0.002084857,,,0.00395,0.004204364,0.00338,0.003904355,-0.00085,-0.000873318,0.002330065,0.002331893,20K,1.515E+17,-0.00061,-0.000518179,-0.00079,-0.000511492,-0.000514836,4.72795E-06,12.5,1.515E+17,0.00156,0.001798271,,,8.68683E-05,0.000504221,0.000254524,0.000281385,0.000230607,3.47E-04,0.000121187,0.000191968,0.000127652,0.000139049,0.000144964,9.8331E-05,0.000194517,0.000146424,0.000695079,0.000332837,5.14E-04,0.000580691,,0.001171033,0.001087472,0.000243243,0.000834082,0.000144327,0.000142465,0.000143396,0.000500869,,1.62E+17,0.001244794,50,6.17E+17,0.001582734,8.87919E-05,50,6.17E+17,0.00453,0.000259931,,,,,,,,,,,,,
30K,3.24E+17,0.01101,0.001701437,20,3.24E+17,0.0128,0.001980504,0.00631,0.001171991,0.00796,0.001384107,0.0058,0.002153412,,,0.001512201,0.000468979,30K,3.03E+17,0.0031,0.000449601,0.0059,0.000924185,0.0063,0.000931402,0.00663,0.000995645,0.000825208,0.000252457,25,3.03E+17,0.0046,0.000711524,0.0062,0.00101473,0.000863127,0.000151603,30K,3.24E+17,0.00199,0.002364825,0.00052,0.000505198,0.001435011,0.001314955,20,3.24E+17,0.00547,0.005001829,,,0.01039,0.011059074,0.00568,0.006561164,0.00393,0.00403781,0.006664969,0.003108426,30K,3.03E+17,0.00169,0.00143561,0.00244,0.001579799,0.001507705,0.000101957,25,3.03E+17,0.00281,0.003239193,,,9.54511E-05,0.000551626,0.000326432,0.000385513,0.000599786,4.21E-04,0.000125227,0.000257412,0.000259421,0.000275192,0.000229313,0.000196662,0.000280467,0.000238564,0.00065867,0.000140712,0.000399691,0.001393149,,0.003080262,0.001827468,0.001124643,0.001610309,0.000399858,0.000440018,0.000419938,0.000902206,,3.24E+17,0.001512201,100,1.39E+18,0.000219227,1.22987E-05,70,9.26E+17,0.000221729,1.24391E-05,,,,,,,,,,,,,
40K,4.86E+17,0.01035,0.001599444,30,4.86E+17,0.0176,0.002723194,0.00449,0.000833952,0.00779,0.001354547,0.00439,0.00162991,,,0.001637231,0.000796769,40K,4.545E+17,0.0038,0.000551124,0.006,0.00093985,0.0085,0.001256653,0.00534,0.000801922,0.000887387,0.000294101,37.5,4.545E+17,0.0072,0.001113689,0.0067,0.001096563,0.001105126,8.56304E-06,40K,4.86E+17,0.00104,0.001235888,-0.00214,-0.002079083,-0.000421597,0.002344039,30,4.86E+17,0.0073,0.006675201,,,0.01184,0.012602448,0.00601,0.006942359,0.00534,0.005486489,0.007926624,0.003180798,40K,4.545E+17,0.00111,0.000942915,0.00071,0.000459696,0.000701306,0.000341688,37.5,4.545E+17,0.00488,0.00562536,,,8.97293E-05,0.000758486,0.000232279,0.000377279,0.000453976,4.56E-04,0.000153503,0.000261774,0.000350013,0.000221648,0.000246735,0.000307819,0.000303085,0.000305452,0.000344229,0.000579083,0.000461656,0.00185923,,0.003510134,0.001933641,0.001528141,0.001896436,0.000262628,0.000128038,0.000195333,0.00156682,,4.86E+17,0.001637231,130,1.85E+18,-0.000658405,3.69367E-05,100,1.39E+18,0.000373684,2.09638E-05,,,,,,,,,,,,,
50K,6.48E+17,0.01219,0.001883789,40,6.48E+17,0.0181,0.002800557,0.00484,0.00089896,0.00961,0.001671014,0.00881,0.003270959,,,0.001790177,0.001076084,50K,6.06E+17,0.0022,0.000319072,0.005,0.000783208,0.0079,0.001167948,0.00515,0.000773389,0.000760904,0.000347157,50,6.06E+17,0.0079,0.001221964,0.0076,0.001243863,0.001232913,1.0949E-05,50K,6.48E+17,0.00122,0.001449792,-0.00352,-0.0034198,-0.000985004,0.003443321,40,6.48E+17,0.0079,0.007223848,,,0.01698,0.018073443,0.008,0.009241077,0.00647,0.006647488,0.010296464,0.005302554,50K,6.06E+17,0.00332,0.002820251,0.00164,0.001061832,0.001941042,0.00124339,50,6.06E+17,0.00526,0.006063401,,,0.000105681,0.000780033,0.000250385,0.000465424,0.000911054,4.99E-04,8.88704E-05,0.000218145,0.000325306,0.000213761,0.000211521,0.000337746,0.000343798,0.000340772,0.000403808,0.00095251,0.000678159,0.002012044,,0.00503396,0.002573898,0.001851511,0.002292971,0.000785519,0.00029575,0.000540634,0.001688827,,6.48E+17,0.001790177,150,2.16E+18,0.000623529,3.49802E-05,130,1.85E+18,-0.001039645,5.83244E-05,,,,,,,,,,,,,
60K,8.1E+17,0.00662,0.001023026,50,8.1E+17,,0.003131673,0.00254,0.000471768,0.00878,0.001526691,0.00552,0.002049454,,,0.001710044,0.001106703,60K,7.575E+17,-0.0015,-0.000217549,0.0022,0.000344612,0.0072,0.001064459,0.00434,0.00065175,0.000460818,0.000539914,62.5,7.575E+17,0.0068,0.001051817,0.007,0.001145663,0.00109874,4.69227E-05,60K,8.1E+17,0.00032,0.000380273,-0.00277,-0.002691149,-0.001155438,0.002171824,50,8.1E+17,0.01216,0.011119239,,,0.01625,0.017296434,0.00747,0.008628855,0.00815,0.008373574,0.011354526,0.004150381,60K,7.575E+17,0.00402,0.003414883,0.00172,0.001113629,0.002264256,0.001627232,62.5,7.575E+17,0.00635,0.007319885,,,5.73921E-05,,0.000131401,0.000425226,0.00057083,2.78E-04,6.05935E-05,9.5984E-05,0.000296482,0.000180141,0.0001583,0.000290718,0.000316656,0.000303687,0.000105917,0.00074956,0.000427739,0.003097019,,0.004817541,0.002403378,0.002332275,0.002750198,0.00095114,0.000310177,0.000630659,0.002038793,,8.1E+17,0.001710044,,,,,150,2.16E+18,0.00126553,7.09966E-05,,,,,,,,,,,,,
70K,9.72E+17,0.00392,0.00060578,60,9.72E+17,0.0187,0.002893393,0.00494,0.000917533,0.01053,0.001830986,0.00559,0.002075444,,,0.001880638,0.000813259,70K,9.09E+17,0.0003,4.35098E-05,0.0012,0.00018797,0.0054,0.000798344,0.00174,0.0002613,0.000322781,0.0003297,75,9.09E+17,0.0077,0.001191029,0.0087,0.001423895,0.001307462,0.000116433,70K,9.72E+17,-0.00015,-0.000178253,-0.00232,-0.002253959,-0.001216106,0.001467746,60,9.72E+17,0.01337,0.012225677,,,0.01409,0.014997339,0.00786,0.009079358,0.00809,0.008311928,0.011153575,0.003071441,70K,9.09E+17,0.00316,0.002684336,0.0016,0.001035934,0.001860135,0.001165596,75,9.09E+17,0.00547,0.006305476,,,3.39844E-05,0.000805891,0.000255559,0.000509981,0.000578069,5.24E-04,1.21187E-05,5.23549E-05,0.000222361,7.22223E-05,8.97643E-05,0.000329195,0.000393558,0.000361377,4.96485E-05,0.000627791,0.00033872,0.003405193,,0.004177179,0.002528855,0.002315105,0.002967024,0.000747663,0.000288537,0.0005181,0.001756251,,9.72E+17,0.001880638,,,,,,,,,,,,,,,,,,,,,
80K,1.134E+18,0.00379,0.00058569,20K,1.134E+18,,,,,,,,,,,,,80K,1.0605E+18,-0.0045,-0.000652647,0.0008,0.000125313,0.0034,0.000502661,-0.00145,-0.00021775,-6.06057E-05,0.000492288,20K,1.0605E+18,0.0094,0.001453983,0.0084,0.001374795,0.001414389,3.95938E-05,80K,1.134E+18,0.00051,0.000606061,-0.00324,-0.00314777,-0.001270855,0.002654359,20K,1.134E+18,,,,,0.01387,0.014763172,0.00723,0.008351623,0.0093,0.009555122,0.010889972,0.003407838,80K,1.0605E+18,0.00032,0.000271831,-0.00122,-0.0007899,-0.000259034,0.000750757,20K,1.0605E+18,0.00612,0.007054755,,,3.28574E-05,,,,,,0.00018178,3.49033E-05,0.000140005,6.01853E-05,0.000104219,0.000401875,0.000379987,0.000390931,0.000168805,0.000876742,0.000522773,,,0.004111957,0.002326161,0.002661369,0.002326161,7.57127E-05,0.000220009,0.000147861,0.001964947,,1.296E+18,0.001470411,,,,,,,,,,,,,,,,,,,,,
90K,1.296E+18,0.00472,0.000729408,30K,1.296E+18,0.0101,0.001562742,0.00868,0.001612184,0.00711,0.001236307,0.00456,0.001693027,,,0.001470411,0.000200498,90K,1.212E+18,-0.0026,-0.000377085,0.0013,0.000203634,0.0035,0.000517445,-0.00195,-0.000292837,1.27894E-05,0.00042289,30K,1.212E+18,0.0081,0.0012529,0.0062,0.00101473,0.001133815,0.000119085,90K,1.296E+18,0.00089,0.001057635,-0.00205,-0.001991645,-0.000467005,0.002156167,30K,1.296E+18,0.00754,0.00689466,,,0.01409,0.014997339,0.00898,0.010373108,0.01094,0.011240111,0.010876305,0.003327761,90K,1.212E+18,0.00131,0.00111281,0.00164,0.001061832,0.001087321,3.60467E-05,30K,1.212E+18,0.00544,0.006270893,,,4.092E-05,0.000435267,0.000449038,0.000344346,0.000471556,4.10E-04,0.000105029,5.67178E-05,0.000144123,8.09388E-05,9.67021E-05,0.000346296,0.000280467,0.000313382,0.000294581,0.000554729,0.000424655,0.001920356,,0.004177179,0.002889201,0.003130685,0.002404778,0.000309949,0.00029575,0.000302849,0.001746619,,1.62E+18,0.000760648,,,,,,,,,,,,,,,,,,,,,
100K,1.458E+18,0.00448,0.00069232,40K,1.458E+18,,,,,,,,,,,,,100K,1.3635E+18,-0.0046,-0.00066715,0.0004,6.26566E-05,0.0038,0.000561798,-0.00126,-0.000189218,-5.79783E-05,0.000512181,40K,1.3635E+18,0.0064,0.000989946,0.0044,0.000720131,0.000855038,0.000134907,100K,1.458E+18,0.00087,0.001033868,-0.00301,-0.002924317,-0.000945225,0.00279886,40K,1.458E+18,,,,,0.01406,0.014965407,0.00872,0.010072773,0.00899,0.009236618,0.011424933,0.003094513,100K,1.3635E+18,0.00159,0.001350663,0.00001,6.47459E-06,0.000678569,0.000950484,40K,1.3635E+18,0.0066,0.007608069,,,3.88393E-05,,,,,,0.00018582,1.74516E-05,0.000156476,5.22989E-05,0.000103012,0.000273617,0.000199041,0.000236329,0.000287961,0.000814504,0.000551233,,,0.004168285,0.002805549,0.002572657,0.002805549,0.000376197,1.80335E-06,0.000189,0.00211906,,1.944E+18,0.000149062,,,,,,,,,,,,,,,,,,,,,
110K,1.62E+18,0.0048,0.000741771,50K,1.62E+18,0.0011,0.0001702,0.00755,0.001402303,0.00408,0.000709442,-0.0035,-0.001299473,,,0.000760648,0.001146887,110K,1.515E+18,-0.0051,-0.000739666,0.00001,1.56642E-06,0.0034,0.000502661,0.00113,0.000169695,-1.64359E-05,0.000525196,50K,1.515E+18,0.0048,0.000742459,-0.0001,-1.63666E-05,0.000363046,0.000379413,110K,1.62E+18,0.0018,0.002139037,-0.00323,-0.003138055,-0.000499509,0.003731468,50K,1.62E+18,0.00009,8.2297E-05,,,0.01619,0.017232571,0.00966,0.0111586,0.00863,0.008866742,0.009335052,0.007107013,110K,1.515E+18,0.00262,0.00222562,-0.00123,-0.000796374,0.000714623,0.002136873,50K,1.515E+18,0.00597,0.006881844,,,4.16136E-05,4.74054E-05,0.000390581,0.000197599,0.00036194,2.12E-04,0.000206018,4.36291E-07,0.000140005,4.6903E-05,9.83406E-05,0.000205213,4.52366E-06,0.000104868,0.000595782,0.000874036,0.000734909,2.2922E-05,,0.004799753,0.003107982,0.002469636,0.001565452,0.000619897,0.000221813,0.000420855,0.001916786,,2.268E+18,-5.4587E-05,,,,,,,,,,,,,,,,,,,,,
120K,1.782E+18,0.00209,0.000322979,60K,1.782E+18,,,,,,,,,,,,,120K,1.6665E+18,-0.0053,-0.000768673,0.0007,0.000109649,0.0029,0.00042874,-0.00117,-0.000175702,-0.000101496,0.000508712,60K,1.6665E+18,0.0034,0.000525909,-0.0009,-0.0001473,0.000189305,0.000336604,120K,1.782E+18,0.00041,0.000487225,-0.003,-0.002914602,-0.001213688,0.002405455,60K,1.782E+18,,,,,0.01504,0.016008515,0.00822,0.009495206,0.01048,0.010767492,0.012090404,0.003452299,120K,1.6665E+18,0.00282,0.002395515,-0.00002,-1.29492E-05,0.001191283,0.001703041,60K,1.6665E+18,0.00629,0.00725072,,,1.81192E-05,,,,,,0.000214097,3.05403E-05,0.000119416,4.85633E-05,0.000103154,0.000145359,4.07129E-05,9.30359E-05,0.000135706,0.000811798,0.000473752,,,0.004458819,0.002644681,0.002999048,0.002644681,0.000667218,3.60671E-06,0.000335412,0.002019529,,2.592E+18,-0.000484557,,,,,,,,,,,,,,,,,,,,,
130K,1.944E+18,-0.00104,-0.000160717,70K,1.944E+18,0.0011,0.0001702,0.00063,0.000117013,0.00092,0.000159972,-0.00604,-0.002242519,,,0.000149062,0.001196012,130K,1.818E+18,-0.0064,-0.000928209,0.0021,0.000328947,0.002,0.000295683,-0.0013,-0.000195225,-0.000124701,0.000586833,70K,1.818E+18,0.0022,0.000340294,-0.0047,-0.000769231,-0.000214468,0.000554762,130K,1.944E+18,-0.00004,-4.75342E-05,-0.00312,-0.003031186,-0.00153936,0.002109761,70K,1.944E+18,0.00277,0.002532919,,,0.01682,0.01790314,0.00807,0.009321936,0.0075,0.007705743,0.009365935,0.006385717,130K,1.818E+18,0.00049,0.000416242,0.00004,2.58983E-05,0.00022107,0.000276015,70K,1.818E+18,0.00689,0.007942363,,,9.01628E-06,4.74054E-05,3.25915E-05,4.45567E-05,0.000624604,4.15E-05,0.000258532,9.1621E-05,8.2356E-05,5.39592E-05,0.000121617,9.40557E-05,0.000212612,0.000153334,1.32396E-05,0.00084427,0.000428755,0.000705489,,0.004986525,0.00259642,0.002146265,0.001650954,0.000115935,7.21341E-06,6.15742E-05,0.00221217,,2.916E+18,8.97554E-05,,,,,,,,,,,,,,,,,,,,,
140K,2.106E+18,0.00161,0.000248802,80K,2.106E+18,,,,,,,,,,,,,140K,1.9695E+18,-0.0063,-0.000913706,0.0008,0.000125313,0.0033,0.000487877,-0.00139,-0.00020874,-0.000127314,0.000596468,80K,1.9695E+18,0.0021,0.000324826,-0.0058,-0.000949264,-0.000312219,0.000637045,140K,2.106E+18,0.00174,0.002067736,-0.00238,-0.002312251,-0.000122257,0.003097119,80K,2.106E+18,,,,,0.01252,0.013326237,0.00706,0.00815525,0.00658,0.006760505,0.009413998,0.003459125,140K,1.9695E+18,0.00222,0.001885831,-0.00047,-0.000304306,0.000790763,0.00154866,80K,1.9695E+18,0.00541,0.006236311,,,1.39579E-05,,,,,,0.000254493,3.49033E-05,0.000135887,5.76948E-05,0.000120745,8.97805E-05,0.000262372,0.000176076,0.000575922,0.000644027,0.000609975,,,0.00371173,0.002271465,0.00188299,0.002271465,0.000525257,8.47576E-05,0.000305007,0.001736987,,3.24E+18,-5.54206E-05,,,,,,,,,,,,,,,,,,,,,
150K,2.268E+18,0.0022,0.000339978,90K,2.268E+18,0.0004,6.18908E-05,-0.00026,-4.82912E-05,-0.00102,-0.00017736,-0.00227,-0.000842801,,,-5.4587E-05,0.000406055,150K,2.121E+18,-0.008,-0.001160261,0.0011,0.000172306,0.0025,0.000369604,-0.0012,-0.000180207,-0.00019964,0.000679596,90K,2.121E+18,-0.0012,-0.000185615,-0.0071,-0.001162029,-0.000673822,0.000488207,150K,2.268E+18,0.0017,0.002020202,-0.00191,-0.00185563,8.2286E-05,0.002740627,90K,2.268E+18,-0.00114,-0.001042429,,,0.01135,0.012080894,0.00647,0.007473721,0.00462,0.004746738,0.005814731,0.005482648,150K,2.121E+18,0.00116,0.000985389,0.00148,0.000958239,0.000971814,1.91981E-05,90K,2.121E+18,0.00416,0.004795389,,,1.90729E-05,1.72383E-05,1.34505E-05,4.93999E-05,0.000234744,2.67E-05,0.000323165,4.7992E-05,0.000102945,4.98085E-05,0.000130978,5.13031E-05,0.00032118,0.000186242,0.000562683,0.000516845,0.000539764,0.000290346,,0.003364867,0.00208164,0.001322099,0.001185993,0.000274458,0.000266896,0.000270677,0.00133565,,3.564E+18,-0.000127891,,,,,,,,,,,,,,,,,,,,,
160K,2.43E+18,0.00228,0.000352341,100K,2.43E+18,,,,,,,,,,,,,160K,2.2725E+18,-0.0052,-0.00075417,0.0014,0.000219298,0.003,0.000443525,-0.00069,-0.000103619,-4.87415E-05,0.000521156,100K,2.2725E+18,-0.0019,-0.00029389,-0.0079,-0.001292962,-0.000793426,0.000499536,160K,2.43E+18,0.00006,7.13012E-05,-0.00147,-0.001428155,-0.000678427,0.001060276,100K,2.43E+18,,,,,0.01323,0.014081958,0.00532,0.006145316,0.00593,0.006092674,0.008773316,0.004597494,160K,2.2725E+18,-0.00097,-0.000823989,-0.00142,-0.000919391,-0.00087169,6.74596E-05,100K,2.2725E+18,0.0024,0.002766571,,,1.97664E-05,,,,,,0.000210057,6.10807E-05,0.000123534,2.86399E-05,0.000105828,8.123E-05,0.000357369,0.0002193,1.98594E-05,0.000397781,0.00020882,,,0.00392222,0.001711642,0.00169698,0.001711642,0.000229504,0.000256076,0.00024279,0.000770567,,3.888E+18,-4.2926E-05,,,,,,,,,,,,,,,,,,,,,
170K,2.592E+18,0.00113,0.000174625,110K,2.592E+18,-0.0022,-0.000340399,-0.00473,-0.000878529,-0.00135,-0.000234742,-0.00242,-0.000898493,,,-0.000484557,0.000349719,170K,2.424E+18,-0.0066,-0.000957215,0.0012,0.00018797,0.004,0.000591366,0.00116,0.0001742,-9.19766E-07,0.000666246,110K,2.424E+18,-0.0001,-1.54679E-05,-0.0077,-0.001260229,-0.000637849,0.000622381,170K,2.592E+18,0.00109,0.001295306,-0.0026,-0.002525989,-0.000615341,0.002702063,110K,2.592E+18,0.00085,0.000777249,,,0.01203,0.012804683,0.00454,0.005244311,0.00451,0.00463372,0.005864991,0.005031425,170K,2.424E+18,0.0014,0.001189263,0.00051,0.000330204,0.000759733,0.000607446,110K,2.424E+18,0.00283,0.003262248,,,9.79653E-06,9.48107E-05,0.000244695,6.53822E-05,0.000250255,1.35E-04,0.000266611,5.23549E-05,0.000164712,4.81482E-05,0.000132957,4.27526E-06,0.000348322,0.000176299,0.000360779,0.000703558,0.000532169,0.000216486,,0.003566463,0.001460687,0.001290621,0.000838587,0.000331243,9.1971E-05,0.000211607,0.000908627,,4.212E+18,4.2751E-07,,,,,,,,,,,,,,,,,,,,,
180K,2.754E+18,0.00062,9.58121E-05,120K,2.754E+18,,,,,,,,,,,,,180K,2.5755E+18,-0.0056,-0.000812183,0.0008,0.000125313,0.0022,0.000325251,-0.00075,-0.00011263,-0.000118562,0.000495846,120K,2.5755E+18,0.0004,6.18716E-05,-0.0094,-0.001538462,-0.000738295,0.000800167,180K,2.754E+18,0.00192,0.00228164,-0.00179,-0.001739046,0.000271297,0.002843054,120K,2.754E+18,,,,,0.0098,0.01043108,0.00249,0.002876285,0.00286,0.002938457,0.005415274,0.004343927,180K,2.5755E+18,-0.00059,-0.000501189,0.00109,0.00070573,0.00010227,0.000853421,120K,2.5755E+18,0.00142,0.001636888,,,5.37509E-06,,,,,,0.000226216,3.49033E-05,9.05916E-05,3.11303E-05,9.57102E-05,1.7101E-05,0.000425224,0.000221163,0.000635501,0.000484373,0.000559937,,,0.002905348,0.000801126,0.000818442,0.000801126,0.000139595,0.000196566,0.00016808,0.000455919,,4.536E+18,-0.00010265,,,,,,,,,,,,,,,,,,,,,
190K,2.916E+18,0.0025,0.000386339,130K,2.916E+18,0.0005,7.73635E-05,0.0002,3.71471E-05,0.00089,0.000154756,-0.00274,-0.001017302,,,8.97554E-05,0.000555676,190K,2.727E+18,-0.0035,-0.000507614,0.0019,0.000297619,0.0038,0.000561798,0.00001,1.50173E-06,8.83261E-05,0.000458498,130K,2.727E+18,0.0002,3.09358E-05,-0.0064,-0.001047463,-0.000508264,0.000539199,190K,2.916E+18,0.00139,0.001651812,-0.00204,-0.001981929,-0.000165059,0.002569443,130K,2.916E+18,-0.00073,-0.00066752,,,0.00892,0.009494412,0.0026,0.00300335,0.00232,0.002383643,0.003553471,0.004273276,190K,2.727E+18,0.00175,0.001486578,-0.00014,-9.06442E-05,0.000697967,0.001115265,130K,2.727E+18,0.00202,0.00232853,,,2.16737E-05,2.15479E-05,1.03465E-05,4.31038E-05,0.000283347,2.50E-05,0.000141385,8.28952E-05,0.000156476,4.15071E-07,9.52929E-05,8.55052E-06,0.000289514,0.000149032,0.000460076,0.000552023,0.000506049,0.000185923,,0.002644459,0.000836517,0.000663911,0.00051122,0.000414054,2.5247E-05,0.00021965,0.000648561,,4.86E+18,-2.58893E-05,,,,,,,,,,,,,,,,,,,,,
200K,3.078E+18,0.00384,0.000593417,140K,3.078E+18,,,,,,,,,,,,,200K,2.8785E+18,-0.0048,-0.000696157,0.0018,0.000281955,0.0035,0.000517445,-0.00005,-7.50863E-06,2.39337E-05,0.000525879,140K,2.8785E+18,0.0004,6.18716E-05,,,6.18716E-05,,200K,3.078E+18,0.00252,0.002994652,-0.00238,-0.002312251,0.000341201,0.003752547,140K,3.078E+18,,,,,0.01112,0.011836083,0.00249,0.002876285,0.00161,0.001654166,0.005455511,0.005559421,200K,2.8785E+18,0.00085,0.000722052,-0.00193,-0.001249595,-0.000263772,0.001394165,140K,2.8785E+18,0.00141,0.00162536,,,3.32909E-05,,,,,,0.000193899,7.85323E-05,0.000144123,2.07535E-06,0.000104657,1.7101E-05,,1.7101E-05,0.000834094,0.000644027,0.000739061,,,0.00329668,0.000801126,0.000460732,0.000801126,0.000201112,0.000348047,0.00027458,0.000452708,,5.184E+18,-0.000200191,,,,,,,,,,,,,,,,,,,,,
210K,3.24E+18,0.00061,9.42667E-05,150K,3.24E+18,-0.001,-0.000154727,-0.00156,-0.000289747,0.0016,0.000278212,-0.00118,-0.000438108,,,-5.54206E-05,0.000308717,210K,3.03E+18,-0.0064,-0.000928209,0.0013,0.000203634,0.0038,0.000561798,0.00024,3.60414E-05,-3.16839E-05,0.000636642,150K,3.03E+18,0.0002,3.09358E-05,-0.0079,-0.001292962,-0.000631013,0.000661949,210K,3.24E+18,0.00119,0.001414141,-0.00242,-0.002351112,-0.000468485,0.002662437,150K,3.24E+18,0.00209,0.001911119,,,0.00837,0.008908994,0.00251,0.002899388,0.0018,0.001849378,0.00389222,0.00337894,210K,3.03E+18,0.00266,0.002259599,-0.00216,-0.001398511,0.000430544,0.002586674,150K,3.03E+18,0.00077,0.000887608,,,5.28839E-06,4.30958E-05,8.07028E-05,7.749E-05,0.000122025,6.71E-05,0.000258532,5.67178E-05,0.000156476,9.9617E-06,0.000120422,8.55052E-06,0.000357369,0.00018296,0.000393878,0.000654851,0.000524364,0.0005323,,0.002481404,0.000807561,0.000515104,0.00066993,0.000629362,0.000389524,0.000509443,0.000247224,,5.508E+18,-0.000250094,,,,,,,,,,,,,,,,,,,,,
220K,3.402E+18,-0.00041,-6.33596E-05,160K,3.402E+18,,,,,,,,,,,,,220K,3.1815E+18,-0.006,-0.000870196,0.0006,9.3985E-05,0.0031,0.000458309,-0.00231,-0.000346899,-0.0001662,0.000573286,160K,3.1815E+18,0.0007,0.000108275,-0.0097,-0.001587561,-0.000739643,0.000847918,220K,3.402E+18,0.00141,0.001675579,-0.00278,-0.002700865,-0.000512643,0.003094613,160K,3.402E+18,,,,,0.00829,0.008823842,0.00283,0.003269031,0.00355,0.003647385,0.005246753,0.003103621,220K,3.1815E+18,0.00205,0.00174142,0.00139,0.000899968,0.001320694,0.000594997,160K,3.1815E+18,0.0021,0.002420749,,,3.55449E-06,,,,,,0.000242374,2.61774E-05,0.000127652,9.58814E-05,0.000123021,2.99268E-05,0.000438795,0.000234361,0.000466696,0.000752266,0.000609481,,,0.002457687,0.000910517,0.001015899,0.000910517,0.000485034,0.000250666,0.00036785,0.000674246,,5.832E+18,-0.00031056,,,,,,,,,,,,,,,,,,,,,
230K,3.564E+18,-0.00039,-6.02689E-05,170K,3.564E+18,0.0004,6.18908E-05,-0.00341,-0.000633358,0.00108,0.000187793,-0.00964,-0.003579119,,,-0.000127891,0.00176299,230K,3.333E+18,-0.0058,-0.000841189,0.0008,0.000125313,0.0031,0.000458309,-0.00073,-0.000109626,-9.17983E-05,0.000551259,170K,3.333E+18,0.0014,0.000216551,-0.005,-0.000818331,-0.00030089,0.000517441,230K,3.564E+18,0.0011,0.00130719,-0.00285,-0.002768872,-0.000730841,0.002882211,170K,3.564E+18,0.00317,0.002898683,,,0.00939,0.009994678,0.00361,0.004170036,0.00428,0.004397411,0.005365202,0.003155989,230K,3.333E+18,0.00028,0.000237853,-0.00132,-0.000854646,-0.000308396,0.000772513,170K,3.333E+18,-0.00026,-0.000299712,,,3.3811E-06,1.72383E-05,0.000176408,5.23057E-05,0.000996885,8.20E-05,0.000234295,3.49033E-05,0.000127652,3.03002E-05,0.000106787,5.98537E-05,0.000226183,0.000143018,0.000364089,0.000771208,0.000567649,0.000807364,,0.002783798,0.001161472,0.001224802,0.000984418,6.62486E-05,0.000238043,0.000152146,8.34781E-05,,,,,,,,,,,,,,,,,,,,,,,,
240K,3.726E+18,-0.000311,-4.80606E-05,180K,3.726E+18,,,,,,,,,,,,,240K,3.4845E+18,-0.0053,-0.000768673,0.0033,0.000516917,0.0017,0.000251331,-0.00059,-8.86019E-05,-2.22567E-05,0.000555907,180K,3.4845E+18,-0.0013,-0.000201083,-0.0007,-0.000114566,-0.000157825,4.32582E-05,240K,3.726E+18,0.0014,0.001663696,-0.00211,-0.002049937,-0.000193121,0.002625935,180K,3.726E+18,,,,,0.00849,0.009036722,0.0011,0.001270648,0.00369,0.003791226,0.004699532,0.003961911,240K,3.4845E+18,0.00053,0.000450221,-0.00056,-0.000362577,4.3822E-05,0.000574735,180K,3.4845E+18,0.00124,0.001429395,,,2.69621E-06,,,,,,0.000214097,0.000143976,7.00026E-05,2.44892E-05,0.000113141,5.55784E-05,3.16656E-05,4.3622E-05,0.000463386,0.000570965,0.000517175,,,0.00251698,0.000353911,0.001055962,0.000353911,0.000125399,0.000100988,0.000113193,0.000398126,,,,,,,,,,,,,,,,,,,,,,,,
250K,3.888E+18,0.00175,0.000270437,190K,3.888E+18,-0.0016,-0.000247563,,,0.00093,0.000161711,-0.00632,-0.002346477,,,-4.2926E-05,0.001345607,250K,3.636E+18,-0.0037,-0.000536621,0.0003,4.69925E-05,0.0046,0.000680071,-0.00116,-0.0001742,4.06059E-06,0.000510864,190K,3.636E+18,0.0003,4.64037E-05,0.0001,1.63666E-05,3.13852E-05,1.50186E-05,250K,3.888E+18,0.00159,0.001889483,-0.00138,-0.001340717,0.000274383,0.002284096,190K,3.888E+18,0.00226,0.002066569,,,0.0105,0.011176158,0.000057,6.58427E-05,0.00252,0.00258913,0.003974425,0.004922768,250K,3.636E+18,0.00073,0.000620116,-0.00023,-0.000148916,0.0002356,0.000543787,190K,3.636E+18,0.000001,1.15274E-06,,,1.51716E-05,6.89532E-05,,4.5041E-05,0.000653559,5.70E-05,0.000149464,1.30887E-05,0.000189419,4.81482E-05,0.00010003,1.28258E-05,4.52366E-06,8.67472E-06,0.000526274,0.000373427,0.000449851,0.000575597,,0.003112873,1.8339E-05,0.000721145,0.000296968,0.00017272,4.14771E-05,0.000107098,3.2107E-07,,,,,,,,,,,,,,,,,,,,,,,,
260K,4.05E+18,0.00176,0.000271983,200K,4.05E+18,,,,,,,,,,,,,260K,3.7875E+18,-0.0046,-0.00066715,0.0017,0.000266291,0.0033,0.000487877,0.00021,3.15363E-05,2.96385E-05,0.000500501,200K,3.7875E+18,-0.0002,-3.09358E-05,0.0001,1.63666E-05,-7.2846E-06,2.36512E-05,260K,4.05E+18,0.00111,0.001319073,-0.00205,-0.001991645,-0.000336286,0.002341031,200K,4.05E+18,,,,,0.01075,0.011442257,0.00171,0.00197528,0.00379,0.003893969,0.005770502,0.005004692,260K,3.7875E+18,-0.00026,-0.000220863,-0.00336,-0.002175461,-0.001198162,0.00138211,200K,3.7875E+18,0.00174,0.002005764,,,1.52583E-05,,,,,,0.00018582,7.41694E-05,0.000135887,8.71649E-06,0.000101148,8.55052E-06,4.52366E-06,6.53709E-06,0.000367399,0.000554729,0.000461064,,,0.003186989,0.000550171,0.001084579,0.000550171,6.15165E-05,0.000605927,0.000333722,0.000558661,,,,,,,,,,,,,,,,,,,,,,,,
270K,4.212E+18,-0.00331,-0.000511513,210K,4.212E+18,0.0005,7.73635E-05,,,-0.00044,-7.65084E-05,-0.00807,-0.002996213,,,4.2751E-07,0.001731821,270K,3.939E+18,-0.0065,-0.000942712,0.0008,0.000125313,0.0053,0.00078356,-0.00179,-0.000268809,-7.5662E-05,0.000722896,210K,3.939E+18,-0.0001,-1.54679E-05,-0.0001,-1.63666E-05,-1.59173E-05,4.49354E-07,270K,4.212E+18,0.00124,0.001473559,-0.00168,-0.001632177,-7.9309E-05,0.002196087,210K,4.212E+18,0.00216,0.001975128,,,0.01234,0.013134646,0.00404,0.004666744,0.00154,0.001582246,0.005339691,0.00537441,270K,3.939E+18,0.00112,0.00095141,-0.00435,-0.002816445,-0.000932518,0.002664276,210K,3.939E+18,0.00198,0.002282421,,,2.8696E-05,2.15479E-05,,2.13097E-05,0.000834529,2.14E-05,0.000262572,3.49033E-05,0.000218243,7.42977E-05,0.000147504,4.27526E-06,4.52366E-06,4.39946E-06,0.000410427,0.000454607,0.000432517,0.000550128,,0.003658366,0.001299819,0.0004407,0.000924974,0.000264994,0.000784459,0.000524727,0.000635718,,,,,,,,,,,,,,,,,,,,,,,,
280K,4.374E+18,-0.00026,-4.01793E-05,220K,4.374E+18,,,,,,,,,,,,,280K,4.0905E+18,-0.0065,-0.000942712,0.001,0.000156642,0.0034,0.000502661,-0.00173,-0.000259799,-0.000135802,0.000621728,220K,4.0905E+18,0.0004,6.18716E-05,-0.005,-0.000818331,-0.000378229,0.000440101,280K,4.374E+18,0.00176,0.002091503,-0.00153,-0.001486447,0.000302528,0.002529993,220K,4.374E+18,,,,,0.01095,0.011655136,0.00194,0.002240961,0.00348,0.003575465,0.005823854,0.005093929,280K,4.0905E+18,0.00218,0.001851852,-0.00207,-0.00134024,0.000255806,0.002257149,220K,4.0905E+18,0.00179,0.002063401,,,2.25407E-06,,,,,,0.000262572,4.36291E-05,0.000140005,7.18072E-05,0.000129503,1.7101E-05,0.000226183,0.000121642,0.000582542,0.000414017,0.00049828,,,0.003246281,0.00062417,0.000995867,0.00062417,0.000515793,0.000373294,0.000444543,0.000574715,,,,,,,,,,,,,,,,,,,,,,,,
290K,4.536E+18,-0.00029,-4.48153E-05,230K,4.536E+18,-0.0019,-0.000293981,,,0.00051,8.86802E-05,-0.00442,-0.001641048,,,-0.00010265,0.000908569,290K,4.242E+18,-0.0059,-0.000855693,0.001,0.000156642,0.0036,0.000532229,-0.00131,-0.000196726,-9.08869E-05,0.000590388,230K,4.242E+18,-0.0016,-0.000247486,-0.0043,-0.000703764,-0.000475625,0.000228139,290K,4.536E+18,0.00131,0.001556744,-0.00155,-0.001505878,2.54331E-05,0.002165601,230K,4.536E+18,0.00242,0.002212875,,,0.01312,0.013964875,0.0012,0.001386161,0.00278,0.002856262,0.005105043,0.005937125,290K,4.242E+18,0.00024,0.000203874,-0.00531,-0.003438006,-0.001617066,0.002575198,230K,4.242E+18,0.00071,0.000818444,,,2.51415E-06,8.1882E-05,,2.46999E-05,0.000457078,5.33E-05,0.000238334,4.36291E-05,0.000148241,5.43743E-05,0.000121145,6.84042E-05,0.000194517,0.000131461,0.000433597,0.000419429,0.000426513,0.000616348,,0.003889608,0.000386085,0.000795549,0.000501216,5.67845E-05,0.000957581,0.000507183,0.00022796,,,,,,,,,,,,,,,,,,,,,,,,
300K,4.698E+18,0.00074,0.000114356,240K,4.698E+18,,,,,,,,,,,,,300K,4.3935E+18,-0.0042,-0.000609137,0.0003,4.69925E-05,0.0039,0.000576582,-0.00097,-0.000145668,-3.28075E-05,0.000490787,240K,4.3935E+18,0.0002,3.09358E-05,-0.0019,-0.000310966,-0.000140015,0.000170951,300K,4.698E+18,0.00149,0.001770648,-0.00164,-0.001593316,8.86659E-05,0.002378681,240K,4.698E+18,,,,,0.01414,0.015050559,0.00236,0.002726118,0.00224,0.002301449,0.006692708,0.007241225,300K,4.3935E+18,-0.00013,-0.000110432,-0.00357,-0.002311428,-0.00121093,0.001556339,240K,4.3935E+18,0.00074,0.000853026,,,6.41543E-06,,,,,,0.000169662,1.30887E-05,0.000160594,4.02619E-05,9.59016E-05,8.55052E-06,8.59495E-05,4.725E-05,0.000493175,0.000443783,0.000468479,,,0.004192002,0.0007593,0.000641018,0.0007593,3.07583E-05,0.000643797,0.000337278,0.000237592,,,,,,,,,,,,,,,,,,,,,,,,
310K,4.86E+18,0.001002,0.000154845,250K,4.86E+18,0.0003,4.64181E-05,-0.00108,-0.000200594,0.00044,7.65084E-05,-0.00925,-0.003434321,,,-2.58893E-05,0.001708732,310K,4.545E+18,-0.0038,-0.000551124,0.0013,0.000203634,0.0038,0.000561798,-0.00154,-0.000231266,-4.23953E-06,0.000487932,250K,4.545E+18,-0.0002,-3.09358E-05,-0.0007,-0.000114566,-7.2751E-05,4.18152E-05,310K,4.86E+18,0.00085,0.001010101,-0.00116,-0.00112698,-5.84392E-05,0.001511144,250K,4.86E+18,0.00459,0.004197147,,,0.01341,0.01427355,0.0012,0.001386161,0.00262,0.002691873,0.005637183,0.005871018,310K,4.545E+18,0.00128,0.001087326,,,0.001087326,#DIV/0!,250K,4.545E+18,0.00171,0.001971182,,,8.68683E-05,1.29287E-05,5.58711E-05,2.13097E-05,0.000956554,3.00E-05,0.000153503,5.67178E-05,0.000156476,6.39209E-05,0.000107655,8.55052E-06,3.16656E-05,2.01081E-05,0.000281341,0.000313895,0.000297618,0.001169023,,0.003975583,0.000386085,0.000749762,0.000777554,0.000302851,0.000396738,0.000349794,0.000549029,,,,,,,,,,,,,,,,,,,,,,,,
,,,,260K,5.022E+18,,,,,,,,,,,,,,,,,,,,,,,,,260K,4.6965E+18,0.0003,4.64037E-05,-0.0028,-0.000458265,-0.000205931,0.000252334,,,,,,,,,260K,5.022E+18,,,,,0.01107,0.011782863,-0.00137,-0.001582534,0.00251,0.002578855,0.004259728,0.006839405,,,,,,,,,260K,4.6965E+18,0.00165,0.001902017,,,,,,,,,,,,,,1.28258E-05,0.000126662,6.97441E-05,,,,,,0.003281857,0.00044078,0.000718283,0.00044078,,,,0.000529765,,,,,,,,,,,,,,,,,,,,,,,,
,,,,270K,5.184E+18,0.0007,0.000108309,-0.0023,-0.000427192,-0.00162,-0.00028169,,,,,-0.000200191,0.000276897,,,,,,,,,,,,,270K,4.848E+18,-0.0005,-7.73395E-05,-0.0016,-0.000261866,-0.000169603,9.22631E-05,,,,,,,,,270K,5.184E+18,0.00303,0.002770666,,,0.00978,0.010409792,0.00138,0.001594086,0.00372,0.003822049,0.004649148,0.00394678,,,,,,,,,270K,4.848E+18,0.00128,0.001475504,,,,3.0167E-05,0.000118985,7.84586E-05,,7.59E-05,,,,,,2.13763E-05,7.23786E-05,4.68774E-05,,,,0.000771708,,0.002899418,0.000443997,0.001064548,0.000607853,,,,0.000410969,,,,,,,,,,,,,,,,,,,,,,,,
,,,,280K,5.346E+18,,,,,,,,,,,,,,,,,,,,,,,,,280K,4.9995E+18,-0.00001,-1.54679E-06,-0.0036,-0.000589198,-0.000295372,0.000293826,,,,,,,,,280K,5.346E+18,,,,,0.00964,0.010260777,0.00159,0.001836664,0.005,0.005137162,0.005744868,0.004244809,,,,,,,,,280K,4.9995E+18,0.00147,0.001694524,,,,,,,,,,,,,,4.27526E-07,0.000162852,8.16396E-05,,,,,,0.002857914,0.000511562,0.001430843,0.000511562,,,,0.000471972,,,,,,,,,,,,,,,,,,,,,,,,
,,,,290K,5.508E+18,-0.0011,-0.0001702,-0.00493,-0.000915676,0.00193,0.000335594,,,,,-0.000250094,0.000629449,,,,,,,,,,,,,290K,5.151E+18,-0.0006,-9.28074E-05,-0.0031,-0.000507365,-0.000300086,0.000207279,,,,,,,,,290K,5.508E+18,0.00227,0.002075713,,,0.01098,0.011687068,0.00233,0.002691464,0.00194,0.001993219,0.004611866,0.004727078,,,,,,,,,290K,5.151E+18,0.00074,0.000853026,,,,4.74054E-05,0.000255041,9.34723E-05,,1.32E-04,,,,,,2.56516E-05,0.000140233,8.29425E-05,,,,0.000578144,,0.003255175,0.000749648,0.000555167,0.000663896,,,,0.000237592,,,,,,,,,,,,,,,,,,,,,,,,
,,,,300K,5.67E+18,,,,,,,,,,,,,,,,,,,,,,,,,300K,5.3025E+18,0.0007,0.000108275,-0.0061,-0.000998363,-0.000445044,0.000553319,,,,,,,,,300K,5.67E+18,,,,,0.00966,0.010282065,0.00234,0.002703015,0.0008,0.000821946,0.004602342,0.005007898,,,,,,,,,300K,5.3025E+18,0.00063,0.000726225,,,,,,,,,,,,,,2.99268E-05,0.000275943,0.000152935,,,,,,0.002863843,0.000752865,0.000228935,0.000752865,,,,0.000202274,,,,,,,,,,,,,,,,,,,,,,,,
,,,,310K,5.832E+18,-0.0013,-0.000201145,-0.00354,-0.000657504,-0.00042,-7.30308E-05,,,,,-0.00031056,0.000307215,,,,,,,,,,,,,310K,5.454E+18,0.0011,0.000170147,-0.0061,-0.000998363,-0.000414108,0.000584255,,,,,,,,,310K,5.832E+18,0.00293,0.002679225,,,0.01122,0.011942523,0.00299,0.003453852,0.00276,0.002835714,0.005227828,0.004488938,,,,,,,,,310K,5.454E+18,0.00328,0.00378098,,,,5.60245E-05,0.000183133,2.03411E-05,,8.65E-05,,,,,,4.70279E-05,0.000275943,0.000161486,,,,0.000746239,,0.003326327,0.000961995,0.000789826,0.000854117,,,,0.001053109,,,,,,,,,,,,,,,,,,,,,,,,
